block,component,output,absolute_time_index,block_time_index,scenario_index,value,basis_status
0,gen1,p,0,0,0,3878,Basic
0,gen1,p,1,1,0,3572,Basic
0,gen1,p,2,2,0,3394,Basic
0,gen1,p,3,3,0,3348,Basic
0,gen1,p,4,4,0,3395,Basic
0,gen1,p,5,5,0,3672,Basic
0,gen1,p,6,6,0,4093,Basic
0,gen1,p,7,7,0,4529,Basic
0,gen1,p,8,8,0,4587,Basic
0,gen1,p,9,9,0,4723,Basic
0,gen1,p,10,10,0,4893,Basic
0,gen1,p,11,11,0,4794,Basic
0,gen1,p,12,12,0,4765,Basic
0,gen1,p,13,13,0,4329,Basic
0,gen1,p,14,14,0,4155,Basic
0,gen1,p,15,15,0,4186,Basic
0,gen1,p,16,16,0,4034,Basic
0,gen1,p,17,17,0,4543,Basic
0,gen1,p,18,18,0,5213,Basic
0,gen1,p,19,19,0,5216,Basic
0,gen1,p,20,20,0,4978,Basic
0,gen1,p,21,21,0,4578,Basic
0,gen1,p,22,22,0,4535,Basic
0,gen1,p,23,23,0,4283,Basic
0,gen1,p,24,24,0,4044,Basic
0,gen1,p,25,25,0,3960,Basic
0,gen1,p,26,26,0,3696,Basic
0,gen1,p,27,27,0,3815,Basic
0,gen1,p,28,28,0,3990,Basic
0,gen1,p,29,29,0,4341,Basic
0,gen1,p,30,30,0,4869,Basic
0,gen1,p,31,31,0,5467,Basic
0,gen1,p,32,32,0,5577,Basic
0,gen1,p,33,33,0,5952,Basic
0,gen1,p,34,34,0,5828,Basic
0,gen1,p,35,35,0,5812,Basic
0,gen1,p,36,36,0,5851,Basic
0,gen1,p,37,37,0,5470,Basic
0,gen1,p,38,38,0,5266,Basic
0,gen1,p,39,39,0,5134,Basic
0,gen1,p,40,40,0,5069,Basic
0,gen1,p,41,41,0,5465,Basic
0,gen1,p,42,42,0,5790,Basic
0,gen1,p,43,43,0,5643,Basic
0,gen1,p,44,44,0,5161,Basic
0,gen1,p,45,45,0,5025,Basic
0,gen1,p,46,46,0,5244,Basic
0,gen1,p,47,47,0,5242,Basic
0,gen1,p,48,48,0,4874,Basic
0,gen1,p,49,49,0,4358,Basic
0,gen1,p,50,50,0,4044,Basic
0,gen1,p,51,51,0,3951,Basic
0,gen1,p,52,52,0,3796,Basic
0,gen1,p,53,53,0,4093,Basic
0,gen1,p,54,54,0,4746,Basic
0,gen1,p,55,55,0,5318,Basic
0,gen1,p,56,56,0,5568,Basic
0,gen1,p,57,57,0,5597,Basic
0,gen1,p,58,58,0,5483,Basic
0,gen1,p,59,59,0,5527,Basic
0,gen1,p,60,60,0,5437,Basic
0,gen1,p,61,61,0,4993,Basic
0,gen1,p,62,62,0,4872,Basic
0,gen1,p,63,63,0,4672,Basic
0,gen1,p,64,64,0,4858,Basic
0,gen1,p,65,65,0,5118,Basic
0,gen1,p,66,66,0,5433,Basic
0,gen1,p,67,67,0,5186,Basic
0,gen1,p,68,68,0,4408,Basic
0,gen1,p,69,69,0,4146,Basic
0,gen1,p,70,70,0,4309,Basic
0,gen1,p,71,71,0,4184,Basic
0,gen1,p,72,72,0,3916,Basic
0,gen1,p,73,73,0,3310,Basic
0,gen1,p,74,74,0,3192,Basic
0,gen1,p,75,75,0,3027,Basic
0,gen1,p,76,76,0,2980,Basic
0,gen1,p,77,77,0,2987,Basic
0,gen1,p,78,78,0,3372,Basic
0,gen1,p,79,79,0,3621,Basic
0,gen1,p,80,80,0,3925,Basic
0,gen1,p,81,81,0,4451,Basic
0,gen1,p,82,82,0,4302,Basic
0,gen1,p,83,83,0,4487,Basic
0,gen1,p,84,84,0,4267,Basic
0,gen1,p,85,85,0,3925,Basic
0,gen1,p,86,86,0,3735,Basic
0,gen1,p,87,87,0,3623,Basic
0,gen1,p,88,88,0,3577,Basic
0,gen1,p,89,89,0,4059,Basic
0,gen1,p,90,90,0,4361,Basic
0,gen1,p,91,91,0,4214,Basic
0,gen1,p,92,92,0,4031,Basic
0,gen1,p,93,93,0,3831,Basic
0,gen1,p,94,94,0,4174,Basic
0,gen1,p,95,95,0,4116,Basic
0,gen1,p,96,96,0,3855,Basic
0,gen1,p,97,97,0,3584,Basic
0,gen1,p,98,98,0,3626,Basic
0,gen1,p,99,99,0,3674,Basic
0,gen1,p,100,100,0,3588,Basic
0,gen1,p,101,101,0,3891,Basic
0,gen1,p,102,102,0,4268,Basic
0,gen1,p,103,103,0,4981,Basic
0,gen1,p,104,104,0,5238,Basic
0,gen1,p,105,105,0,5183,Basic
0,gen1,p,106,106,0,5215,Basic
0,gen1,p,107,107,0,5034,Basic
0,gen1,p,108,108,0,4907,Basic
0,gen1,p,109,109,0,4545,Basic
0,gen1,p,110,110,0,4270,Basic
0,gen1,p,111,111,0,3911,Basic
0,gen1,p,112,112,0,4095,Basic
0,gen1,p,113,113,0,4570,Basic
0,gen1,p,114,114,0,4844,Basic
0,gen1,p,115,115,0,4786,Basic
0,gen1,p,116,116,0,4098,Basic
0,gen1,p,117,117,0,3395,Basic
0,gen1,p,118,118,0,3279,Basic
0,gen1,p,119,119,0,3366,Basic
0,gen1,p,120,120,0,3010,Basic
0,gen1,p,121,121,0,2541,Basic
0,gen1,p,122,122,0,2318,Basic
0,gen1,p,123,123,0,1884,Basic
0,gen1,p,124,124,0,1826,Basic
0,gen1,p,125,125,0,1982,Basic
0,gen1,p,126,126,0,2253,Basic
0,gen1,p,127,127,0,2609,Basic
0,gen1,p,128,128,0,3250,Basic
0,gen1,p,129,129,0,3790,Basic
0,gen1,p,130,130,0,3812,Basic
0,gen1,p,131,131,0,3930,Basic
0,gen1,p,132,132,0,3836,Basic
0,gen1,p,133,133,0,3603,Basic
0,gen1,p,134,134,0,3439,Basic
0,gen1,p,135,135,0,3601,Basic
0,gen1,p,136,136,0,3536,Basic
0,gen1,p,137,137,0,3585,Basic
0,gen1,p,138,138,0,3655,Basic
0,gen1,p,139,139,0,3877,Basic
0,gen1,p,140,140,0,3389,Basic
0,gen1,p,141,141,0,3491,Basic
0,gen1,p,142,142,0,4023,Basic
0,gen1,p,143,143,0,4478,Basic
0,gen1,p,144,144,0,4058,Basic
0,gen1,p,145,145,0,3665,Basic
0,gen1,p,146,146,0,3344,Basic
0,gen1,p,147,147,0,2908,Basic
0,gen1,p,148,148,0,2712,Basic
0,gen1,p,149,149,0,2627,Basic
0,gen1,p,150,150,0,3006,Basic
0,gen1,p,151,151,0,3049,Basic
0,gen1,p,152,152,0,3111,Basic
0,gen1,p,153,153,0,3356,Basic
0,gen1,p,154,154,0,3637,Basic
0,gen1,p,155,155,0,3854,Basic
0,gen1,p,156,156,0,4314,Basic
0,gen1,p,157,157,0,4220,Basic
0,gen1,p,158,158,0,4236,Basic
0,gen1,p,159,159,0,4271,Basic
0,gen1,p,160,160,0,4151,Basic
0,gen1,p,161,161,0,4566,Basic
0,gen1,p,162,162,0,4960,Basic
0,gen1,p,163,163,0,4965,Basic
0,gen1,p,164,164,0,4783,Basic
0,gen1,p,165,165,0,4561,Basic
0,gen1,p,166,166,0,4546,Basic
0,gen1,p,167,167,0,4314,Basic
0,gen1,generation.flow_field,0,0,0,3878,None
0,gen1,generation.flow_field,1,1,0,3572,None
0,gen1,generation.flow_field,2,2,0,3394,None
0,gen1,generation.flow_field,3,3,0,3348,None
0,gen1,generation.flow_field,4,4,0,3395,None
0,gen1,generation.flow_field,5,5,0,3672,None
0,gen1,generation.flow_field,6,6,0,4093,None
0,gen1,generation.flow_field,7,7,0,4529,None
0,gen1,generation.flow_field,8,8,0,4587,None
0,gen1,generation.flow_field,9,9,0,4723,None
0,gen1,generation.flow_field,10,10,0,4893,None
0,gen1,generation.flow_field,11,11,0,4794,None
0,gen1,generation.flow_field,12,12,0,4765,None
0,gen1,generation.flow_field,13,13,0,4329,None
0,gen1,generation.flow_field,14,14,0,4155,None
0,gen1,generation.flow_field,15,15,0,4186,None
0,gen1,generation.flow_field,16,16,0,4034,None
0,gen1,generation.flow_field,17,17,0,4543,None
0,gen1,generation.flow_field,18,18,0,5213,None
0,gen1,generation.flow_field,19,19,0,5216,None
0,gen1,generation.flow_field,20,20,0,4978,None
0,gen1,generation.flow_field,21,21,0,4578,None
0,gen1,generation.flow_field,22,22,0,4535,None
0,gen1,generation.flow_field,23,23,0,4283,None
0,gen1,generation.flow_field,24,24,0,4044,None
0,gen1,generation.flow_field,25,25,0,3960,None
0,gen1,generation.flow_field,26,26,0,3696,None
0,gen1,generation.flow_field,27,27,0,3815,None
0,gen1,generation.flow_field,28,28,0,3990,None
0,gen1,generation.flow_field,29,29,0,4341,None
0,gen1,generation.flow_field,30,30,0,4869,None
0,gen1,generation.flow_field,31,31,0,5467,None
0,gen1,generation.flow_field,32,32,0,5577,None
0,gen1,generation.flow_field,33,33,0,5952,None
0,gen1,generation.flow_field,34,34,0,5828,None
0,gen1,generation.flow_field,35,35,0,5812,None
0,gen1,generation.flow_field,36,36,0,5851,None
0,gen1,generation.flow_field,37,37,0,5470,None
0,gen1,generation.flow_field,38,38,0,5266,None
0,gen1,generation.flow_field,39,39,0,5134,None
0,gen1,generation.flow_field,40,40,0,5069,None
0,gen1,generation.flow_field,41,41,0,5465,None
0,gen1,generation.flow_field,42,42,0,5790,None
0,gen1,generation.flow_field,43,43,0,5643,None
0,gen1,generation.flow_field,44,44,0,5161,None
0,gen1,generation.flow_field,45,45,0,5025,None
0,gen1,generation.flow_field,46,46,0,5244,None
0,gen1,generation.flow_field,47,47,0,5242,None
0,gen1,generation.flow_field,48,48,0,4874,None
0,gen1,generation.flow_field,49,49,0,4358,None
0,gen1,generation.flow_field,50,50,0,4044,None
0,gen1,generation.flow_field,51,51,0,3951,None
0,gen1,generation.flow_field,52,52,0,3796,None
0,gen1,generation.flow_field,53,53,0,4093,None
0,gen1,generation.flow_field,54,54,0,4746,None
0,gen1,generation.flow_field,55,55,0,5318,None
0,gen1,generation.flow_field,56,56,0,5568,None
0,gen1,generation.flow_field,57,57,0,5597,None
0,gen1,generation.flow_field,58,58,0,5483,None
0,gen1,generation.flow_field,59,59,0,5527,None
0,gen1,generation.flow_field,60,60,0,5437,None
0,gen1,generation.flow_field,61,61,0,4993,None
0,gen1,generation.flow_field,62,62,0,4872,None
0,gen1,generation.flow_field,63,63,0,4672,None
0,gen1,generation.flow_field,64,64,0,4858,None
0,gen1,generation.flow_field,65,65,0,5118,None
0,gen1,generation.flow_field,66,66,0,5433,None
0,gen1,generation.flow_field,67,67,0,5186,None
0,gen1,generation.flow_field,68,68,0,4408,None
0,gen1,generation.flow_field,69,69,0,4146,None
0,gen1,generation.flow_field,70,70,0,4309,None
0,gen1,generation.flow_field,71,71,0,4184,None
0,gen1,generation.flow_field,72,72,0,3916,None
0,gen1,generation.flow_field,73,73,0,3310,None
0,gen1,generation.flow_field,74,74,0,3192,None
0,gen1,generation.flow_field,75,75,0,3027,None
0,gen1,generation.flow_field,76,76,0,2980,None
0,gen1,generation.flow_field,77,77,0,2987,None
0,gen1,generation.flow_field,78,78,0,3372,None
0,gen1,generation.flow_field,79,79,0,3621,None
0,gen1,generation.flow_field,80,80,0,3925,None
0,gen1,generation.flow_field,81,81,0,4451,None
0,gen1,generation.flow_field,82,82,0,4302,None
0,gen1,generation.flow_field,83,83,0,4487,None
0,gen1,generation.flow_field,84,84,0,4267,None
0,gen1,generation.flow_field,85,85,0,3925,None
0,gen1,generation.flow_field,86,86,0,3735,None
0,gen1,generation.flow_field,87,87,0,3623,None
0,gen1,generation.flow_field,88,88,0,3577,None
0,gen1,generation.flow_field,89,89,0,4059,None
0,gen1,generation.flow_field,90,90,0,4361,None
0,gen1,generation.flow_field,91,91,0,4214,None
0,gen1,generation.flow_field,92,92,0,4031,None
0,gen1,generation.flow_field,93,93,0,3831,None
0,gen1,generation.flow_field,94,94,0,4174,None
0,gen1,generation.flow_field,95,95,0,4116,None
0,gen1,generation.flow_field,96,96,0,3855,None
0,gen1,generation.flow_field,97,97,0,3584,None
0,gen1,generation.flow_field,98,98,0,3626,None
0,gen1,generation.flow_field,99,99,0,3674,None
0,gen1,generation.flow_field,100,100,0,3588,None
0,gen1,generation.flow_field,101,101,0,3891,None
0,gen1,generation.flow_field,102,102,0,4268,None
0,gen1,generation.flow_field,103,103,0,4981,None
0,gen1,generation.flow_field,104,104,0,5238,None
0,gen1,generation.flow_field,105,105,0,5183,None
0,gen1,generation.flow_field,106,106,0,5215,None
0,gen1,generation.flow_field,107,107,0,5034,None
0,gen1,generation.flow_field,108,108,0,4907,None
0,gen1,generation.flow_field,109,109,0,4545,None
0,gen1,generation.flow_field,110,110,0,4270,None
0,gen1,generation.flow_field,111,111,0,3911,None
0,gen1,generation.flow_field,112,112,0,4095,None
0,gen1,generation.flow_field,113,113,0,4570,None
0,gen1,generation.flow_field,114,114,0,4844,None
0,gen1,generation.flow_field,115,115,0,4786,None
0,gen1,generation.flow_field,116,116,0,4098,None
0,gen1,generation.flow_field,117,117,0,3395,None
0,gen1,generation.flow_field,118,118,0,3279,None
0,gen1,generation.flow_field,119,119,0,3366,None
0,gen1,generation.flow_field,120,120,0,3010,None
0,gen1,generation.flow_field,121,121,0,2541,None
0,gen1,generation.flow_field,122,122,0,2318,None
0,gen1,generation.flow_field,123,123,0,1884,None
0,gen1,generation.flow_field,124,124,0,1826,None
0,gen1,generation.flow_field,125,125,0,1982,None
0,gen1,generation.flow_field,126,126,0,2253,None
0,gen1,generation.flow_field,127,127,0,2609,None
0,gen1,generation.flow_field,128,128,0,3250,None
0,gen1,generation.flow_field,129,129,0,3790,None
0,gen1,generation.flow_field,130,130,0,3812,None
0,gen1,generation.flow_field,131,131,0,3930,None
0,gen1,generation.flow_field,132,132,0,3836,None
0,gen1,generation.flow_field,133,133,0,3603,None
0,gen1,generation.flow_field,134,134,0,3439,None
0,gen1,generation.flow_field,135,135,0,3601,None
0,gen1,generation.flow_field,136,136,0,3536,None
0,gen1,generation.flow_field,137,137,0,3585,None
0,gen1,generation.flow_field,138,138,0,3655,None
0,gen1,generation.flow_field,139,139,0,3877,None
0,gen1,generation.flow_field,140,140,0,3389,None
0,gen1,generation.flow_field,141,141,0,3491,None
0,gen1,generation.flow_field,142,142,0,4023,None
0,gen1,generation.flow_field,143,143,0,4478,None
0,gen1,generation.flow_field,144,144,0,4058,None
0,gen1,generation.flow_field,145,145,0,3665,None
0,gen1,generation.flow_field,146,146,0,3344,None
0,gen1,generation.flow_field,147,147,0,2908,None
0,gen1,generation.flow_field,148,148,0,2712,None
0,gen1,generation.flow_field,149,149,0,2627,None
0,gen1,generation.flow_field,150,150,0,3006,None
0,gen1,generation.flow_field,151,151,0,3049,None
0,gen1,generation.flow_field,152,152,0,3111,None
0,gen1,generation.flow_field,153,153,0,3356,None
0,gen1,generation.flow_field,154,154,0,3637,None
0,gen1,generation.flow_field,155,155,0,3854,None
0,gen1,generation.flow_field,156,156,0,4314,None
0,gen1,generation.flow_field,157,157,0,4220,None
0,gen1,generation.flow_field,158,158,0,4236,None
0,gen1,generation.flow_field,159,159,0,4271,None
0,gen1,generation.flow_field,160,160,0,4151,None
0,gen1,generation.flow_field,161,161,0,4566,None
0,gen1,generation.flow_field,162,162,0,4960,None
0,gen1,generation.flow_field,163,163,0,4965,None
0,gen1,generation.flow_field,164,164,0,4783,None
0,gen1,generation.flow_field,165,165,0,4561,None
0,gen1,generation.flow_field,166,166,0,4546,None
0,gen1,generation.flow_field,167,167,0,4314,None
0,None,OBJECTIVE_VALUE,None,None,0,211497.8999999999,None
0,area_thermal_default,generation_power,0,0,0,0,None
0,area_node,unsupplied_energy,0,0,0,0,None
0,area_node,spilled_energy,0,0,0,0,None
0,area_thermal_default,generation_power,1,1,0,0,None
0,area_node,unsupplied_energy,1,1,0,0,None
0,area_node,spilled_energy,1,1,0,0,None
0,area_thermal_default,generation_power,2,2,0,0,None
0,area_node,unsupplied_energy,2,2,0,0,None
0,area_node,spilled_energy,2,2,0,0,None
0,area_thermal_default,generation_power,3,3,0,0,None
0,area_node,unsupplied_energy,3,3,0,0,None
0,area_node,spilled_energy,3,3,0,0,None
0,area_thermal_default,generation_power,4,4,0,0,None
0,area_node,unsupplied_energy,4,4,0,0,None
0,area_node,spilled_energy,4,4,0,0,None
0,area_thermal_default,generation_power,5,5,0,0,None
0,area_node,unsupplied_energy,5,5,0,0,None
0,area_node,spilled_energy,5,5,0,0,None
0,area_thermal_default,generation_power,6,6,0,0,None
0,area_node,unsupplied_energy,6,6,0,0,None
0,area_node,spilled_energy,6,6,0,0,None
0,area_thermal_default,generation_power,7,7,0,0,None
0,area_node,unsupplied_energy,7,7,0,0,None
0,area_node,spilled_energy,7,7,0,0,None
0,area_thermal_default,generation_power,8,8,0,0,None
0,area_node,unsupplied_energy,8,8,0,0,None
0,area_node,spilled_energy,8,8,0,0,None
0,area_thermal_default,generation_power,9,9,0,0,None
0,area_node,unsupplied_energy,9,9,0,0,None
0,area_node,spilled_energy,9,9,0,0,None
0,area_thermal_default,generation_power,10,10,0,0,None
0,area_node,unsupplied_energy,10,10,0,0,None
0,area_node,spilled_energy,10,10,0,0,None
0,area_thermal_default,generation_power,11,11,0,0,None
0,area_node,unsupplied_energy,11,11,0,0,None
0,area_node,spilled_energy,11,11,0,0,None
0,area_thermal_default,generation_power,12,12,0,0,None
0,area_node,unsupplied_energy,12,12,0,0,None
0,area_node,spilled_energy,12,12,0,0,None
0,area_thermal_default,generation_power,13,13,0,0,None
0,area_node,unsupplied_energy,13,13,0,0,None
0,area_node,spilled_energy,13,13,0,0,None
0,area_thermal_default,generation_power,14,14,0,0,None
0,area_node,unsupplied_energy,14,14,0,0,None
0,area_node,spilled_energy,14,14,0,0,None
0,area_thermal_default,generation_power,15,15,0,0,None
0,area_node,unsupplied_energy,15,15,0,0,None
0,area_node,spilled_energy,15,15,0,0,None
0,area_thermal_default,generation_power,16,16,0,0,None
0,area_node,unsupplied_energy,16,16,0,0,None
0,area_node,spilled_energy,16,16,0,0,None
0,area_thermal_default,generation_power,17,17,0,0,None
0,area_node,unsupplied_energy,17,17,0,0,None
0,area_node,spilled_energy,17,17,0,0,None
0,area_thermal_default,generation_power,18,18,0,0,None
0,area_node,unsupplied_energy,18,18,0,0,None
0,area_node,spilled_energy,18,18,0,0,None
0,area_thermal_default,generation_power,19,19,0,0,None
0,area_node,unsupplied_energy,19,19,0,0,None
0,area_node,spilled_energy,19,19,0,0,None
0,area_thermal_default,generation_power,20,20,0,0,None
0,area_node,unsupplied_energy,20,20,0,0,None
0,area_node,spilled_energy,20,20,0,0,None
0,area_thermal_default,generation_power,21,21,0,0,None
0,area_node,unsupplied_energy,21,21,0,0,None
0,area_node,spilled_energy,21,21,0,0,None
0,area_thermal_default,generation_power,22,22,0,0,None
0,area_node,unsupplied_energy,22,22,0,0,None
0,area_node,spilled_energy,22,22,0,0,None
0,area_thermal_default,generation_power,23,23,0,0,None
0,area_node,unsupplied_energy,23,23,0,0,None
0,area_node,spilled_energy,23,23,0,0,None
0,area_thermal_default,generation_power,24,24,0,0,None
0,area_node,unsupplied_energy,24,24,0,0,None
0,area_node,spilled_energy,24,24,0,0,None
0,area_thermal_default,generation_power,25,25,0,0,None
0,area_node,unsupplied_energy,25,25,0,0,None
0,area_node,spilled_energy,25,25,0,0,None
0,area_thermal_default,generation_power,26,26,0,0,None
0,area_node,unsupplied_energy,26,26,0,0,None
0,area_node,spilled_energy,26,26,0,0,None
0,area_thermal_default,generation_power,27,27,0,0,None
0,area_node,unsupplied_energy,27,27,0,0,None
0,area_node,spilled_energy,27,27,0,0,None
0,area_thermal_default,generation_power,28,28,0,0,None
0,area_node,unsupplied_energy,28,28,0,0,None
0,area_node,spilled_energy,28,28,0,0,None
0,area_thermal_default,generation_power,29,29,0,0,None
0,area_node,unsupplied_energy,29,29,0,0,None
0,area_node,spilled_energy,29,29,0,0,None
0,area_thermal_default,generation_power,30,30,0,0,None
0,area_node,unsupplied_energy,30,30,0,0,None
0,area_node,spilled_energy,30,30,0,0,None
0,area_thermal_default,generation_power,31,31,0,0,None
0,area_node,unsupplied_energy,31,31,0,0,None
0,area_node,spilled_energy,31,31,0,0,None
0,area_thermal_default,generation_power,32,32,0,0,None
0,area_node,unsupplied_energy,32,32,0,0,None
0,area_node,spilled_energy,32,32,0,0,None
0,area_thermal_default,generation_power,33,33,0,0,None
0,area_node,unsupplied_energy,33,33,0,0,None
0,area_node,spilled_energy,33,33,0,0,None
0,area_thermal_default,generation_power,34,34,0,0,None
0,area_node,unsupplied_energy,34,34,0,0,None
0,area_node,spilled_energy,34,34,0,0,None
0,area_thermal_default,generation_power,35,35,0,0,None
0,area_node,unsupplied_energy,35,35,0,0,None
0,area_node,spilled_energy,35,35,0,0,None
0,area_thermal_default,generation_power,36,36,0,0,None
0,area_node,unsupplied_energy,36,36,0,0,None
0,area_node,spilled_energy,36,36,0,0,None
0,area_thermal_default,generation_power,37,37,0,0,None
0,area_node,unsupplied_energy,37,37,0,0,None
0,area_node,spilled_energy,37,37,0,0,None
0,area_thermal_default,generation_power,38,38,0,0,None
0,area_node,unsupplied_energy,38,38,0,0,None
0,area_node,spilled_energy,38,38,0,0,None
0,area_thermal_default,generation_power,39,39,0,0,None
0,area_node,unsupplied_energy,39,39,0,0,None
0,area_node,spilled_energy,39,39,0,0,None
0,area_thermal_default,generation_power,40,40,0,0,None
0,area_node,unsupplied_energy,40,40,0,0,None
0,area_node,spilled_energy,40,40,0,0,None
0,area_thermal_default,generation_power,41,41,0,0,None
0,area_node,unsupplied_energy,41,41,0,0,None
0,area_node,spilled_energy,41,41,0,0,None
0,area_thermal_default,generation_power,42,42,0,0,None
0,area_node,unsupplied_energy,42,42,0,0,None
0,area_node,spilled_energy,42,42,0,0,None
0,area_thermal_default,generation_power,43,43,0,0,None
0,area_node,unsupplied_energy,43,43,0,0,None
0,area_node,spilled_energy,43,43,0,0,None
0,area_thermal_default,generation_power,44,44,0,0,None
0,area_node,unsupplied_energy,44,44,0,0,None
0,area_node,spilled_energy,44,44,0,0,None
0,area_thermal_default,generation_power,45,45,0,0,None
0,area_node,unsupplied_energy,45,45,0,0,None
0,area_node,spilled_energy,45,45,0,0,None
0,area_thermal_default,generation_power,46,46,0,0,None
0,area_node,unsupplied_energy,46,46,0,0,None
0,area_node,spilled_energy,46,46,0,0,None
0,area_thermal_default,generation_power,47,47,0,0,None
0,area_node,unsupplied_energy,47,47,0,0,None
0,area_node,spilled_energy,47,47,0,0,None
0,area_thermal_default,generation_power,48,48,0,0,None
0,area_node,unsupplied_energy,48,48,0,0,None
0,area_node,spilled_energy,48,48,0,0,None
0,area_thermal_default,generation_power,49,49,0,0,None
0,area_node,unsupplied_energy,49,49,0,0,None
0,area_node,spilled_energy,49,49,0,0,None
0,area_thermal_default,generation_power,50,50,0,0,None
0,area_node,unsupplied_energy,50,50,0,0,None
0,area_node,spilled_energy,50,50,0,0,None
0,area_thermal_default,generation_power,51,51,0,0,None
0,area_node,unsupplied_energy,51,51,0,0,None
0,area_node,spilled_energy,51,51,0,0,None
0,area_thermal_default,generation_power,52,52,0,0,None
0,area_node,unsupplied_energy,52,52,0,0,None
0,area_node,spilled_energy,52,52,0,0,None
0,area_thermal_default,generation_power,53,53,0,0,None
0,area_node,unsupplied_energy,53,53,0,0,None
0,area_node,spilled_energy,53,53,0,0,None
0,area_thermal_default,generation_power,54,54,0,0,None
0,area_node,unsupplied_energy,54,54,0,0,None
0,area_node,spilled_energy,54,54,0,0,None
0,area_thermal_default,generation_power,55,55,0,0,None
0,area_node,unsupplied_energy,55,55,0,0,None
0,area_node,spilled_energy,55,55,0,0,None
0,area_thermal_default,generation_power,56,56,0,0,None
0,area_node,unsupplied_energy,56,56,0,0,None
0,area_node,spilled_energy,56,56,0,0,None
0,area_thermal_default,generation_power,57,57,0,0,None
0,area_node,unsupplied_energy,57,57,0,0,None
0,area_node,spilled_energy,57,57,0,0,None
0,area_thermal_default,generation_power,58,58,0,0,None
0,area_node,unsupplied_energy,58,58,0,0,None
0,area_node,spilled_energy,58,58,0,0,None
0,area_thermal_default,generation_power,59,59,0,0,None
0,area_node,unsupplied_energy,59,59,0,0,None
0,area_node,spilled_energy,59,59,0,0,None
0,area_thermal_default,generation_power,60,60,0,0,None
0,area_node,unsupplied_energy,60,60,0,0,None
0,area_node,spilled_energy,60,60,0,0,None
0,area_thermal_default,generation_power,61,61,0,0,None
0,area_node,unsupplied_energy,61,61,0,0,None
0,area_node,spilled_energy,61,61,0,0,None
0,area_thermal_default,generation_power,62,62,0,0,None
0,area_node,unsupplied_energy,62,62,0,0,None
0,area_node,spilled_energy,62,62,0,0,None
0,area_thermal_default,generation_power,63,63,0,0,None
0,area_node,unsupplied_energy,63,63,0,0,None
0,area_node,spilled_energy,63,63,0,0,None
0,area_thermal_default,generation_power,64,64,0,0,None
0,area_node,unsupplied_energy,64,64,0,0,None
0,area_node,spilled_energy,64,64,0,0,None
0,area_thermal_default,generation_power,65,65,0,0,None
0,area_node,unsupplied_energy,65,65,0,0,None
0,area_node,spilled_energy,65,65,0,0,None
0,area_thermal_default,generation_power,66,66,0,0,None
0,area_node,unsupplied_energy,66,66,0,0,None
0,area_node,spilled_energy,66,66,0,0,None
0,area_thermal_default,generation_power,67,67,0,0,None
0,area_node,unsupplied_energy,67,67,0,0,None
0,area_node,spilled_energy,67,67,0,0,None
0,area_thermal_default,generation_power,68,68,0,0,None
0,area_node,unsupplied_energy,68,68,0,0,None
0,area_node,spilled_energy,68,68,0,0,None
0,area_thermal_default,generation_power,69,69,0,0,None
0,area_node,unsupplied_energy,69,69,0,0,None
0,area_node,spilled_energy,69,69,0,0,None
0,area_thermal_default,generation_power,70,70,0,0,None
0,area_node,unsupplied_energy,70,70,0,0,None
0,area_node,spilled_energy,70,70,0,0,None
0,area_thermal_default,generation_power,71,71,0,0,None
0,area_node,unsupplied_energy,71,71,0,0,None
0,area_node,spilled_energy,71,71,0,0,None
0,area_thermal_default,generation_power,72,72,0,0,None
0,area_node,unsupplied_energy,72,72,0,0,None
0,area_node,spilled_energy,72,72,0,0,None
0,area_thermal_default,generation_power,73,73,0,0,None
0,area_node,unsupplied_energy,73,73,0,0,None
0,area_node,spilled_energy,73,73,0,0,None
0,area_thermal_default,generation_power,74,74,0,0,None
0,area_node,unsupplied_energy,74,74,0,0,None
0,area_node,spilled_energy,74,74,0,0,None
0,area_thermal_default,generation_power,75,75,0,0,None
0,area_node,unsupplied_energy,75,75,0,0,None
0,area_node,spilled_energy,75,75,0,0,None
0,area_thermal_default,generation_power,76,76,0,0,None
0,area_node,unsupplied_energy,76,76,0,0,None
0,area_node,spilled_energy,76,76,0,0,None
0,area_thermal_default,generation_power,77,77,0,0,None
0,area_node,unsupplied_energy,77,77,0,0,None
0,area_node,spilled_energy,77,77,0,0,None
0,area_thermal_default,generation_power,78,78,0,0,None
0,area_node,unsupplied_energy,78,78,0,0,None
0,area_node,spilled_energy,78,78,0,0,None
0,area_thermal_default,generation_power,79,79,0,0,None
0,area_node,unsupplied_energy,79,79,0,0,None
0,area_node,spilled_energy,79,79,0,0,None
0,area_thermal_default,generation_power,80,80,0,0,None
0,area_node,unsupplied_energy,80,80,0,0,None
0,area_node,spilled_energy,80,80,0,0,None
0,area_thermal_default,generation_power,81,81,0,0,None
0,area_node,unsupplied_energy,81,81,0,0,None
0,area_node,spilled_energy,81,81,0,0,None
0,area_thermal_default,generation_power,82,82,0,0,None
0,area_node,unsupplied_energy,82,82,0,0,None
0,area_node,spilled_energy,82,82,0,0,None
0,area_thermal_default,generation_power,83,83,0,0,None
0,area_node,unsupplied_energy,83,83,0,0,None
0,area_node,spilled_energy,83,83,0,0,None
0,area_thermal_default,generation_power,84,84,0,0,None
0,area_node,unsupplied_energy,84,84,0,0,None
0,area_node,spilled_energy,84,84,0,0,None
0,area_thermal_default,generation_power,85,85,0,0,None
0,area_node,unsupplied_energy,85,85,0,0,None
0,area_node,spilled_energy,85,85,0,0,None
0,area_thermal_default,generation_power,86,86,0,0,None
0,area_node,unsupplied_energy,86,86,0,0,None
0,area_node,spilled_energy,86,86,0,0,None
0,area_thermal_default,generation_power,87,87,0,0,None
0,area_node,unsupplied_energy,87,87,0,0,None
0,area_node,spilled_energy,87,87,0,0,None
0,area_thermal_default,generation_power,88,88,0,0,None
0,area_node,unsupplied_energy,88,88,0,0,None
0,area_node,spilled_energy,88,88,0,0,None
0,area_thermal_default,generation_power,89,89,0,0,None
0,area_node,unsupplied_energy,89,89,0,0,None
0,area_node,spilled_energy,89,89,0,0,None
0,area_thermal_default,generation_power,90,90,0,0,None
0,area_node,unsupplied_energy,90,90,0,0,None
0,area_node,spilled_energy,90,90,0,0,None
0,area_thermal_default,generation_power,91,91,0,0,None
0,area_node,unsupplied_energy,91,91,0,0,None
0,area_node,spilled_energy,91,91,0,0,None
0,area_thermal_default,generation_power,92,92,0,0,None
0,area_node,unsupplied_energy,92,92,0,0,None
0,area_node,spilled_energy,92,92,0,0,None
0,area_thermal_default,generation_power,93,93,0,0,None
0,area_node,unsupplied_energy,93,93,0,0,None
0,area_node,spilled_energy,93,93,0,0,None
0,area_thermal_default,generation_power,94,94,0,0,None
0,area_node,unsupplied_energy,94,94,0,0,None
0,area_node,spilled_energy,94,94,0,0,None
0,area_thermal_default,generation_power,95,95,0,0,None
0,area_node,unsupplied_energy,95,95,0,0,None
0,area_node,spilled_energy,95,95,0,0,None
0,area_thermal_default,generation_power,96,96,0,0,None
0,area_node,unsupplied_energy,96,96,0,0,None
0,area_node,spilled_energy,96,96,0,0,None
0,area_thermal_default,generation_power,97,97,0,0,None
0,area_node,unsupplied_energy,97,97,0,0,None
0,area_node,spilled_energy,97,97,0,0,None
0,area_thermal_default,generation_power,98,98,0,0,None
0,area_node,unsupplied_energy,98,98,0,0,None
0,area_node,spilled_energy,98,98,0,0,None
0,area_thermal_default,generation_power,99,99,0,0,None
0,area_node,unsupplied_energy,99,99,0,0,None
0,area_node,spilled_energy,99,99,0,0,None
0,area_thermal_default,generation_power,100,100,0,0,None
0,area_node,unsupplied_energy,100,100,0,0,None
0,area_node,spilled_energy,100,100,0,0,None
0,area_thermal_default,generation_power,101,101,0,0,None
0,area_node,unsupplied_energy,101,101,0,0,None
0,area_node,spilled_energy,101,101,0,0,None
0,area_thermal_default,generation_power,102,102,0,0,None
0,area_node,unsupplied_energy,102,102,0,0,None
0,area_node,spilled_energy,102,102,0,0,None
0,area_thermal_default,generation_power,103,103,0,0,None
0,area_node,unsupplied_energy,103,103,0,0,None
0,area_node,spilled_energy,103,103,0,0,None
0,area_thermal_default,generation_power,104,104,0,0,None
0,area_node,unsupplied_energy,104,104,0,0,None
0,area_node,spilled_energy,104,104,0,0,None
0,area_thermal_default,generation_power,105,105,0,0,None
0,area_node,unsupplied_energy,105,105,0,0,None
0,area_node,spilled_energy,105,105,0,0,None
0,area_thermal_default,generation_power,106,106,0,0,None
0,area_node,unsupplied_energy,106,106,0,0,None
0,area_node,spilled_energy,106,106,0,0,None
0,area_thermal_default,generation_power,107,107,0,0,None
0,area_node,unsupplied_energy,107,107,0,0,None
0,area_node,spilled_energy,107,107,0,0,None
0,area_thermal_default,generation_power,108,108,0,0,None
0,area_node,unsupplied_energy,108,108,0,0,None
0,area_node,spilled_energy,108,108,0,0,None
0,area_thermal_default,generation_power,109,109,0,0,None
0,area_node,unsupplied_energy,109,109,0,0,None
0,area_node,spilled_energy,109,109,0,0,None
0,area_thermal_default,generation_power,110,110,0,0,None
0,area_node,unsupplied_energy,110,110,0,0,None
0,area_node,spilled_energy,110,110,0,0,None
0,area_thermal_default,generation_power,111,111,0,0,None
0,area_node,unsupplied_energy,111,111,0,0,None
0,area_node,spilled_energy,111,111,0,0,None
0,area_thermal_default,generation_power,112,112,0,0,None
0,area_node,unsupplied_energy,112,112,0,0,None
0,area_node,spilled_energy,112,112,0,0,None
0,area_thermal_default,generation_power,113,113,0,0,None
0,area_node,unsupplied_energy,113,113,0,0,None
0,area_node,spilled_energy,113,113,0,0,None
0,area_thermal_default,generation_power,114,114,0,0,None
0,area_node,unsupplied_energy,114,114,0,0,None
0,area_node,spilled_energy,114,114,0,0,None
0,area_thermal_default,generation_power,115,115,0,0,None
0,area_node,unsupplied_energy,115,115,0,0,None
0,area_node,spilled_energy,115,115,0,0,None
0,area_thermal_default,generation_power,116,116,0,0,None
0,area_node,unsupplied_energy,116,116,0,0,None
0,area_node,spilled_energy,116,116,0,0,None
0,area_thermal_default,generation_power,117,117,0,0,None
0,area_node,unsupplied_energy,117,117,0,0,None
0,area_node,spilled_energy,117,117,0,0,None
0,area_thermal_default,generation_power,118,118,0,0,None
0,area_node,unsupplied_energy,118,118,0,0,None
0,area_node,spilled_energy,118,118,0,0,None
0,area_thermal_default,generation_power,119,119,0,0,None
0,area_node,unsupplied_energy,119,119,0,0,None
0,area_node,spilled_energy,119,119,0,0,None
0,area_thermal_default,generation_power,120,120,0,0,None
0,area_node,unsupplied_energy,120,120,0,0,None
0,area_node,spilled_energy,120,120,0,0,None
0,area_thermal_default,generation_power,121,121,0,0,None
0,area_node,unsupplied_energy,121,121,0,0,None
0,area_node,spilled_energy,121,121,0,0,None
0,area_thermal_default,generation_power,122,122,0,0,None
0,area_node,unsupplied_energy,122,122,0,0,None
0,area_node,spilled_energy,122,122,0,0,None
0,area_thermal_default,generation_power,123,123,0,0,None
0,area_node,unsupplied_energy,123,123,0,0,None
0,area_node,spilled_energy,123,123,0,0,None
0,area_thermal_default,generation_power,124,124,0,0,None
0,area_node,unsupplied_energy,124,124,0,0,None
0,area_node,spilled_energy,124,124,0,0,None
0,area_thermal_default,generation_power,125,125,0,0,None
0,area_node,unsupplied_energy,125,125,0,0,None
0,area_node,spilled_energy,125,125,0,0,None
0,area_thermal_default,generation_power,126,126,0,0,None
0,area_node,unsupplied_energy,126,126,0,0,None
0,area_node,spilled_energy,126,126,0,0,None
0,area_thermal_default,generation_power,127,127,0,0,None
0,area_node,unsupplied_energy,127,127,0,0,None
0,area_node,spilled_energy,127,127,0,0,None
0,area_thermal_default,generation_power,128,128,0,0,None
0,area_node,unsupplied_energy,128,128,0,0,None
0,area_node,spilled_energy,128,128,0,0,None
0,area_thermal_default,generation_power,129,129,0,0,None
0,area_node,unsupplied_energy,129,129,0,0,None
0,area_node,spilled_energy,129,129,0,0,None
0,area_thermal_default,generation_power,130,130,0,0,None
0,area_node,unsupplied_energy,130,130,0,0,None
0,area_node,spilled_energy,130,130,0,0,None
0,area_thermal_default,generation_power,131,131,0,0,None
0,area_node,unsupplied_energy,131,131,0,0,None
0,area_node,spilled_energy,131,131,0,0,None
0,area_thermal_default,generation_power,132,132,0,0,None
0,area_node,unsupplied_energy,132,132,0,0,None
0,area_node,spilled_energy,132,132,0,0,None
0,area_thermal_default,generation_power,133,133,0,0,None
0,area_node,unsupplied_energy,133,133,0,0,None
0,area_node,spilled_energy,133,133,0,0,None
0,area_thermal_default,generation_power,134,134,0,0,None
0,area_node,unsupplied_energy,134,134,0,0,None
0,area_node,spilled_energy,134,134,0,0,None
0,area_thermal_default,generation_power,135,135,0,0,None
0,area_node,unsupplied_energy,135,135,0,0,None
0,area_node,spilled_energy,135,135,0,0,None
0,area_thermal_default,generation_power,136,136,0,0,None
0,area_node,unsupplied_energy,136,136,0,0,None
0,area_node,spilled_energy,136,136,0,0,None
0,area_thermal_default,generation_power,137,137,0,0,None
0,area_node,unsupplied_energy,137,137,0,0,None
0,area_node,spilled_energy,137,137,0,0,None
0,area_thermal_default,generation_power,138,138,0,0,None
0,area_node,unsupplied_energy,138,138,0,0,None
0,area_node,spilled_energy,138,138,0,0,None
0,area_thermal_default,generation_power,139,139,0,0,None
0,area_node,unsupplied_energy,139,139,0,0,None
0,area_node,spilled_energy,139,139,0,0,None
0,area_thermal_default,generation_power,140,140,0,0,None
0,area_node,unsupplied_energy,140,140,0,0,None
0,area_node,spilled_energy,140,140,0,0,None
0,area_thermal_default,generation_power,141,141,0,0,None
0,area_node,unsupplied_energy,141,141,0,0,None
0,area_node,spilled_energy,141,141,0,0,None
0,area_thermal_default,generation_power,142,142,0,0,None
0,area_node,unsupplied_energy,142,142,0,0,None
0,area_node,spilled_energy,142,142,0,0,None
0,area_thermal_default,generation_power,143,143,0,0,None
0,area_node,unsupplied_energy,143,143,0,0,None
0,area_node,spilled_energy,143,143,0,0,None
0,area_thermal_default,generation_power,144,144,0,0,None
0,area_node,unsupplied_energy,144,144,0,0,None
0,area_node,spilled_energy,144,144,0,0,None
0,area_thermal_default,generation_power,145,145,0,0,None
0,area_node,unsupplied_energy,145,145,0,0,None
0,area_node,spilled_energy,145,145,0,0,None
0,area_thermal_default,generation_power,146,146,0,0,None
0,area_node,unsupplied_energy,146,146,0,0,None
0,area_node,spilled_energy,146,146,0,0,None
0,area_thermal_default,generation_power,147,147,0,0,None
0,area_node,unsupplied_energy,147,147,0,0,None
0,area_node,spilled_energy,147,147,0,0,None
0,area_thermal_default,generation_power,148,148,0,0,None
0,area_node,unsupplied_energy,148,148,0,0,None
0,area_node,spilled_energy,148,148,0,0,None
0,area_thermal_default,generation_power,149,149,0,0,None
0,area_node,unsupplied_energy,149,149,0,0,None
0,area_node,spilled_energy,149,149,0,0,None
0,area_thermal_default,generation_power,150,150,0,0,None
0,area_node,unsupplied_energy,150,150,0,0,None
0,area_node,spilled_energy,150,150,0,0,None
0,area_thermal_default,generation_power,151,151,0,0,None
0,area_node,unsupplied_energy,151,151,0,0,None
0,area_node,spilled_energy,151,151,0,0,None
0,area_thermal_default,generation_power,152,152,0,0,None
0,area_node,unsupplied_energy,152,152,0,0,None
0,area_node,spilled_energy,152,152,0,0,None
0,area_thermal_default,generation_power,153,153,0,0,None
0,area_node,unsupplied_energy,153,153,0,0,None
0,area_node,spilled_energy,153,153,0,0,None
0,area_thermal_default,generation_power,154,154,0,0,None
0,area_node,unsupplied_energy,154,154,0,0,None
0,area_node,spilled_energy,154,154,0,0,None
0,area_thermal_default,generation_power,155,155,0,0,None
0,area_node,unsupplied_energy,155,155,0,0,None
0,area_node,spilled_energy,155,155,0,0,None
0,area_thermal_default,generation_power,156,156,0,0,None
0,area_node,unsupplied_energy,156,156,0,0,None
0,area_node,spilled_energy,156,156,0,0,None
0,area_thermal_default,generation_power,157,157,0,0,None
0,area_node,unsupplied_energy,157,157,0,0,None
0,area_node,spilled_energy,157,157,0,0,None
0,area_thermal_default,generation_power,158,158,0,0,None
0,area_node,unsupplied_energy,158,158,0,0,None
0,area_node,spilled_energy,158,158,0,0,None
0,area_thermal_default,generation_power,159,159,0,0,None
0,area_node,unsupplied_energy,159,159,0,0,None
0,area_node,spilled_energy,159,159,0,0,None
0,area_thermal_default,generation_power,160,160,0,0,None
0,area_node,unsupplied_energy,160,160,0,0,None
0,area_node,spilled_energy,160,160,0,0,None
0,area_thermal_default,generation_power,161,161,0,0,None
0,area_node,unsupplied_energy,161,161,0,0,None
0,area_node,spilled_energy,161,161,0,0,None
0,area_thermal_default,generation_power,162,162,0,0,None
0,area_node,unsupplied_energy,162,162,0,0,None
0,area_node,spilled_energy,162,162,0,0,None
0,area_thermal_default,generation_power,163,163,0,0,None
0,area_node,unsupplied_energy,163,163,0,0,None
0,area_node,spilled_energy,163,163,0,0,None
0,area_thermal_default,generation_power,164,164,0,0,None
0,area_node,unsupplied_energy,164,164,0,0,None
0,area_node,spilled_energy,164,164,0,0,None
0,area_thermal_default,generation_power,165,165,0,0,None
0,area_node,unsupplied_energy,165,165,0,0,None
0,area_node,spilled_energy,165,165,0,0,None
0,area_thermal_default,generation_power,166,166,0,0,None
0,area_node,unsupplied_energy,166,166,0,0,None
0,area_node,spilled_energy,166,166,0,0,None
0,area_thermal_default,generation_power,167,167,0,0,None
0,area_node,unsupplied_energy,167,167,0,0,None
0,area_node,spilled_energy,167,167,0,0,None
0,area_node,imbalance_cost,0,0,0,0,None
0,area_node,is_significant_loss_of_load,0,0,0,0,None
0,area_node,is_loss_of_load,0,0,0,0,None
0,area_load,actual_load,0,0,0,3978,None
0,area_node,price,0,0,0,0.30000000830606033,None
0,area_node,balance_port.price,0,0,0,0.30000000830606033,None
0,area_node,is_near_loss_of_load,0,0,0,0,None
0,area_load,balance_port.flow,0,0,0,-3978,None
0,area_wind,generation_power,0,0,0,100,None
0,area_wind,minus_generation,0,0,0,-100,None
0,area_wind,balance_port.flow,0,0,0,100,None
0,area_solar,generation_power,0,0,0,0,None
0,area_solar,minus_generation,0,0,0,-0,None
0,area_solar,balance_port.flow,0,0,0,0,None
0,area_run_of_river,generation_power,0,0,0,0,None
0,area_run_of_river,minus_generation,0,0,0,-0,None
0,area_run_of_river,balance_port.flow,0,0,0,0,None
0,area_combined_heat_power,generation_power,0,0,0,0,None
0,area_combined_heat_power,minus_generation,0,0,0,-0,None
0,area_combined_heat_power,balance_port.flow,0,0,0,0,None
0,area_biomass,generation_power,0,0,0,0,None
0,area_biomass,minus_generation,0,0,0,-0,None
0,area_biomass,balance_port.flow,0,0,0,0,None
0,area_biogas,generation_power,0,0,0,0,None
0,area_biogas,minus_generation,0,0,0,-0,None
0,area_biogas,balance_port.flow,0,0,0,0,None
0,area_waste,generation_power,0,0,0,0,None
0,area_waste,minus_generation,0,0,0,-0,None
0,area_waste,balance_port.flow,0,0,0,0,None
0,area_geothermal,generation_power,0,0,0,0,None
0,area_geothermal,minus_generation,0,0,0,-0,None
0,area_geothermal,balance_port.flow,0,0,0,0,None
0,area_other,generation_power,0,0,0,0,None
0,area_other,minus_generation,0,0,0,-0,None
0,area_other,balance_port.flow,0,0,0,0,None
0,area_pumped_storage_power,generation_power,0,0,0,0,None
0,area_pumped_storage_power,minus_generation,0,0,0,-0,None
0,area_pumped_storage_power,balance_port.flow,0,0,0,0,None
0,area_rest_world,generation_power,0,0,0,0,None
0,area_rest_world,minus_generation,0,0,0,-0,None
0,area_rest_world,balance_port.flow,0,0,0,0,None
0,area_thermal_default,prop_cost,0,0,0,0,None
0,area_thermal_default,balance_port.flow,0,0,0,0,None
0,area_thermal_default,co2_emissions,0,0,0,0,None
0,area_thermal_default,nh3_emissions,0,0,0,0,None
0,area_thermal_default,so2_emissions,0,0,0,0,None
0,area_thermal_default,nox_emissions,0,0,0,0,None
0,area_thermal_default,pm2_5_emissions,0,0,0,0,None
0,area_thermal_default,pm5_emissions,0,0,0,0,None
0,area_thermal_default,pm10_emissions,0,0,0,0,None
0,area_thermal_default,nmvoc_emissions,0,0,0,0,None
0,area_thermal_default,op1_emissions,0,0,0,0,None
0,area_thermal_default,op2_emissions,0,0,0,0,None
0,area_thermal_default,op3_emissions,0,0,0,0,None
0,area_thermal_default,op4_emissions,0,0,0,0,None
0,area_thermal_default,op5_emissions,0,0,0,0,None
0,area_thermal_default,cluster_availability,0,0,0,0,None
0,area_thermal_default,up_margin,0,0,0,0,None
0,area_thermal_default,min_gen_power,0,0,0,0,None
0,area_thermal_default,down_margin,0,0,0,0,None
0,area_thermal_default,profit,0,0,0,0,None
0,area_node,imbalance_cost,1,1,0,0,None
0,area_node,is_significant_loss_of_load,1,1,0,0,None
0,area_node,is_loss_of_load,1,1,0,0,None
0,area_load,actual_load,1,1,0,3686,None
0,area_node,price,1,1,0,0.30000000855779585,None
0,area_node,balance_port.price,1,1,0,0.30000000855779585,None
0,area_node,is_near_loss_of_load,1,1,0,0,None
0,area_load,balance_port.flow,1,1,0,-3686,None
0,area_wind,generation_power,1,1,0,114,None
0,area_wind,minus_generation,1,1,0,-114,None
0,area_wind,balance_port.flow,1,1,0,114,None
0,area_solar,generation_power,1,1,0,0,None
0,area_solar,minus_generation,1,1,0,-0,None
0,area_solar,balance_port.flow,1,1,0,0,None
0,area_run_of_river,generation_power,1,1,0,0,None
0,area_run_of_river,minus_generation,1,1,0,-0,None
0,area_run_of_river,balance_port.flow,1,1,0,0,None
0,area_combined_heat_power,generation_power,1,1,0,0,None
0,area_combined_heat_power,minus_generation,1,1,0,-0,None
0,area_combined_heat_power,balance_port.flow,1,1,0,0,None
0,area_biomass,generation_power,1,1,0,0,None
0,area_biomass,minus_generation,1,1,0,-0,None
0,area_biomass,balance_port.flow,1,1,0,0,None
0,area_biogas,generation_power,1,1,0,0,None
0,area_biogas,minus_generation,1,1,0,-0,None
0,area_biogas,balance_port.flow,1,1,0,0,None
0,area_waste,generation_power,1,1,0,0,None
0,area_waste,minus_generation,1,1,0,-0,None
0,area_waste,balance_port.flow,1,1,0,0,None
0,area_geothermal,generation_power,1,1,0,0,None
0,area_geothermal,minus_generation,1,1,0,-0,None
0,area_geothermal,balance_port.flow,1,1,0,0,None
0,area_other,generation_power,1,1,0,0,None
0,area_other,minus_generation,1,1,0,-0,None
0,area_other,balance_port.flow,1,1,0,0,None
0,area_pumped_storage_power,generation_power,1,1,0,0,None
0,area_pumped_storage_power,minus_generation,1,1,0,-0,None
0,area_pumped_storage_power,balance_port.flow,1,1,0,0,None
0,area_rest_world,generation_power,1,1,0,0,None
0,area_rest_world,minus_generation,1,1,0,-0,None
0,area_rest_world,balance_port.flow,1,1,0,0,None
0,area_thermal_default,prop_cost,1,1,0,0,None
0,area_thermal_default,balance_port.flow,1,1,0,0,None
0,area_thermal_default,co2_emissions,1,1,0,0,None
0,area_thermal_default,nh3_emissions,1,1,0,0,None
0,area_thermal_default,so2_emissions,1,1,0,0,None
0,area_thermal_default,nox_emissions,1,1,0,0,None
0,area_thermal_default,pm2_5_emissions,1,1,0,0,None
0,area_thermal_default,pm5_emissions,1,1,0,0,None
0,area_thermal_default,pm10_emissions,1,1,0,0,None
0,area_thermal_default,nmvoc_emissions,1,1,0,0,None
0,area_thermal_default,op1_emissions,1,1,0,0,None
0,area_thermal_default,op2_emissions,1,1,0,0,None
0,area_thermal_default,op3_emissions,1,1,0,0,None
0,area_thermal_default,op4_emissions,1,1,0,0,None
0,area_thermal_default,op5_emissions,1,1,0,0,None
0,area_thermal_default,cluster_availability,1,1,0,0,None
0,area_thermal_default,up_margin,1,1,0,0,None
0,area_thermal_default,min_gen_power,1,1,0,0,None
0,area_thermal_default,down_margin,1,1,0,0,None
0,area_thermal_default,profit,1,1,0,0,None
0,area_node,imbalance_cost,2,2,0,0,None
0,area_node,is_significant_loss_of_load,2,2,0,0,None
0,area_node,is_loss_of_load,2,2,0,0,None
0,area_load,actual_load,2,2,0,3537,None
0,area_node,price,2,2,0,0.29999999162938634,None
0,area_node,balance_port.price,2,2,0,0.29999999162938634,None
0,area_node,is_near_loss_of_load,2,2,0,0,None
0,area_load,balance_port.flow,2,2,0,-3537,None
0,area_wind,generation_power,2,2,0,143,None
0,area_wind,minus_generation,2,2,0,-143,None
0,area_wind,balance_port.flow,2,2,0,143,None
0,area_solar,generation_power,2,2,0,0,None
0,area_solar,minus_generation,2,2,0,-0,None
0,area_solar,balance_port.flow,2,2,0,0,None
0,area_run_of_river,generation_power,2,2,0,0,None
0,area_run_of_river,minus_generation,2,2,0,-0,None
0,area_run_of_river,balance_port.flow,2,2,0,0,None
0,area_combined_heat_power,generation_power,2,2,0,0,None
0,area_combined_heat_power,minus_generation,2,2,0,-0,None
0,area_combined_heat_power,balance_port.flow,2,2,0,0,None
0,area_biomass,generation_power,2,2,0,0,None
0,area_biomass,minus_generation,2,2,0,-0,None
0,area_biomass,balance_port.flow,2,2,0,0,None
0,area_biogas,generation_power,2,2,0,0,None
0,area_biogas,minus_generation,2,2,0,-0,None
0,area_biogas,balance_port.flow,2,2,0,0,None
0,area_waste,generation_power,2,2,0,0,None
0,area_waste,minus_generation,2,2,0,-0,None
0,area_waste,balance_port.flow,2,2,0,0,None
0,area_geothermal,generation_power,2,2,0,0,None
0,area_geothermal,minus_generation,2,2,0,-0,None
0,area_geothermal,balance_port.flow,2,2,0,0,None
0,area_other,generation_power,2,2,0,0,None
0,area_other,minus_generation,2,2,0,-0,None
0,area_other,balance_port.flow,2,2,0,0,None
0,area_pumped_storage_power,generation_power,2,2,0,0,None
0,area_pumped_storage_power,minus_generation,2,2,0,-0,None
0,area_pumped_storage_power,balance_port.flow,2,2,0,0,None
0,area_rest_world,generation_power,2,2,0,0,None
0,area_rest_world,minus_generation,2,2,0,-0,None
0,area_rest_world,balance_port.flow,2,2,0,0,None
0,area_thermal_default,prop_cost,2,2,0,0,None
0,area_thermal_default,balance_port.flow,2,2,0,0,None
0,area_thermal_default,co2_emissions,2,2,0,0,None
0,area_thermal_default,nh3_emissions,2,2,0,0,None
0,area_thermal_default,so2_emissions,2,2,0,0,None
0,area_thermal_default,nox_emissions,2,2,0,0,None
0,area_thermal_default,pm2_5_emissions,2,2,0,0,None
0,area_thermal_default,pm5_emissions,2,2,0,0,None
0,area_thermal_default,pm10_emissions,2,2,0,0,None
0,area_thermal_default,nmvoc_emissions,2,2,0,0,None
0,area_thermal_default,op1_emissions,2,2,0,0,None
0,area_thermal_default,op2_emissions,2,2,0,0,None
0,area_thermal_default,op3_emissions,2,2,0,0,None
0,area_thermal_default,op4_emissions,2,2,0,0,None
0,area_thermal_default,op5_emissions,2,2,0,0,None
0,area_thermal_default,cluster_availability,2,2,0,0,None
0,area_thermal_default,up_margin,2,2,0,0,None
0,area_thermal_default,min_gen_power,2,2,0,0,None
0,area_thermal_default,down_margin,2,2,0,0,None
0,area_thermal_default,profit,2,2,0,0,None
0,area_node,imbalance_cost,3,3,0,0,None
0,area_node,is_significant_loss_of_load,3,3,0,0,None
0,area_node,is_loss_of_load,3,3,0,0,None
0,area_load,actual_load,3,3,0,3505,None
0,area_node,price,3,3,0,0.30000000621947004,None
0,area_node,balance_port.price,3,3,0,0.30000000621947004,None
0,area_node,is_near_loss_of_load,3,3,0,0,None
0,area_load,balance_port.flow,3,3,0,-3505,None
0,area_wind,generation_power,3,3,0,157,None
0,area_wind,minus_generation,3,3,0,-157,None
0,area_wind,balance_port.flow,3,3,0,157,None
0,area_solar,generation_power,3,3,0,0,None
0,area_solar,minus_generation,3,3,0,-0,None
0,area_solar,balance_port.flow,3,3,0,0,None
0,area_run_of_river,generation_power,3,3,0,0,None
0,area_run_of_river,minus_generation,3,3,0,-0,None
0,area_run_of_river,balance_port.flow,3,3,0,0,None
0,area_combined_heat_power,generation_power,3,3,0,0,None
0,area_combined_heat_power,minus_generation,3,3,0,-0,None
0,area_combined_heat_power,balance_port.flow,3,3,0,0,None
0,area_biomass,generation_power,3,3,0,0,None
0,area_biomass,minus_generation,3,3,0,-0,None
0,area_biomass,balance_port.flow,3,3,0,0,None
0,area_biogas,generation_power,3,3,0,0,None
0,area_biogas,minus_generation,3,3,0,-0,None
0,area_biogas,balance_port.flow,3,3,0,0,None
0,area_waste,generation_power,3,3,0,0,None
0,area_waste,minus_generation,3,3,0,-0,None
0,area_waste,balance_port.flow,3,3,0,0,None
0,area_geothermal,generation_power,3,3,0,0,None
0,area_geothermal,minus_generation,3,3,0,-0,None
0,area_geothermal,balance_port.flow,3,3,0,0,None
0,area_other,generation_power,3,3,0,0,None
0,area_other,minus_generation,3,3,0,-0,None
0,area_other,balance_port.flow,3,3,0,0,None
0,area_pumped_storage_power,generation_power,3,3,0,0,None
0,area_pumped_storage_power,minus_generation,3,3,0,-0,None
0,area_pumped_storage_power,balance_port.flow,3,3,0,0,None
0,area_rest_world,generation_power,3,3,0,0,None
0,area_rest_world,minus_generation,3,3,0,-0,None
0,area_rest_world,balance_port.flow,3,3,0,0,None
0,area_thermal_default,prop_cost,3,3,0,0,None
0,area_thermal_default,balance_port.flow,3,3,0,0,None
0,area_thermal_default,co2_emissions,3,3,0,0,None
0,area_thermal_default,nh3_emissions,3,3,0,0,None
0,area_thermal_default,so2_emissions,3,3,0,0,None
0,area_thermal_default,nox_emissions,3,3,0,0,None
0,area_thermal_default,pm2_5_emissions,3,3,0,0,None
0,area_thermal_default,pm5_emissions,3,3,0,0,None
0,area_thermal_default,pm10_emissions,3,3,0,0,None
0,area_thermal_default,nmvoc_emissions,3,3,0,0,None
0,area_thermal_default,op1_emissions,3,3,0,0,None
0,area_thermal_default,op2_emissions,3,3,0,0,None
0,area_thermal_default,op3_emissions,3,3,0,0,None
0,area_thermal_default,op4_emissions,3,3,0,0,None
0,area_thermal_default,op5_emissions,3,3,0,0,None
0,area_thermal_default,cluster_availability,3,3,0,0,None
0,area_thermal_default,up_margin,3,3,0,0,None
0,area_thermal_default,min_gen_power,3,3,0,0,None
0,area_thermal_default,down_margin,3,3,0,0,None
0,area_thermal_default,profit,3,3,0,0,None
0,area_node,imbalance_cost,4,4,0,0,None
0,area_node,is_significant_loss_of_load,4,4,0,0,None
0,area_node,is_loss_of_load,4,4,0,0,None
0,area_load,actual_load,4,4,0,3628,None
0,area_node,price,4,4,0,0.3000000041536713,None
0,area_node,balance_port.price,4,4,0,0.3000000041536713,None
0,area_node,is_near_loss_of_load,4,4,0,0,None
0,area_load,balance_port.flow,4,4,0,-3628,None
0,area_wind,generation_power,4,4,0,233,None
0,area_wind,minus_generation,4,4,0,-233,None
0,area_wind,balance_port.flow,4,4,0,233,None
0,area_solar,generation_power,4,4,0,0,None
0,area_solar,minus_generation,4,4,0,-0,None
0,area_solar,balance_port.flow,4,4,0,0,None
0,area_run_of_river,generation_power,4,4,0,0,None
0,area_run_of_river,minus_generation,4,4,0,-0,None
0,area_run_of_river,balance_port.flow,4,4,0,0,None
0,area_combined_heat_power,generation_power,4,4,0,0,None
0,area_combined_heat_power,minus_generation,4,4,0,-0,None
0,area_combined_heat_power,balance_port.flow,4,4,0,0,None
0,area_biomass,generation_power,4,4,0,0,None
0,area_biomass,minus_generation,4,4,0,-0,None
0,area_biomass,balance_port.flow,4,4,0,0,None
0,area_biogas,generation_power,4,4,0,0,None
0,area_biogas,minus_generation,4,4,0,-0,None
0,area_biogas,balance_port.flow,4,4,0,0,None
0,area_waste,generation_power,4,4,0,0,None
0,area_waste,minus_generation,4,4,0,-0,None
0,area_waste,balance_port.flow,4,4,0,0,None
0,area_geothermal,generation_power,4,4,0,0,None
0,area_geothermal,minus_generation,4,4,0,-0,None
0,area_geothermal,balance_port.flow,4,4,0,0,None
0,area_other,generation_power,4,4,0,0,None
0,area_other,minus_generation,4,4,0,-0,None
0,area_other,balance_port.flow,4,4,0,0,None
0,area_pumped_storage_power,generation_power,4,4,0,0,None
0,area_pumped_storage_power,minus_generation,4,4,0,-0,None
0,area_pumped_storage_power,balance_port.flow,4,4,0,0,None
0,area_rest_world,generation_power,4,4,0,0,None
0,area_rest_world,minus_generation,4,4,0,-0,None
0,area_rest_world,balance_port.flow,4,4,0,0,None
0,area_thermal_default,prop_cost,4,4,0,0,None
0,area_thermal_default,balance_port.flow,4,4,0,0,None
0,area_thermal_default,co2_emissions,4,4,0,0,None
0,area_thermal_default,nh3_emissions,4,4,0,0,None
0,area_thermal_default,so2_emissions,4,4,0,0,None
0,area_thermal_default,nox_emissions,4,4,0,0,None
0,area_thermal_default,pm2_5_emissions,4,4,0,0,None
0,area_thermal_default,pm5_emissions,4,4,0,0,None
0,area_thermal_default,pm10_emissions,4,4,0,0,None
0,area_thermal_default,nmvoc_emissions,4,4,0,0,None
0,area_thermal_default,op1_emissions,4,4,0,0,None
0,area_thermal_default,op2_emissions,4,4,0,0,None
0,area_thermal_default,op3_emissions,4,4,0,0,None
0,area_thermal_default,op4_emissions,4,4,0,0,None
0,area_thermal_default,op5_emissions,4,4,0,0,None
0,area_thermal_default,cluster_availability,4,4,0,0,None
0,area_thermal_default,up_margin,4,4,0,0,None
0,area_thermal_default,min_gen_power,4,4,0,0,None
0,area_thermal_default,down_margin,4,4,0,0,None
0,area_thermal_default,profit,4,4,0,0,None
0,area_node,imbalance_cost,5,5,0,0,None
0,area_node,is_significant_loss_of_load,5,5,0,0,None
0,area_node,is_loss_of_load,5,5,0,0,None
0,area_load,actual_load,5,5,0,3929,None
0,area_node,price,5,5,0,0.29999999150499285,None
0,area_node,balance_port.price,5,5,0,0.29999999150499285,None
0,area_node,is_near_loss_of_load,5,5,0,0,None
0,area_load,balance_port.flow,5,5,0,-3929,None
0,area_wind,generation_power,5,5,0,257,None
0,area_wind,minus_generation,5,5,0,-257,None
0,area_wind,balance_port.flow,5,5,0,257,None
0,area_solar,generation_power,5,5,0,0,None
0,area_solar,minus_generation,5,5,0,-0,None
0,area_solar,balance_port.flow,5,5,0,0,None
0,area_run_of_river,generation_power,5,5,0,0,None
0,area_run_of_river,minus_generation,5,5,0,-0,None
0,area_run_of_river,balance_port.flow,5,5,0,0,None
0,area_combined_heat_power,generation_power,5,5,0,0,None
0,area_combined_heat_power,minus_generation,5,5,0,-0,None
0,area_combined_heat_power,balance_port.flow,5,5,0,0,None
0,area_biomass,generation_power,5,5,0,0,None
0,area_biomass,minus_generation,5,5,0,-0,None
0,area_biomass,balance_port.flow,5,5,0,0,None
0,area_biogas,generation_power,5,5,0,0,None
0,area_biogas,minus_generation,5,5,0,-0,None
0,area_biogas,balance_port.flow,5,5,0,0,None
0,area_waste,generation_power,5,5,0,0,None
0,area_waste,minus_generation,5,5,0,-0,None
0,area_waste,balance_port.flow,5,5,0,0,None
0,area_geothermal,generation_power,5,5,0,0,None
0,area_geothermal,minus_generation,5,5,0,-0,None
0,area_geothermal,balance_port.flow,5,5,0,0,None
0,area_other,generation_power,5,5,0,0,None
0,area_other,minus_generation,5,5,0,-0,None
0,area_other,balance_port.flow,5,5,0,0,None
0,area_pumped_storage_power,generation_power,5,5,0,0,None
0,area_pumped_storage_power,minus_generation,5,5,0,-0,None
0,area_pumped_storage_power,balance_port.flow,5,5,0,0,None
0,area_rest_world,generation_power,5,5,0,0,None
0,area_rest_world,minus_generation,5,5,0,-0,None
0,area_rest_world,balance_port.flow,5,5,0,0,None
0,area_thermal_default,prop_cost,5,5,0,0,None
0,area_thermal_default,balance_port.flow,5,5,0,0,None
0,area_thermal_default,co2_emissions,5,5,0,0,None
0,area_thermal_default,nh3_emissions,5,5,0,0,None
0,area_thermal_default,so2_emissions,5,5,0,0,None
0,area_thermal_default,nox_emissions,5,5,0,0,None
0,area_thermal_default,pm2_5_emissions,5,5,0,0,None
0,area_thermal_default,pm5_emissions,5,5,0,0,None
0,area_thermal_default,pm10_emissions,5,5,0,0,None
0,area_thermal_default,nmvoc_emissions,5,5,0,0,None
0,area_thermal_default,op1_emissions,5,5,0,0,None
0,area_thermal_default,op2_emissions,5,5,0,0,None
0,area_thermal_default,op3_emissions,5,5,0,0,None
0,area_thermal_default,op4_emissions,5,5,0,0,None
0,area_thermal_default,op5_emissions,5,5,0,0,None
0,area_thermal_default,cluster_availability,5,5,0,0,None
0,area_thermal_default,up_margin,5,5,0,0,None
0,area_thermal_default,min_gen_power,5,5,0,0,None
0,area_thermal_default,down_margin,5,5,0,0,None
0,area_thermal_default,profit,5,5,0,0,None
0,area_node,imbalance_cost,6,6,0,0,None
0,area_node,is_significant_loss_of_load,6,6,0,0,None
0,area_node,is_loss_of_load,6,6,0,0,None
0,area_load,actual_load,6,6,0,4430,None
0,area_node,price,6,6,0,0.29999999935949334,None
0,area_node,balance_port.price,6,6,0,0.29999999935949334,None
0,area_node,is_near_loss_of_load,6,6,0,0,None
0,area_load,balance_port.flow,6,6,0,-4430,None
0,area_wind,generation_power,6,6,0,337,None
0,area_wind,minus_generation,6,6,0,-337,None
0,area_wind,balance_port.flow,6,6,0,337,None
0,area_solar,generation_power,6,6,0,0,None
0,area_solar,minus_generation,6,6,0,-0,None
0,area_solar,balance_port.flow,6,6,0,0,None
0,area_run_of_river,generation_power,6,6,0,0,None
0,area_run_of_river,minus_generation,6,6,0,-0,None
0,area_run_of_river,balance_port.flow,6,6,0,0,None
0,area_combined_heat_power,generation_power,6,6,0,0,None
0,area_combined_heat_power,minus_generation,6,6,0,-0,None
0,area_combined_heat_power,balance_port.flow,6,6,0,0,None
0,area_biomass,generation_power,6,6,0,0,None
0,area_biomass,minus_generation,6,6,0,-0,None
0,area_biomass,balance_port.flow,6,6,0,0,None
0,area_biogas,generation_power,6,6,0,0,None
0,area_biogas,minus_generation,6,6,0,-0,None
0,area_biogas,balance_port.flow,6,6,0,0,None
0,area_waste,generation_power,6,6,0,0,None
0,area_waste,minus_generation,6,6,0,-0,None
0,area_waste,balance_port.flow,6,6,0,0,None
0,area_geothermal,generation_power,6,6,0,0,None
0,area_geothermal,minus_generation,6,6,0,-0,None
0,area_geothermal,balance_port.flow,6,6,0,0,None
0,area_other,generation_power,6,6,0,0,None
0,area_other,minus_generation,6,6,0,-0,None
0,area_other,balance_port.flow,6,6,0,0,None
0,area_pumped_storage_power,generation_power,6,6,0,0,None
0,area_pumped_storage_power,minus_generation,6,6,0,-0,None
0,area_pumped_storage_power,balance_port.flow,6,6,0,0,None
0,area_rest_world,generation_power,6,6,0,0,None
0,area_rest_world,minus_generation,6,6,0,-0,None
0,area_rest_world,balance_port.flow,6,6,0,0,None
0,area_thermal_default,prop_cost,6,6,0,0,None
0,area_thermal_default,balance_port.flow,6,6,0,0,None
0,area_thermal_default,co2_emissions,6,6,0,0,None
0,area_thermal_default,nh3_emissions,6,6,0,0,None
0,area_thermal_default,so2_emissions,6,6,0,0,None
0,area_thermal_default,nox_emissions,6,6,0,0,None
0,area_thermal_default,pm2_5_emissions,6,6,0,0,None
0,area_thermal_default,pm5_emissions,6,6,0,0,None
0,area_thermal_default,pm10_emissions,6,6,0,0,None
0,area_thermal_default,nmvoc_emissions,6,6,0,0,None
0,area_thermal_default,op1_emissions,6,6,0,0,None
0,area_thermal_default,op2_emissions,6,6,0,0,None
0,area_thermal_default,op3_emissions,6,6,0,0,None
0,area_thermal_default,op4_emissions,6,6,0,0,None
0,area_thermal_default,op5_emissions,6,6,0,0,None
0,area_thermal_default,cluster_availability,6,6,0,0,None
0,area_thermal_default,up_margin,6,6,0,0,None
0,area_thermal_default,min_gen_power,6,6,0,0,None
0,area_thermal_default,down_margin,6,6,0,0,None
0,area_thermal_default,profit,6,6,0,0,None
0,area_node,imbalance_cost,7,7,0,0,None
0,area_node,is_significant_loss_of_load,7,7,0,0,None
0,area_node,is_loss_of_load,7,7,0,0,None
0,area_load,actual_load,7,7,0,4934,None
0,area_node,price,7,7,0,0.3000000047858515,None
0,area_node,balance_port.price,7,7,0,0.3000000047858515,None
0,area_node,is_near_loss_of_load,7,7,0,0,None
0,area_load,balance_port.flow,7,7,0,-4934,None
0,area_wind,generation_power,7,7,0,405,None
0,area_wind,minus_generation,7,7,0,-405,None
0,area_wind,balance_port.flow,7,7,0,405,None
0,area_solar,generation_power,7,7,0,0,None
0,area_solar,minus_generation,7,7,0,-0,None
0,area_solar,balance_port.flow,7,7,0,0,None
0,area_run_of_river,generation_power,7,7,0,0,None
0,area_run_of_river,minus_generation,7,7,0,-0,None
0,area_run_of_river,balance_port.flow,7,7,0,0,None
0,area_combined_heat_power,generation_power,7,7,0,0,None
0,area_combined_heat_power,minus_generation,7,7,0,-0,None
0,area_combined_heat_power,balance_port.flow,7,7,0,0,None
0,area_biomass,generation_power,7,7,0,0,None
0,area_biomass,minus_generation,7,7,0,-0,None
0,area_biomass,balance_port.flow,7,7,0,0,None
0,area_biogas,generation_power,7,7,0,0,None
0,area_biogas,minus_generation,7,7,0,-0,None
0,area_biogas,balance_port.flow,7,7,0,0,None
0,area_waste,generation_power,7,7,0,0,None
0,area_waste,minus_generation,7,7,0,-0,None
0,area_waste,balance_port.flow,7,7,0,0,None
0,area_geothermal,generation_power,7,7,0,0,None
0,area_geothermal,minus_generation,7,7,0,-0,None
0,area_geothermal,balance_port.flow,7,7,0,0,None
0,area_other,generation_power,7,7,0,0,None
0,area_other,minus_generation,7,7,0,-0,None
0,area_other,balance_port.flow,7,7,0,0,None
0,area_pumped_storage_power,generation_power,7,7,0,0,None
0,area_pumped_storage_power,minus_generation,7,7,0,-0,None
0,area_pumped_storage_power,balance_port.flow,7,7,0,0,None
0,area_rest_world,generation_power,7,7,0,0,None
0,area_rest_world,minus_generation,7,7,0,-0,None
0,area_rest_world,balance_port.flow,7,7,0,0,None
0,area_thermal_default,prop_cost,7,7,0,0,None
0,area_thermal_default,balance_port.flow,7,7,0,0,None
0,area_thermal_default,co2_emissions,7,7,0,0,None
0,area_thermal_default,nh3_emissions,7,7,0,0,None
0,area_thermal_default,so2_emissions,7,7,0,0,None
0,area_thermal_default,nox_emissions,7,7,0,0,None
0,area_thermal_default,pm2_5_emissions,7,7,0,0,None
0,area_thermal_default,pm5_emissions,7,7,0,0,None
0,area_thermal_default,pm10_emissions,7,7,0,0,None
0,area_thermal_default,nmvoc_emissions,7,7,0,0,None
0,area_thermal_default,op1_emissions,7,7,0,0,None
0,area_thermal_default,op2_emissions,7,7,0,0,None
0,area_thermal_default,op3_emissions,7,7,0,0,None
0,area_thermal_default,op4_emissions,7,7,0,0,None
0,area_thermal_default,op5_emissions,7,7,0,0,None
0,area_thermal_default,cluster_availability,7,7,0,0,None
0,area_thermal_default,up_margin,7,7,0,0,None
0,area_thermal_default,min_gen_power,7,7,0,0,None
0,area_thermal_default,down_margin,7,7,0,0,None
0,area_thermal_default,profit,7,7,0,0,None
0,area_node,imbalance_cost,8,8,0,0,None
0,area_node,is_significant_loss_of_load,8,8,0,0,None
0,area_node,is_loss_of_load,8,8,0,0,None
0,area_load,actual_load,8,8,0,5061,None
0,area_node,price,8,8,0,0.2999999969443708,None
0,area_node,balance_port.price,8,8,0,0.2999999969443708,None
0,area_node,is_near_loss_of_load,8,8,0,0,None
0,area_load,balance_port.flow,8,8,0,-5061,None
0,area_wind,generation_power,8,8,0,474,None
0,area_wind,minus_generation,8,8,0,-474,None
0,area_wind,balance_port.flow,8,8,0,474,None
0,area_solar,generation_power,8,8,0,0,None
0,area_solar,minus_generation,8,8,0,-0,None
0,area_solar,balance_port.flow,8,8,0,0,None
0,area_run_of_river,generation_power,8,8,0,0,None
0,area_run_of_river,minus_generation,8,8,0,-0,None
0,area_run_of_river,balance_port.flow,8,8,0,0,None
0,area_combined_heat_power,generation_power,8,8,0,0,None
0,area_combined_heat_power,minus_generation,8,8,0,-0,None
0,area_combined_heat_power,balance_port.flow,8,8,0,0,None
0,area_biomass,generation_power,8,8,0,0,None
0,area_biomass,minus_generation,8,8,0,-0,None
0,area_biomass,balance_port.flow,8,8,0,0,None
0,area_biogas,generation_power,8,8,0,0,None
0,area_biogas,minus_generation,8,8,0,-0,None
0,area_biogas,balance_port.flow,8,8,0,0,None
0,area_waste,generation_power,8,8,0,0,None
0,area_waste,minus_generation,8,8,0,-0,None
0,area_waste,balance_port.flow,8,8,0,0,None
0,area_geothermal,generation_power,8,8,0,0,None
0,area_geothermal,minus_generation,8,8,0,-0,None
0,area_geothermal,balance_port.flow,8,8,0,0,None
0,area_other,generation_power,8,8,0,0,None
0,area_other,minus_generation,8,8,0,-0,None
0,area_other,balance_port.flow,8,8,0,0,None
0,area_pumped_storage_power,generation_power,8,8,0,0,None
0,area_pumped_storage_power,minus_generation,8,8,0,-0,None
0,area_pumped_storage_power,balance_port.flow,8,8,0,0,None
0,area_rest_world,generation_power,8,8,0,0,None
0,area_rest_world,minus_generation,8,8,0,-0,None
0,area_rest_world,balance_port.flow,8,8,0,0,None
0,area_thermal_default,prop_cost,8,8,0,0,None
0,area_thermal_default,balance_port.flow,8,8,0,0,None
0,area_thermal_default,co2_emissions,8,8,0,0,None
0,area_thermal_default,nh3_emissions,8,8,0,0,None
0,area_thermal_default,so2_emissions,8,8,0,0,None
0,area_thermal_default,nox_emissions,8,8,0,0,None
0,area_thermal_default,pm2_5_emissions,8,8,0,0,None
0,area_thermal_default,pm5_emissions,8,8,0,0,None
0,area_thermal_default,pm10_emissions,8,8,0,0,None
0,area_thermal_default,nmvoc_emissions,8,8,0,0,None
0,area_thermal_default,op1_emissions,8,8,0,0,None
0,area_thermal_default,op2_emissions,8,8,0,0,None
0,area_thermal_default,op3_emissions,8,8,0,0,None
0,area_thermal_default,op4_emissions,8,8,0,0,None
0,area_thermal_default,op5_emissions,8,8,0,0,None
0,area_thermal_default,cluster_availability,8,8,0,0,None
0,area_thermal_default,up_margin,8,8,0,0,None
0,area_thermal_default,min_gen_power,8,8,0,0,None
0,area_thermal_default,down_margin,8,8,0,0,None
0,area_thermal_default,profit,8,8,0,0,None
0,area_node,imbalance_cost,9,9,0,0,None
0,area_node,is_significant_loss_of_load,9,9,0,0,None
0,area_node,is_loss_of_load,9,9,0,0,None
0,area_load,actual_load,9,9,0,5172,None
0,area_node,price,9,9,0,0.30000000754302464,None
0,area_node,balance_port.price,9,9,0,0.30000000754302464,None
0,area_node,is_near_loss_of_load,9,9,0,0,None
0,area_load,balance_port.flow,9,9,0,-5172,None
0,area_wind,generation_power,9,9,0,449,None
0,area_wind,minus_generation,9,9,0,-449,None
0,area_wind,balance_port.flow,9,9,0,449,None
0,area_solar,generation_power,9,9,0,0,None
0,area_solar,minus_generation,9,9,0,-0,None
0,area_solar,balance_port.flow,9,9,0,0,None
0,area_run_of_river,generation_power,9,9,0,0,None
0,area_run_of_river,minus_generation,9,9,0,-0,None
0,area_run_of_river,balance_port.flow,9,9,0,0,None
0,area_combined_heat_power,generation_power,9,9,0,0,None
0,area_combined_heat_power,minus_generation,9,9,0,-0,None
0,area_combined_heat_power,balance_port.flow,9,9,0,0,None
0,area_biomass,generation_power,9,9,0,0,None
0,area_biomass,minus_generation,9,9,0,-0,None
0,area_biomass,balance_port.flow,9,9,0,0,None
0,area_biogas,generation_power,9,9,0,0,None
0,area_biogas,minus_generation,9,9,0,-0,None
0,area_biogas,balance_port.flow,9,9,0,0,None
0,area_waste,generation_power,9,9,0,0,None
0,area_waste,minus_generation,9,9,0,-0,None
0,area_waste,balance_port.flow,9,9,0,0,None
0,area_geothermal,generation_power,9,9,0,0,None
0,area_geothermal,minus_generation,9,9,0,-0,None
0,area_geothermal,balance_port.flow,9,9,0,0,None
0,area_other,generation_power,9,9,0,0,None
0,area_other,minus_generation,9,9,0,-0,None
0,area_other,balance_port.flow,9,9,0,0,None
0,area_pumped_storage_power,generation_power,9,9,0,0,None
0,area_pumped_storage_power,minus_generation,9,9,0,-0,None
0,area_pumped_storage_power,balance_port.flow,9,9,0,0,None
0,area_rest_world,generation_power,9,9,0,0,None
0,area_rest_world,minus_generation,9,9,0,-0,None
0,area_rest_world,balance_port.flow,9,9,0,0,None
0,area_thermal_default,prop_cost,9,9,0,0,None
0,area_thermal_default,balance_port.flow,9,9,0,0,None
0,area_thermal_default,co2_emissions,9,9,0,0,None
0,area_thermal_default,nh3_emissions,9,9,0,0,None
0,area_thermal_default,so2_emissions,9,9,0,0,None
0,area_thermal_default,nox_emissions,9,9,0,0,None
0,area_thermal_default,pm2_5_emissions,9,9,0,0,None
0,area_thermal_default,pm5_emissions,9,9,0,0,None
0,area_thermal_default,pm10_emissions,9,9,0,0,None
0,area_thermal_default,nmvoc_emissions,9,9,0,0,None
0,area_thermal_default,op1_emissions,9,9,0,0,None
0,area_thermal_default,op2_emissions,9,9,0,0,None
0,area_thermal_default,op3_emissions,9,9,0,0,None
0,area_thermal_default,op4_emissions,9,9,0,0,None
0,area_thermal_default,op5_emissions,9,9,0,0,None
0,area_thermal_default,cluster_availability,9,9,0,0,None
0,area_thermal_default,up_margin,9,9,0,0,None
0,area_thermal_default,min_gen_power,9,9,0,0,None
0,area_thermal_default,down_margin,9,9,0,0,None
0,area_thermal_default,profit,9,9,0,0,None
0,area_node,imbalance_cost,10,10,0,0,None
0,area_node,is_significant_loss_of_load,10,10,0,0,None
0,area_node,is_loss_of_load,10,10,0,0,None
0,area_load,actual_load,10,10,0,5276,None
0,area_node,price,10,10,0,0.29999999436166397,None
0,area_node,balance_port.price,10,10,0,0.29999999436166397,None
0,area_node,is_near_loss_of_load,10,10,0,0,None
0,area_load,balance_port.flow,10,10,0,-5276,None
0,area_wind,generation_power,10,10,0,383,None
0,area_wind,minus_generation,10,10,0,-383,None
0,area_wind,balance_port.flow,10,10,0,383,None
0,area_solar,generation_power,10,10,0,0,None
0,area_solar,minus_generation,10,10,0,-0,None
0,area_solar,balance_port.flow,10,10,0,0,None
0,area_run_of_river,generation_power,10,10,0,0,None
0,area_run_of_river,minus_generation,10,10,0,-0,None
0,area_run_of_river,balance_port.flow,10,10,0,0,None
0,area_combined_heat_power,generation_power,10,10,0,0,None
0,area_combined_heat_power,minus_generation,10,10,0,-0,None
0,area_combined_heat_power,balance_port.flow,10,10,0,0,None
0,area_biomass,generation_power,10,10,0,0,None
0,area_biomass,minus_generation,10,10,0,-0,None
0,area_biomass,balance_port.flow,10,10,0,0,None
0,area_biogas,generation_power,10,10,0,0,None
0,area_biogas,minus_generation,10,10,0,-0,None
0,area_biogas,balance_port.flow,10,10,0,0,None
0,area_waste,generation_power,10,10,0,0,None
0,area_waste,minus_generation,10,10,0,-0,None
0,area_waste,balance_port.flow,10,10,0,0,None
0,area_geothermal,generation_power,10,10,0,0,None
0,area_geothermal,minus_generation,10,10,0,-0,None
0,area_geothermal,balance_port.flow,10,10,0,0,None
0,area_other,generation_power,10,10,0,0,None
0,area_other,minus_generation,10,10,0,-0,None
0,area_other,balance_port.flow,10,10,0,0,None
0,area_pumped_storage_power,generation_power,10,10,0,0,None
0,area_pumped_storage_power,minus_generation,10,10,0,-0,None
0,area_pumped_storage_power,balance_port.flow,10,10,0,0,None
0,area_rest_world,generation_power,10,10,0,0,None
0,area_rest_world,minus_generation,10,10,0,-0,None
0,area_rest_world,balance_port.flow,10,10,0,0,None
0,area_thermal_default,prop_cost,10,10,0,0,None
0,area_thermal_default,balance_port.flow,10,10,0,0,None
0,area_thermal_default,co2_emissions,10,10,0,0,None
0,area_thermal_default,nh3_emissions,10,10,0,0,None
0,area_thermal_default,so2_emissions,10,10,0,0,None
0,area_thermal_default,nox_emissions,10,10,0,0,None
0,area_thermal_default,pm2_5_emissions,10,10,0,0,None
0,area_thermal_default,pm5_emissions,10,10,0,0,None
0,area_thermal_default,pm10_emissions,10,10,0,0,None
0,area_thermal_default,nmvoc_emissions,10,10,0,0,None
0,area_thermal_default,op1_emissions,10,10,0,0,None
0,area_thermal_default,op2_emissions,10,10,0,0,None
0,area_thermal_default,op3_emissions,10,10,0,0,None
0,area_thermal_default,op4_emissions,10,10,0,0,None
0,area_thermal_default,op5_emissions,10,10,0,0,None
0,area_thermal_default,cluster_availability,10,10,0,0,None
0,area_thermal_default,up_margin,10,10,0,0,None
0,area_thermal_default,min_gen_power,10,10,0,0,None
0,area_thermal_default,down_margin,10,10,0,0,None
0,area_thermal_default,profit,10,10,0,0,None
0,area_node,imbalance_cost,11,11,0,0,None
0,area_node,is_significant_loss_of_load,11,11,0,0,None
0,area_node,is_loss_of_load,11,11,0,0,None
0,area_load,actual_load,11,11,0,5243,None
0,area_node,price,11,11,0,0.2999999908499397,None
0,area_node,balance_port.price,11,11,0,0.2999999908499397,None
0,area_node,is_near_loss_of_load,11,11,0,0,None
0,area_load,balance_port.flow,11,11,0,-5243,None
0,area_wind,generation_power,11,11,0,449,None
0,area_wind,minus_generation,11,11,0,-449,None
0,area_wind,balance_port.flow,11,11,0,449,None
0,area_solar,generation_power,11,11,0,0,None
0,area_solar,minus_generation,11,11,0,-0,None
0,area_solar,balance_port.flow,11,11,0,0,None
0,area_run_of_river,generation_power,11,11,0,0,None
0,area_run_of_river,minus_generation,11,11,0,-0,None
0,area_run_of_river,balance_port.flow,11,11,0,0,None
0,area_combined_heat_power,generation_power,11,11,0,0,None
0,area_combined_heat_power,minus_generation,11,11,0,-0,None
0,area_combined_heat_power,balance_port.flow,11,11,0,0,None
0,area_biomass,generation_power,11,11,0,0,None
0,area_biomass,minus_generation,11,11,0,-0,None
0,area_biomass,balance_port.flow,11,11,0,0,None
0,area_biogas,generation_power,11,11,0,0,None
0,area_biogas,minus_generation,11,11,0,-0,None
0,area_biogas,balance_port.flow,11,11,0,0,None
0,area_waste,generation_power,11,11,0,0,None
0,area_waste,minus_generation,11,11,0,-0,None
0,area_waste,balance_port.flow,11,11,0,0,None
0,area_geothermal,generation_power,11,11,0,0,None
0,area_geothermal,minus_generation,11,11,0,-0,None
0,area_geothermal,balance_port.flow,11,11,0,0,None
0,area_other,generation_power,11,11,0,0,None
0,area_other,minus_generation,11,11,0,-0,None
0,area_other,balance_port.flow,11,11,0,0,None
0,area_pumped_storage_power,generation_power,11,11,0,0,None
0,area_pumped_storage_power,minus_generation,11,11,0,-0,None
0,area_pumped_storage_power,balance_port.flow,11,11,0,0,None
0,area_rest_world,generation_power,11,11,0,0,None
0,area_rest_world,minus_generation,11,11,0,-0,None
0,area_rest_world,balance_port.flow,11,11,0,0,None
0,area_thermal_default,prop_cost,11,11,0,0,None
0,area_thermal_default,balance_port.flow,11,11,0,0,None
0,area_thermal_default,co2_emissions,11,11,0,0,None
0,area_thermal_default,nh3_emissions,11,11,0,0,None
0,area_thermal_default,so2_emissions,11,11,0,0,None
0,area_thermal_default,nox_emissions,11,11,0,0,None
0,area_thermal_default,pm2_5_emissions,11,11,0,0,None
0,area_thermal_default,pm5_emissions,11,11,0,0,None
0,area_thermal_default,pm10_emissions,11,11,0,0,None
0,area_thermal_default,nmvoc_emissions,11,11,0,0,None
0,area_thermal_default,op1_emissions,11,11,0,0,None
0,area_thermal_default,op2_emissions,11,11,0,0,None
0,area_thermal_default,op3_emissions,11,11,0,0,None
0,area_thermal_default,op4_emissions,11,11,0,0,None
0,area_thermal_default,op5_emissions,11,11,0,0,None
0,area_thermal_default,cluster_availability,11,11,0,0,None
0,area_thermal_default,up_margin,11,11,0,0,None
0,area_thermal_default,min_gen_power,11,11,0,0,None
0,area_thermal_default,down_margin,11,11,0,0,None
0,area_thermal_default,profit,11,11,0,0,None
0,area_node,imbalance_cost,12,12,0,0,None
0,area_node,is_significant_loss_of_load,12,12,0,0,None
0,area_node,is_loss_of_load,12,12,0,0,None
0,area_load,actual_load,12,12,0,5223,None
0,area_node,price,12,12,0,0.2999999957049287,None
0,area_node,balance_port.price,12,12,0,0.2999999957049287,None
0,area_node,is_near_loss_of_load,12,12,0,0,None
0,area_load,balance_port.flow,12,12,0,-5223,None
0,area_wind,generation_power,12,12,0,458,None
0,area_wind,minus_generation,12,12,0,-458,None
0,area_wind,balance_port.flow,12,12,0,458,None
0,area_solar,generation_power,12,12,0,0,None
0,area_solar,minus_generation,12,12,0,-0,None
0,area_solar,balance_port.flow,12,12,0,0,None
0,area_run_of_river,generation_power,12,12,0,0,None
0,area_run_of_river,minus_generation,12,12,0,-0,None
0,area_run_of_river,balance_port.flow,12,12,0,0,None
0,area_combined_heat_power,generation_power,12,12,0,0,None
0,area_combined_heat_power,minus_generation,12,12,0,-0,None
0,area_combined_heat_power,balance_port.flow,12,12,0,0,None
0,area_biomass,generation_power,12,12,0,0,None
0,area_biomass,minus_generation,12,12,0,-0,None
0,area_biomass,balance_port.flow,12,12,0,0,None
0,area_biogas,generation_power,12,12,0,0,None
0,area_biogas,minus_generation,12,12,0,-0,None
0,area_biogas,balance_port.flow,12,12,0,0,None
0,area_waste,generation_power,12,12,0,0,None
0,area_waste,minus_generation,12,12,0,-0,None
0,area_waste,balance_port.flow,12,12,0,0,None
0,area_geothermal,generation_power,12,12,0,0,None
0,area_geothermal,minus_generation,12,12,0,-0,None
0,area_geothermal,balance_port.flow,12,12,0,0,None
0,area_other,generation_power,12,12,0,0,None
0,area_other,minus_generation,12,12,0,-0,None
0,area_other,balance_port.flow,12,12,0,0,None
0,area_pumped_storage_power,generation_power,12,12,0,0,None
0,area_pumped_storage_power,minus_generation,12,12,0,-0,None
0,area_pumped_storage_power,balance_port.flow,12,12,0,0,None
0,area_rest_world,generation_power,12,12,0,0,None
0,area_rest_world,minus_generation,12,12,0,-0,None
0,area_rest_world,balance_port.flow,12,12,0,0,None
0,area_thermal_default,prop_cost,12,12,0,0,None
0,area_thermal_default,balance_port.flow,12,12,0,0,None
0,area_thermal_default,co2_emissions,12,12,0,0,None
0,area_thermal_default,nh3_emissions,12,12,0,0,None
0,area_thermal_default,so2_emissions,12,12,0,0,None
0,area_thermal_default,nox_emissions,12,12,0,0,None
0,area_thermal_default,pm2_5_emissions,12,12,0,0,None
0,area_thermal_default,pm5_emissions,12,12,0,0,None
0,area_thermal_default,pm10_emissions,12,12,0,0,None
0,area_thermal_default,nmvoc_emissions,12,12,0,0,None
0,area_thermal_default,op1_emissions,12,12,0,0,None
0,area_thermal_default,op2_emissions,12,12,0,0,None
0,area_thermal_default,op3_emissions,12,12,0,0,None
0,area_thermal_default,op4_emissions,12,12,0,0,None
0,area_thermal_default,op5_emissions,12,12,0,0,None
0,area_thermal_default,cluster_availability,12,12,0,0,None
0,area_thermal_default,up_margin,12,12,0,0,None
0,area_thermal_default,min_gen_power,12,12,0,0,None
0,area_thermal_default,down_margin,12,12,0,0,None
0,area_thermal_default,profit,12,12,0,0,None
0,area_node,imbalance_cost,13,13,0,0,None
0,area_node,is_significant_loss_of_load,13,13,0,0,None
0,area_node,is_loss_of_load,13,13,0,0,None
0,area_load,actual_load,13,13,0,4992,None
0,area_node,price,13,13,0,0.30000000145249683,None
0,area_node,balance_port.price,13,13,0,0.30000000145249683,None
0,area_node,is_near_loss_of_load,13,13,0,0,None
0,area_load,balance_port.flow,13,13,0,-4992,None
0,area_wind,generation_power,13,13,0,663,None
0,area_wind,minus_generation,13,13,0,-663,None
0,area_wind,balance_port.flow,13,13,0,663,None
0,area_solar,generation_power,13,13,0,0,None
0,area_solar,minus_generation,13,13,0,-0,None
0,area_solar,balance_port.flow,13,13,0,0,None
0,area_run_of_river,generation_power,13,13,0,0,None
0,area_run_of_river,minus_generation,13,13,0,-0,None
0,area_run_of_river,balance_port.flow,13,13,0,0,None
0,area_combined_heat_power,generation_power,13,13,0,0,None
0,area_combined_heat_power,minus_generation,13,13,0,-0,None
0,area_combined_heat_power,balance_port.flow,13,13,0,0,None
0,area_biomass,generation_power,13,13,0,0,None
0,area_biomass,minus_generation,13,13,0,-0,None
0,area_biomass,balance_port.flow,13,13,0,0,None
0,area_biogas,generation_power,13,13,0,0,None
0,area_biogas,minus_generation,13,13,0,-0,None
0,area_biogas,balance_port.flow,13,13,0,0,None
0,area_waste,generation_power,13,13,0,0,None
0,area_waste,minus_generation,13,13,0,-0,None
0,area_waste,balance_port.flow,13,13,0,0,None
0,area_geothermal,generation_power,13,13,0,0,None
0,area_geothermal,minus_generation,13,13,0,-0,None
0,area_geothermal,balance_port.flow,13,13,0,0,None
0,area_other,generation_power,13,13,0,0,None
0,area_other,minus_generation,13,13,0,-0,None
0,area_other,balance_port.flow,13,13,0,0,None
0,area_pumped_storage_power,generation_power,13,13,0,0,None
0,area_pumped_storage_power,minus_generation,13,13,0,-0,None
0,area_pumped_storage_power,balance_port.flow,13,13,0,0,None
0,area_rest_world,generation_power,13,13,0,0,None
0,area_rest_world,minus_generation,13,13,0,-0,None
0,area_rest_world,balance_port.flow,13,13,0,0,None
0,area_thermal_default,prop_cost,13,13,0,0,None
0,area_thermal_default,balance_port.flow,13,13,0,0,None
0,area_thermal_default,co2_emissions,13,13,0,0,None
0,area_thermal_default,nh3_emissions,13,13,0,0,None
0,area_thermal_default,so2_emissions,13,13,0,0,None
0,area_thermal_default,nox_emissions,13,13,0,0,None
0,area_thermal_default,pm2_5_emissions,13,13,0,0,None
0,area_thermal_default,pm5_emissions,13,13,0,0,None
0,area_thermal_default,pm10_emissions,13,13,0,0,None
0,area_thermal_default,nmvoc_emissions,13,13,0,0,None
0,area_thermal_default,op1_emissions,13,13,0,0,None
0,area_thermal_default,op2_emissions,13,13,0,0,None
0,area_thermal_default,op3_emissions,13,13,0,0,None
0,area_thermal_default,op4_emissions,13,13,0,0,None
0,area_thermal_default,op5_emissions,13,13,0,0,None
0,area_thermal_default,cluster_availability,13,13,0,0,None
0,area_thermal_default,up_margin,13,13,0,0,None
0,area_thermal_default,min_gen_power,13,13,0,0,None
0,area_thermal_default,down_margin,13,13,0,0,None
0,area_thermal_default,profit,13,13,0,0,None
0,area_node,imbalance_cost,14,14,0,0,None
0,area_node,is_significant_loss_of_load,14,14,0,0,None
0,area_node,is_loss_of_load,14,14,0,0,None
0,area_load,actual_load,14,14,0,5011,None
0,area_node,price,14,14,0,0.30000000730578463,None
0,area_node,balance_port.price,14,14,0,0.30000000730578463,None
0,area_node,is_near_loss_of_load,14,14,0,0,None
0,area_load,balance_port.flow,14,14,0,-5011,None
0,area_wind,generation_power,14,14,0,856,None
0,area_wind,minus_generation,14,14,0,-856,None
0,area_wind,balance_port.flow,14,14,0,856,None
0,area_solar,generation_power,14,14,0,0,None
0,area_solar,minus_generation,14,14,0,-0,None
0,area_solar,balance_port.flow,14,14,0,0,None
0,area_run_of_river,generation_power,14,14,0,0,None
0,area_run_of_river,minus_generation,14,14,0,-0,None
0,area_run_of_river,balance_port.flow,14,14,0,0,None
0,area_combined_heat_power,generation_power,14,14,0,0,None
0,area_combined_heat_power,minus_generation,14,14,0,-0,None
0,area_combined_heat_power,balance_port.flow,14,14,0,0,None
0,area_biomass,generation_power,14,14,0,0,None
0,area_biomass,minus_generation,14,14,0,-0,None
0,area_biomass,balance_port.flow,14,14,0,0,None
0,area_biogas,generation_power,14,14,0,0,None
0,area_biogas,minus_generation,14,14,0,-0,None
0,area_biogas,balance_port.flow,14,14,0,0,None
0,area_waste,generation_power,14,14,0,0,None
0,area_waste,minus_generation,14,14,0,-0,None
0,area_waste,balance_port.flow,14,14,0,0,None
0,area_geothermal,generation_power,14,14,0,0,None
0,area_geothermal,minus_generation,14,14,0,-0,None
0,area_geothermal,balance_port.flow,14,14,0,0,None
0,area_other,generation_power,14,14,0,0,None
0,area_other,minus_generation,14,14,0,-0,None
0,area_other,balance_port.flow,14,14,0,0,None
0,area_pumped_storage_power,generation_power,14,14,0,0,None
0,area_pumped_storage_power,minus_generation,14,14,0,-0,None
0,area_pumped_storage_power,balance_port.flow,14,14,0,0,None
0,area_rest_world,generation_power,14,14,0,0,None
0,area_rest_world,minus_generation,14,14,0,-0,None
0,area_rest_world,balance_port.flow,14,14,0,0,None
0,area_thermal_default,prop_cost,14,14,0,0,None
0,area_thermal_default,balance_port.flow,14,14,0,0,None
0,area_thermal_default,co2_emissions,14,14,0,0,None
0,area_thermal_default,nh3_emissions,14,14,0,0,None
0,area_thermal_default,so2_emissions,14,14,0,0,None
0,area_thermal_default,nox_emissions,14,14,0,0,None
0,area_thermal_default,pm2_5_emissions,14,14,0,0,None
0,area_thermal_default,pm5_emissions,14,14,0,0,None
0,area_thermal_default,pm10_emissions,14,14,0,0,None
0,area_thermal_default,nmvoc_emissions,14,14,0,0,None
0,area_thermal_default,op1_emissions,14,14,0,0,None
0,area_thermal_default,op2_emissions,14,14,0,0,None
0,area_thermal_default,op3_emissions,14,14,0,0,None
0,area_thermal_default,op4_emissions,14,14,0,0,None
0,area_thermal_default,op5_emissions,14,14,0,0,None
0,area_thermal_default,cluster_availability,14,14,0,0,None
0,area_thermal_default,up_margin,14,14,0,0,None
0,area_thermal_default,min_gen_power,14,14,0,0,None
0,area_thermal_default,down_margin,14,14,0,0,None
0,area_thermal_default,profit,14,14,0,0,None
0,area_node,imbalance_cost,15,15,0,0,None
0,area_node,is_significant_loss_of_load,15,15,0,0,None
0,area_node,is_loss_of_load,15,15,0,0,None
0,area_load,actual_load,15,15,0,5143,None
0,area_node,price,15,15,0,0.3000000067835063,None
0,area_node,balance_port.price,15,15,0,0.3000000067835063,None
0,area_node,is_near_loss_of_load,15,15,0,0,None
0,area_load,balance_port.flow,15,15,0,-5143,None
0,area_wind,generation_power,15,15,0,957,None
0,area_wind,minus_generation,15,15,0,-957,None
0,area_wind,balance_port.flow,15,15,0,957,None
0,area_solar,generation_power,15,15,0,0,None
0,area_solar,minus_generation,15,15,0,-0,None
0,area_solar,balance_port.flow,15,15,0,0,None
0,area_run_of_river,generation_power,15,15,0,0,None
0,area_run_of_river,minus_generation,15,15,0,-0,None
0,area_run_of_river,balance_port.flow,15,15,0,0,None
0,area_combined_heat_power,generation_power,15,15,0,0,None
0,area_combined_heat_power,minus_generation,15,15,0,-0,None
0,area_combined_heat_power,balance_port.flow,15,15,0,0,None
0,area_biomass,generation_power,15,15,0,0,None
0,area_biomass,minus_generation,15,15,0,-0,None
0,area_biomass,balance_port.flow,15,15,0,0,None
0,area_biogas,generation_power,15,15,0,0,None
0,area_biogas,minus_generation,15,15,0,-0,None
0,area_biogas,balance_port.flow,15,15,0,0,None
0,area_waste,generation_power,15,15,0,0,None
0,area_waste,minus_generation,15,15,0,-0,None
0,area_waste,balance_port.flow,15,15,0,0,None
0,area_geothermal,generation_power,15,15,0,0,None
0,area_geothermal,minus_generation,15,15,0,-0,None
0,area_geothermal,balance_port.flow,15,15,0,0,None
0,area_other,generation_power,15,15,0,0,None
0,area_other,minus_generation,15,15,0,-0,None
0,area_other,balance_port.flow,15,15,0,0,None
0,area_pumped_storage_power,generation_power,15,15,0,0,None
0,area_pumped_storage_power,minus_generation,15,15,0,-0,None
0,area_pumped_storage_power,balance_port.flow,15,15,0,0,None
0,area_rest_world,generation_power,15,15,0,0,None
0,area_rest_world,minus_generation,15,15,0,-0,None
0,area_rest_world,balance_port.flow,15,15,0,0,None
0,area_thermal_default,prop_cost,15,15,0,0,None
0,area_thermal_default,balance_port.flow,15,15,0,0,None
0,area_thermal_default,co2_emissions,15,15,0,0,None
0,area_thermal_default,nh3_emissions,15,15,0,0,None
0,area_thermal_default,so2_emissions,15,15,0,0,None
0,area_thermal_default,nox_emissions,15,15,0,0,None
0,area_thermal_default,pm2_5_emissions,15,15,0,0,None
0,area_thermal_default,pm5_emissions,15,15,0,0,None
0,area_thermal_default,pm10_emissions,15,15,0,0,None
0,area_thermal_default,nmvoc_emissions,15,15,0,0,None
0,area_thermal_default,op1_emissions,15,15,0,0,None
0,area_thermal_default,op2_emissions,15,15,0,0,None
0,area_thermal_default,op3_emissions,15,15,0,0,None
0,area_thermal_default,op4_emissions,15,15,0,0,None
0,area_thermal_default,op5_emissions,15,15,0,0,None
0,area_thermal_default,cluster_availability,15,15,0,0,None
0,area_thermal_default,up_margin,15,15,0,0,None
0,area_thermal_default,min_gen_power,15,15,0,0,None
0,area_thermal_default,down_margin,15,15,0,0,None
0,area_thermal_default,profit,15,15,0,0,None
0,area_node,imbalance_cost,16,16,0,0,None
0,area_node,is_significant_loss_of_load,16,16,0,0,None
0,area_node,is_loss_of_load,16,16,0,0,None
0,area_load,actual_load,16,16,0,5115,None
0,area_node,price,16,16,0,0.3000000023716201,None
0,area_node,balance_port.price,16,16,0,0.3000000023716201,None
0,area_node,is_near_loss_of_load,16,16,0,0,None
0,area_load,balance_port.flow,16,16,0,-5115,None
0,area_wind,generation_power,16,16,0,1081,None
0,area_wind,minus_generation,16,16,0,-1081,None
0,area_wind,balance_port.flow,16,16,0,1081,None
0,area_solar,generation_power,16,16,0,0,None
0,area_solar,minus_generation,16,16,0,-0,None
0,area_solar,balance_port.flow,16,16,0,0,None
0,area_run_of_river,generation_power,16,16,0,0,None
0,area_run_of_river,minus_generation,16,16,0,-0,None
0,area_run_of_river,balance_port.flow,16,16,0,0,None
0,area_combined_heat_power,generation_power,16,16,0,0,None
0,area_combined_heat_power,minus_generation,16,16,0,-0,None
0,area_combined_heat_power,balance_port.flow,16,16,0,0,None
0,area_biomass,generation_power,16,16,0,0,None
0,area_biomass,minus_generation,16,16,0,-0,None
0,area_biomass,balance_port.flow,16,16,0,0,None
0,area_biogas,generation_power,16,16,0,0,None
0,area_biogas,minus_generation,16,16,0,-0,None
0,area_biogas,balance_port.flow,16,16,0,0,None
0,area_waste,generation_power,16,16,0,0,None
0,area_waste,minus_generation,16,16,0,-0,None
0,area_waste,balance_port.flow,16,16,0,0,None
0,area_geothermal,generation_power,16,16,0,0,None
0,area_geothermal,minus_generation,16,16,0,-0,None
0,area_geothermal,balance_port.flow,16,16,0,0,None
0,area_other,generation_power,16,16,0,0,None
0,area_other,minus_generation,16,16,0,-0,None
0,area_other,balance_port.flow,16,16,0,0,None
0,area_pumped_storage_power,generation_power,16,16,0,0,None
0,area_pumped_storage_power,minus_generation,16,16,0,-0,None
0,area_pumped_storage_power,balance_port.flow,16,16,0,0,None
0,area_rest_world,generation_power,16,16,0,0,None
0,area_rest_world,minus_generation,16,16,0,-0,None
0,area_rest_world,balance_port.flow,16,16,0,0,None
0,area_thermal_default,prop_cost,16,16,0,0,None
0,area_thermal_default,balance_port.flow,16,16,0,0,None
0,area_thermal_default,co2_emissions,16,16,0,0,None
0,area_thermal_default,nh3_emissions,16,16,0,0,None
0,area_thermal_default,so2_emissions,16,16,0,0,None
0,area_thermal_default,nox_emissions,16,16,0,0,None
0,area_thermal_default,pm2_5_emissions,16,16,0,0,None
0,area_thermal_default,pm5_emissions,16,16,0,0,None
0,area_thermal_default,pm10_emissions,16,16,0,0,None
0,area_thermal_default,nmvoc_emissions,16,16,0,0,None
0,area_thermal_default,op1_emissions,16,16,0,0,None
0,area_thermal_default,op2_emissions,16,16,0,0,None
0,area_thermal_default,op3_emissions,16,16,0,0,None
0,area_thermal_default,op4_emissions,16,16,0,0,None
0,area_thermal_default,op5_emissions,16,16,0,0,None
0,area_thermal_default,cluster_availability,16,16,0,0,None
0,area_thermal_default,up_margin,16,16,0,0,None
0,area_thermal_default,min_gen_power,16,16,0,0,None
0,area_thermal_default,down_margin,16,16,0,0,None
0,area_thermal_default,profit,16,16,0,0,None
0,area_node,imbalance_cost,17,17,0,0,None
0,area_node,is_significant_loss_of_load,17,17,0,0,None
0,area_node,is_loss_of_load,17,17,0,0,None
0,area_load,actual_load,17,17,0,5484,None
0,area_node,price,17,17,0,0.3000000038256269,None
0,area_node,balance_port.price,17,17,0,0.3000000038256269,None
0,area_node,is_near_loss_of_load,17,17,0,0,None
0,area_load,balance_port.flow,17,17,0,-5484,None
0,area_wind,generation_power,17,17,0,941,None
0,area_wind,minus_generation,17,17,0,-941,None
0,area_wind,balance_port.flow,17,17,0,941,None
0,area_solar,generation_power,17,17,0,0,None
0,area_solar,minus_generation,17,17,0,-0,None
0,area_solar,balance_port.flow,17,17,0,0,None
0,area_run_of_river,generation_power,17,17,0,0,None
0,area_run_of_river,minus_generation,17,17,0,-0,None
0,area_run_of_river,balance_port.flow,17,17,0,0,None
0,area_combined_heat_power,generation_power,17,17,0,0,None
0,area_combined_heat_power,minus_generation,17,17,0,-0,None
0,area_combined_heat_power,balance_port.flow,17,17,0,0,None
0,area_biomass,generation_power,17,17,0,0,None
0,area_biomass,minus_generation,17,17,0,-0,None
0,area_biomass,balance_port.flow,17,17,0,0,None
0,area_biogas,generation_power,17,17,0,0,None
0,area_biogas,minus_generation,17,17,0,-0,None
0,area_biogas,balance_port.flow,17,17,0,0,None
0,area_waste,generation_power,17,17,0,0,None
0,area_waste,minus_generation,17,17,0,-0,None
0,area_waste,balance_port.flow,17,17,0,0,None
0,area_geothermal,generation_power,17,17,0,0,None
0,area_geothermal,minus_generation,17,17,0,-0,None
0,area_geothermal,balance_port.flow,17,17,0,0,None
0,area_other,generation_power,17,17,0,0,None
0,area_other,minus_generation,17,17,0,-0,None
0,area_other,balance_port.flow,17,17,0,0,None
0,area_pumped_storage_power,generation_power,17,17,0,0,None
0,area_pumped_storage_power,minus_generation,17,17,0,-0,None
0,area_pumped_storage_power,balance_port.flow,17,17,0,0,None
0,area_rest_world,generation_power,17,17,0,0,None
0,area_rest_world,minus_generation,17,17,0,-0,None
0,area_rest_world,balance_port.flow,17,17,0,0,None
0,area_thermal_default,prop_cost,17,17,0,0,None
0,area_thermal_default,balance_port.flow,17,17,0,0,None
0,area_thermal_default,co2_emissions,17,17,0,0,None
0,area_thermal_default,nh3_emissions,17,17,0,0,None
0,area_thermal_default,so2_emissions,17,17,0,0,None
0,area_thermal_default,nox_emissions,17,17,0,0,None
0,area_thermal_default,pm2_5_emissions,17,17,0,0,None
0,area_thermal_default,pm5_emissions,17,17,0,0,None
0,area_thermal_default,pm10_emissions,17,17,0,0,None
0,area_thermal_default,nmvoc_emissions,17,17,0,0,None
0,area_thermal_default,op1_emissions,17,17,0,0,None
0,area_thermal_default,op2_emissions,17,17,0,0,None
0,area_thermal_default,op3_emissions,17,17,0,0,None
0,area_thermal_default,op4_emissions,17,17,0,0,None
0,area_thermal_default,op5_emissions,17,17,0,0,None
0,area_thermal_default,cluster_availability,17,17,0,0,None
0,area_thermal_default,up_margin,17,17,0,0,None
0,area_thermal_default,min_gen_power,17,17,0,0,None
0,area_thermal_default,down_margin,17,17,0,0,None
0,area_thermal_default,profit,17,17,0,0,None
0,area_node,imbalance_cost,18,18,0,0,None
0,area_node,is_significant_loss_of_load,18,18,0,0,None
0,area_node,is_loss_of_load,18,18,0,0,None
0,area_load,actual_load,18,18,0,6011,None
0,area_node,price,18,18,0,0.2999999944642781,None
0,area_node,balance_port.price,18,18,0,0.2999999944642781,None
0,area_node,is_near_loss_of_load,18,18,0,0,None
0,area_load,balance_port.flow,18,18,0,-6011,None
0,area_wind,generation_power,18,18,0,798,None
0,area_wind,minus_generation,18,18,0,-798,None
0,area_wind,balance_port.flow,18,18,0,798,None
0,area_solar,generation_power,18,18,0,0,None
0,area_solar,minus_generation,18,18,0,-0,None
0,area_solar,balance_port.flow,18,18,0,0,None
0,area_run_of_river,generation_power,18,18,0,0,None
0,area_run_of_river,minus_generation,18,18,0,-0,None
0,area_run_of_river,balance_port.flow,18,18,0,0,None
0,area_combined_heat_power,generation_power,18,18,0,0,None
0,area_combined_heat_power,minus_generation,18,18,0,-0,None
0,area_combined_heat_power,balance_port.flow,18,18,0,0,None
0,area_biomass,generation_power,18,18,0,0,None
0,area_biomass,minus_generation,18,18,0,-0,None
0,area_biomass,balance_port.flow,18,18,0,0,None
0,area_biogas,generation_power,18,18,0,0,None
0,area_biogas,minus_generation,18,18,0,-0,None
0,area_biogas,balance_port.flow,18,18,0,0,None
0,area_waste,generation_power,18,18,0,0,None
0,area_waste,minus_generation,18,18,0,-0,None
0,area_waste,balance_port.flow,18,18,0,0,None
0,area_geothermal,generation_power,18,18,0,0,None
0,area_geothermal,minus_generation,18,18,0,-0,None
0,area_geothermal,balance_port.flow,18,18,0,0,None
0,area_other,generation_power,18,18,0,0,None
0,area_other,minus_generation,18,18,0,-0,None
0,area_other,balance_port.flow,18,18,0,0,None
0,area_pumped_storage_power,generation_power,18,18,0,0,None
0,area_pumped_storage_power,minus_generation,18,18,0,-0,None
0,area_pumped_storage_power,balance_port.flow,18,18,0,0,None
0,area_rest_world,generation_power,18,18,0,0,None
0,area_rest_world,minus_generation,18,18,0,-0,None
0,area_rest_world,balance_port.flow,18,18,0,0,None
0,area_thermal_default,prop_cost,18,18,0,0,None
0,area_thermal_default,balance_port.flow,18,18,0,0,None
0,area_thermal_default,co2_emissions,18,18,0,0,None
0,area_thermal_default,nh3_emissions,18,18,0,0,None
0,area_thermal_default,so2_emissions,18,18,0,0,None
0,area_thermal_default,nox_emissions,18,18,0,0,None
0,area_thermal_default,pm2_5_emissions,18,18,0,0,None
0,area_thermal_default,pm5_emissions,18,18,0,0,None
0,area_thermal_default,pm10_emissions,18,18,0,0,None
0,area_thermal_default,nmvoc_emissions,18,18,0,0,None
0,area_thermal_default,op1_emissions,18,18,0,0,None
0,area_thermal_default,op2_emissions,18,18,0,0,None
0,area_thermal_default,op3_emissions,18,18,0,0,None
0,area_thermal_default,op4_emissions,18,18,0,0,None
0,area_thermal_default,op5_emissions,18,18,0,0,None
0,area_thermal_default,cluster_availability,18,18,0,0,None
0,area_thermal_default,up_margin,18,18,0,0,None
0,area_thermal_default,min_gen_power,18,18,0,0,None
0,area_thermal_default,down_margin,18,18,0,0,None
0,area_thermal_default,profit,18,18,0,0,None
0,area_node,imbalance_cost,19,19,0,0,None
0,area_node,is_significant_loss_of_load,19,19,0,0,None
0,area_node,is_loss_of_load,19,19,0,0,None
0,area_load,actual_load,19,19,0,5986,None
0,area_node,price,19,19,0,0.29999999641813935,None
0,area_node,balance_port.price,19,19,0,0.29999999641813935,None
0,area_node,is_near_loss_of_load,19,19,0,0,None
0,area_load,balance_port.flow,19,19,0,-5986,None
0,area_wind,generation_power,19,19,0,770,None
0,area_wind,minus_generation,19,19,0,-770,None
0,area_wind,balance_port.flow,19,19,0,770,None
0,area_solar,generation_power,19,19,0,0,None
0,area_solar,minus_generation,19,19,0,-0,None
0,area_solar,balance_port.flow,19,19,0,0,None
0,area_run_of_river,generation_power,19,19,0,0,None
0,area_run_of_river,minus_generation,19,19,0,-0,None
0,area_run_of_river,balance_port.flow,19,19,0,0,None
0,area_combined_heat_power,generation_power,19,19,0,0,None
0,area_combined_heat_power,minus_generation,19,19,0,-0,None
0,area_combined_heat_power,balance_port.flow,19,19,0,0,None
0,area_biomass,generation_power,19,19,0,0,None
0,area_biomass,minus_generation,19,19,0,-0,None
0,area_biomass,balance_port.flow,19,19,0,0,None
0,area_biogas,generation_power,19,19,0,0,None
0,area_biogas,minus_generation,19,19,0,-0,None
0,area_biogas,balance_port.flow,19,19,0,0,None
0,area_waste,generation_power,19,19,0,0,None
0,area_waste,minus_generation,19,19,0,-0,None
0,area_waste,balance_port.flow,19,19,0,0,None
0,area_geothermal,generation_power,19,19,0,0,None
0,area_geothermal,minus_generation,19,19,0,-0,None
0,area_geothermal,balance_port.flow,19,19,0,0,None
0,area_other,generation_power,19,19,0,0,None
0,area_other,minus_generation,19,19,0,-0,None
0,area_other,balance_port.flow,19,19,0,0,None
0,area_pumped_storage_power,generation_power,19,19,0,0,None
0,area_pumped_storage_power,minus_generation,19,19,0,-0,None
0,area_pumped_storage_power,balance_port.flow,19,19,0,0,None
0,area_rest_world,generation_power,19,19,0,0,None
0,area_rest_world,minus_generation,19,19,0,-0,None
0,area_rest_world,balance_port.flow,19,19,0,0,None
0,area_thermal_default,prop_cost,19,19,0,0,None
0,area_thermal_default,balance_port.flow,19,19,0,0,None
0,area_thermal_default,co2_emissions,19,19,0,0,None
0,area_thermal_default,nh3_emissions,19,19,0,0,None
0,area_thermal_default,so2_emissions,19,19,0,0,None
0,area_thermal_default,nox_emissions,19,19,0,0,None
0,area_thermal_default,pm2_5_emissions,19,19,0,0,None
0,area_thermal_default,pm5_emissions,19,19,0,0,None
0,area_thermal_default,pm10_emissions,19,19,0,0,None
0,area_thermal_default,nmvoc_emissions,19,19,0,0,None
0,area_thermal_default,op1_emissions,19,19,0,0,None
0,area_thermal_default,op2_emissions,19,19,0,0,None
0,area_thermal_default,op3_emissions,19,19,0,0,None
0,area_thermal_default,op4_emissions,19,19,0,0,None
0,area_thermal_default,op5_emissions,19,19,0,0,None
0,area_thermal_default,cluster_availability,19,19,0,0,None
0,area_thermal_default,up_margin,19,19,0,0,None
0,area_thermal_default,min_gen_power,19,19,0,0,None
0,area_thermal_default,down_margin,19,19,0,0,None
0,area_thermal_default,profit,19,19,0,0,None
0,area_node,imbalance_cost,20,20,0,0,None
0,area_node,is_significant_loss_of_load,20,20,0,0,None
0,area_node,is_loss_of_load,20,20,0,0,None
0,area_load,actual_load,20,20,0,5645,None
0,area_node,price,20,20,0,0.3000000035652582,None
0,area_node,balance_port.price,20,20,0,0.3000000035652582,None
0,area_node,is_near_loss_of_load,20,20,0,0,None
0,area_load,balance_port.flow,20,20,0,-5645,None
0,area_wind,generation_power,20,20,0,667,None
0,area_wind,minus_generation,20,20,0,-667,None
0,area_wind,balance_port.flow,20,20,0,667,None
0,area_solar,generation_power,20,20,0,0,None
0,area_solar,minus_generation,20,20,0,-0,None
0,area_solar,balance_port.flow,20,20,0,0,None
0,area_run_of_river,generation_power,20,20,0,0,None
0,area_run_of_river,minus_generation,20,20,0,-0,None
0,area_run_of_river,balance_port.flow,20,20,0,0,None
0,area_combined_heat_power,generation_power,20,20,0,0,None
0,area_combined_heat_power,minus_generation,20,20,0,-0,None
0,area_combined_heat_power,balance_port.flow,20,20,0,0,None
0,area_biomass,generation_power,20,20,0,0,None
0,area_biomass,minus_generation,20,20,0,-0,None
0,area_biomass,balance_port.flow,20,20,0,0,None
0,area_biogas,generation_power,20,20,0,0,None
0,area_biogas,minus_generation,20,20,0,-0,None
0,area_biogas,balance_port.flow,20,20,0,0,None
0,area_waste,generation_power,20,20,0,0,None
0,area_waste,minus_generation,20,20,0,-0,None
0,area_waste,balance_port.flow,20,20,0,0,None
0,area_geothermal,generation_power,20,20,0,0,None
0,area_geothermal,minus_generation,20,20,0,-0,None
0,area_geothermal,balance_port.flow,20,20,0,0,None
0,area_other,generation_power,20,20,0,0,None
0,area_other,minus_generation,20,20,0,-0,None
0,area_other,balance_port.flow,20,20,0,0,None
0,area_pumped_storage_power,generation_power,20,20,0,0,None
0,area_pumped_storage_power,minus_generation,20,20,0,-0,None
0,area_pumped_storage_power,balance_port.flow,20,20,0,0,None
0,area_rest_world,generation_power,20,20,0,0,None
0,area_rest_world,minus_generation,20,20,0,-0,None
0,area_rest_world,balance_port.flow,20,20,0,0,None
0,area_thermal_default,prop_cost,20,20,0,0,None
0,area_thermal_default,balance_port.flow,20,20,0,0,None
0,area_thermal_default,co2_emissions,20,20,0,0,None
0,area_thermal_default,nh3_emissions,20,20,0,0,None
0,area_thermal_default,so2_emissions,20,20,0,0,None
0,area_thermal_default,nox_emissions,20,20,0,0,None
0,area_thermal_default,pm2_5_emissions,20,20,0,0,None
0,area_thermal_default,pm5_emissions,20,20,0,0,None
0,area_thermal_default,pm10_emissions,20,20,0,0,None
0,area_thermal_default,nmvoc_emissions,20,20,0,0,None
0,area_thermal_default,op1_emissions,20,20,0,0,None
0,area_thermal_default,op2_emissions,20,20,0,0,None
0,area_thermal_default,op3_emissions,20,20,0,0,None
0,area_thermal_default,op4_emissions,20,20,0,0,None
0,area_thermal_default,op5_emissions,20,20,0,0,None
0,area_thermal_default,cluster_availability,20,20,0,0,None
0,area_thermal_default,up_margin,20,20,0,0,None
0,area_thermal_default,min_gen_power,20,20,0,0,None
0,area_thermal_default,down_margin,20,20,0,0,None
0,area_thermal_default,profit,20,20,0,0,None
0,area_node,imbalance_cost,21,21,0,0,None
0,area_node,is_significant_loss_of_load,21,21,0,0,None
0,area_node,is_loss_of_load,21,21,0,0,None
0,area_load,actual_load,21,21,0,5323,None
0,area_node,price,21,21,0,0.2999999953983669,None
0,area_node,balance_port.price,21,21,0,0.2999999953983669,None
0,area_node,is_near_loss_of_load,21,21,0,0,None
0,area_load,balance_port.flow,21,21,0,-5323,None
0,area_wind,generation_power,21,21,0,745,None
0,area_wind,minus_generation,21,21,0,-745,None
0,area_wind,balance_port.flow,21,21,0,745,None
0,area_solar,generation_power,21,21,0,0,None
0,area_solar,minus_generation,21,21,0,-0,None
0,area_solar,balance_port.flow,21,21,0,0,None
0,area_run_of_river,generation_power,21,21,0,0,None
0,area_run_of_river,minus_generation,21,21,0,-0,None
0,area_run_of_river,balance_port.flow,21,21,0,0,None
0,area_combined_heat_power,generation_power,21,21,0,0,None
0,area_combined_heat_power,minus_generation,21,21,0,-0,None
0,area_combined_heat_power,balance_port.flow,21,21,0,0,None
0,area_biomass,generation_power,21,21,0,0,None
0,area_biomass,minus_generation,21,21,0,-0,None
0,area_biomass,balance_port.flow,21,21,0,0,None
0,area_biogas,generation_power,21,21,0,0,None
0,area_biogas,minus_generation,21,21,0,-0,None
0,area_biogas,balance_port.flow,21,21,0,0,None
0,area_waste,generation_power,21,21,0,0,None
0,area_waste,minus_generation,21,21,0,-0,None
0,area_waste,balance_port.flow,21,21,0,0,None
0,area_geothermal,generation_power,21,21,0,0,None
0,area_geothermal,minus_generation,21,21,0,-0,None
0,area_geothermal,balance_port.flow,21,21,0,0,None
0,area_other,generation_power,21,21,0,0,None
0,area_other,minus_generation,21,21,0,-0,None
0,area_other,balance_port.flow,21,21,0,0,None
0,area_pumped_storage_power,generation_power,21,21,0,0,None
0,area_pumped_storage_power,minus_generation,21,21,0,-0,None
0,area_pumped_storage_power,balance_port.flow,21,21,0,0,None
0,area_rest_world,generation_power,21,21,0,0,None
0,area_rest_world,minus_generation,21,21,0,-0,None
0,area_rest_world,balance_port.flow,21,21,0,0,None
0,area_thermal_default,prop_cost,21,21,0,0,None
0,area_thermal_default,balance_port.flow,21,21,0,0,None
0,area_thermal_default,co2_emissions,21,21,0,0,None
0,area_thermal_default,nh3_emissions,21,21,0,0,None
0,area_thermal_default,so2_emissions,21,21,0,0,None
0,area_thermal_default,nox_emissions,21,21,0,0,None
0,area_thermal_default,pm2_5_emissions,21,21,0,0,None
0,area_thermal_default,pm5_emissions,21,21,0,0,None
0,area_thermal_default,pm10_emissions,21,21,0,0,None
0,area_thermal_default,nmvoc_emissions,21,21,0,0,None
0,area_thermal_default,op1_emissions,21,21,0,0,None
0,area_thermal_default,op2_emissions,21,21,0,0,None
0,area_thermal_default,op3_emissions,21,21,0,0,None
0,area_thermal_default,op4_emissions,21,21,0,0,None
0,area_thermal_default,op5_emissions,21,21,0,0,None
0,area_thermal_default,cluster_availability,21,21,0,0,None
0,area_thermal_default,up_margin,21,21,0,0,None
0,area_thermal_default,min_gen_power,21,21,0,0,None
0,area_thermal_default,down_margin,21,21,0,0,None
0,area_thermal_default,profit,21,21,0,0,None
0,area_node,imbalance_cost,22,22,0,0,None
0,area_node,is_significant_loss_of_load,22,22,0,0,None
0,area_node,is_loss_of_load,22,22,0,0,None
0,area_load,actual_load,22,22,0,5396,None
0,area_node,price,22,22,0,0.29999999195554145,None
0,area_node,balance_port.price,22,22,0,0.29999999195554145,None
0,area_node,is_near_loss_of_load,22,22,0,0,None
0,area_load,balance_port.flow,22,22,0,-5396,None
0,area_wind,generation_power,22,22,0,861,None
0,area_wind,minus_generation,22,22,0,-861,None
0,area_wind,balance_port.flow,22,22,0,861,None
0,area_solar,generation_power,22,22,0,0,None
0,area_solar,minus_generation,22,22,0,-0,None
0,area_solar,balance_port.flow,22,22,0,0,None
0,area_run_of_river,generation_power,22,22,0,0,None
0,area_run_of_river,minus_generation,22,22,0,-0,None
0,area_run_of_river,balance_port.flow,22,22,0,0,None
0,area_combined_heat_power,generation_power,22,22,0,0,None
0,area_combined_heat_power,minus_generation,22,22,0,-0,None
0,area_combined_heat_power,balance_port.flow,22,22,0,0,None
0,area_biomass,generation_power,22,22,0,0,None
0,area_biomass,minus_generation,22,22,0,-0,None
0,area_biomass,balance_port.flow,22,22,0,0,None
0,area_biogas,generation_power,22,22,0,0,None
0,area_biogas,minus_generation,22,22,0,-0,None
0,area_biogas,balance_port.flow,22,22,0,0,None
0,area_waste,generation_power,22,22,0,0,None
0,area_waste,minus_generation,22,22,0,-0,None
0,area_waste,balance_port.flow,22,22,0,0,None
0,area_geothermal,generation_power,22,22,0,0,None
0,area_geothermal,minus_generation,22,22,0,-0,None
0,area_geothermal,balance_port.flow,22,22,0,0,None
0,area_other,generation_power,22,22,0,0,None
0,area_other,minus_generation,22,22,0,-0,None
0,area_other,balance_port.flow,22,22,0,0,None
0,area_pumped_storage_power,generation_power,22,22,0,0,None
0,area_pumped_storage_power,minus_generation,22,22,0,-0,None
0,area_pumped_storage_power,balance_port.flow,22,22,0,0,None
0,area_rest_world,generation_power,22,22,0,0,None
0,area_rest_world,minus_generation,22,22,0,-0,None
0,area_rest_world,balance_port.flow,22,22,0,0,None
0,area_thermal_default,prop_cost,22,22,0,0,None
0,area_thermal_default,balance_port.flow,22,22,0,0,None
0,area_thermal_default,co2_emissions,22,22,0,0,None
0,area_thermal_default,nh3_emissions,22,22,0,0,None
0,area_thermal_default,so2_emissions,22,22,0,0,None
0,area_thermal_default,nox_emissions,22,22,0,0,None
0,area_thermal_default,pm2_5_emissions,22,22,0,0,None
0,area_thermal_default,pm5_emissions,22,22,0,0,None
0,area_thermal_default,pm10_emissions,22,22,0,0,None
0,area_thermal_default,nmvoc_emissions,22,22,0,0,None
0,area_thermal_default,op1_emissions,22,22,0,0,None
0,area_thermal_default,op2_emissions,22,22,0,0,None
0,area_thermal_default,op3_emissions,22,22,0,0,None
0,area_thermal_default,op4_emissions,22,22,0,0,None
0,area_thermal_default,op5_emissions,22,22,0,0,None
0,area_thermal_default,cluster_availability,22,22,0,0,None
0,area_thermal_default,up_margin,22,22,0,0,None
0,area_thermal_default,min_gen_power,22,22,0,0,None
0,area_thermal_default,down_margin,22,22,0,0,None
0,area_thermal_default,profit,22,22,0,0,None
0,area_node,imbalance_cost,23,23,0,0,None
0,area_node,is_significant_loss_of_load,23,23,0,0,None
0,area_node,is_loss_of_load,23,23,0,0,None
0,area_load,actual_load,23,23,0,5192,None
0,area_node,price,23,23,0,0.30000000399154814,None
0,area_node,balance_port.price,23,23,0,0.30000000399154814,None
0,area_node,is_near_loss_of_load,23,23,0,0,None
0,area_load,balance_port.flow,23,23,0,-5192,None
0,area_wind,generation_power,23,23,0,909,None
0,area_wind,minus_generation,23,23,0,-909,None
0,area_wind,balance_port.flow,23,23,0,909,None
0,area_solar,generation_power,23,23,0,0,None
0,area_solar,minus_generation,23,23,0,-0,None
0,area_solar,balance_port.flow,23,23,0,0,None
0,area_run_of_river,generation_power,23,23,0,0,None
0,area_run_of_river,minus_generation,23,23,0,-0,None
0,area_run_of_river,balance_port.flow,23,23,0,0,None
0,area_combined_heat_power,generation_power,23,23,0,0,None
0,area_combined_heat_power,minus_generation,23,23,0,-0,None
0,area_combined_heat_power,balance_port.flow,23,23,0,0,None
0,area_biomass,generation_power,23,23,0,0,None
0,area_biomass,minus_generation,23,23,0,-0,None
0,area_biomass,balance_port.flow,23,23,0,0,None
0,area_biogas,generation_power,23,23,0,0,None
0,area_biogas,minus_generation,23,23,0,-0,None
0,area_biogas,balance_port.flow,23,23,0,0,None
0,area_waste,generation_power,23,23,0,0,None
0,area_waste,minus_generation,23,23,0,-0,None
0,area_waste,balance_port.flow,23,23,0,0,None
0,area_geothermal,generation_power,23,23,0,0,None
0,area_geothermal,minus_generation,23,23,0,-0,None
0,area_geothermal,balance_port.flow,23,23,0,0,None
0,area_other,generation_power,23,23,0,0,None
0,area_other,minus_generation,23,23,0,-0,None
0,area_other,balance_port.flow,23,23,0,0,None
0,area_pumped_storage_power,generation_power,23,23,0,0,None
0,area_pumped_storage_power,minus_generation,23,23,0,-0,None
0,area_pumped_storage_power,balance_port.flow,23,23,0,0,None
0,area_rest_world,generation_power,23,23,0,0,None
0,area_rest_world,minus_generation,23,23,0,-0,None
0,area_rest_world,balance_port.flow,23,23,0,0,None
0,area_thermal_default,prop_cost,23,23,0,0,None
0,area_thermal_default,balance_port.flow,23,23,0,0,None
0,area_thermal_default,co2_emissions,23,23,0,0,None
0,area_thermal_default,nh3_emissions,23,23,0,0,None
0,area_thermal_default,so2_emissions,23,23,0,0,None
0,area_thermal_default,nox_emissions,23,23,0,0,None
0,area_thermal_default,pm2_5_emissions,23,23,0,0,None
0,area_thermal_default,pm5_emissions,23,23,0,0,None
0,area_thermal_default,pm10_emissions,23,23,0,0,None
0,area_thermal_default,nmvoc_emissions,23,23,0,0,None
0,area_thermal_default,op1_emissions,23,23,0,0,None
0,area_thermal_default,op2_emissions,23,23,0,0,None
0,area_thermal_default,op3_emissions,23,23,0,0,None
0,area_thermal_default,op4_emissions,23,23,0,0,None
0,area_thermal_default,op5_emissions,23,23,0,0,None
0,area_thermal_default,cluster_availability,23,23,0,0,None
0,area_thermal_default,up_margin,23,23,0,0,None
0,area_thermal_default,min_gen_power,23,23,0,0,None
0,area_thermal_default,down_margin,23,23,0,0,None
0,area_thermal_default,profit,23,23,0,0,None
0,area_node,imbalance_cost,24,24,0,0,None
0,area_node,is_significant_loss_of_load,24,24,0,0,None
0,area_node,is_loss_of_load,24,24,0,0,None
0,area_load,actual_load,24,24,0,4831,None
0,area_node,price,24,24,0,0.2999999942892808,None
0,area_node,balance_port.price,24,24,0,0.2999999942892808,None
0,area_node,is_near_loss_of_load,24,24,0,0,None
0,area_load,balance_port.flow,24,24,0,-4831,None
0,area_wind,generation_power,24,24,0,787,None
0,area_wind,minus_generation,24,24,0,-787,None
0,area_wind,balance_port.flow,24,24,0,787,None
0,area_solar,generation_power,24,24,0,0,None
0,area_solar,minus_generation,24,24,0,-0,None
0,area_solar,balance_port.flow,24,24,0,0,None
0,area_run_of_river,generation_power,24,24,0,0,None
0,area_run_of_river,minus_generation,24,24,0,-0,None
0,area_run_of_river,balance_port.flow,24,24,0,0,None
0,area_combined_heat_power,generation_power,24,24,0,0,None
0,area_combined_heat_power,minus_generation,24,24,0,-0,None
0,area_combined_heat_power,balance_port.flow,24,24,0,0,None
0,area_biomass,generation_power,24,24,0,0,None
0,area_biomass,minus_generation,24,24,0,-0,None
0,area_biomass,balance_port.flow,24,24,0,0,None
0,area_biogas,generation_power,24,24,0,0,None
0,area_biogas,minus_generation,24,24,0,-0,None
0,area_biogas,balance_port.flow,24,24,0,0,None
0,area_waste,generation_power,24,24,0,0,None
0,area_waste,minus_generation,24,24,0,-0,None
0,area_waste,balance_port.flow,24,24,0,0,None
0,area_geothermal,generation_power,24,24,0,0,None
0,area_geothermal,minus_generation,24,24,0,-0,None
0,area_geothermal,balance_port.flow,24,24,0,0,None
0,area_other,generation_power,24,24,0,0,None
0,area_other,minus_generation,24,24,0,-0,None
0,area_other,balance_port.flow,24,24,0,0,None
0,area_pumped_storage_power,generation_power,24,24,0,0,None
0,area_pumped_storage_power,minus_generation,24,24,0,-0,None
0,area_pumped_storage_power,balance_port.flow,24,24,0,0,None
0,area_rest_world,generation_power,24,24,0,0,None
0,area_rest_world,minus_generation,24,24,0,-0,None
0,area_rest_world,balance_port.flow,24,24,0,0,None
0,area_thermal_default,prop_cost,24,24,0,0,None
0,area_thermal_default,balance_port.flow,24,24,0,0,None
0,area_thermal_default,co2_emissions,24,24,0,0,None
0,area_thermal_default,nh3_emissions,24,24,0,0,None
0,area_thermal_default,so2_emissions,24,24,0,0,None
0,area_thermal_default,nox_emissions,24,24,0,0,None
0,area_thermal_default,pm2_5_emissions,24,24,0,0,None
0,area_thermal_default,pm5_emissions,24,24,0,0,None
0,area_thermal_default,pm10_emissions,24,24,0,0,None
0,area_thermal_default,nmvoc_emissions,24,24,0,0,None
0,area_thermal_default,op1_emissions,24,24,0,0,None
0,area_thermal_default,op2_emissions,24,24,0,0,None
0,area_thermal_default,op3_emissions,24,24,0,0,None
0,area_thermal_default,op4_emissions,24,24,0,0,None
0,area_thermal_default,op5_emissions,24,24,0,0,None
0,area_thermal_default,cluster_availability,24,24,0,0,None
0,area_thermal_default,up_margin,24,24,0,0,None
0,area_thermal_default,min_gen_power,24,24,0,0,None
0,area_thermal_default,down_margin,24,24,0,0,None
0,area_thermal_default,profit,24,24,0,0,None
0,area_node,imbalance_cost,25,25,0,0,None
0,area_node,is_significant_loss_of_load,25,25,0,0,None
0,area_node,is_loss_of_load,25,25,0,0,None
0,area_load,actual_load,25,25,0,4467,None
0,area_node,price,25,25,0,0.3000000048389705,None
0,area_node,balance_port.price,25,25,0,0.3000000048389705,None
0,area_node,is_near_loss_of_load,25,25,0,0,None
0,area_load,balance_port.flow,25,25,0,-4467,None
0,area_wind,generation_power,25,25,0,507,None
0,area_wind,minus_generation,25,25,0,-507,None
0,area_wind,balance_port.flow,25,25,0,507,None
0,area_solar,generation_power,25,25,0,0,None
0,area_solar,minus_generation,25,25,0,-0,None
0,area_solar,balance_port.flow,25,25,0,0,None
0,area_run_of_river,generation_power,25,25,0,0,None
0,area_run_of_river,minus_generation,25,25,0,-0,None
0,area_run_of_river,balance_port.flow,25,25,0,0,None
0,area_combined_heat_power,generation_power,25,25,0,0,None
0,area_combined_heat_power,minus_generation,25,25,0,-0,None
0,area_combined_heat_power,balance_port.flow,25,25,0,0,None
0,area_biomass,generation_power,25,25,0,0,None
0,area_biomass,minus_generation,25,25,0,-0,None
0,area_biomass,balance_port.flow,25,25,0,0,None
0,area_biogas,generation_power,25,25,0,0,None
0,area_biogas,minus_generation,25,25,0,-0,None
0,area_biogas,balance_port.flow,25,25,0,0,None
0,area_waste,generation_power,25,25,0,0,None
0,area_waste,minus_generation,25,25,0,-0,None
0,area_waste,balance_port.flow,25,25,0,0,None
0,area_geothermal,generation_power,25,25,0,0,None
0,area_geothermal,minus_generation,25,25,0,-0,None
0,area_geothermal,balance_port.flow,25,25,0,0,None
0,area_other,generation_power,25,25,0,0,None
0,area_other,minus_generation,25,25,0,-0,None
0,area_other,balance_port.flow,25,25,0,0,None
0,area_pumped_storage_power,generation_power,25,25,0,0,None
0,area_pumped_storage_power,minus_generation,25,25,0,-0,None
0,area_pumped_storage_power,balance_port.flow,25,25,0,0,None
0,area_rest_world,generation_power,25,25,0,0,None
0,area_rest_world,minus_generation,25,25,0,-0,None
0,area_rest_world,balance_port.flow,25,25,0,0,None
0,area_thermal_default,prop_cost,25,25,0,0,None
0,area_thermal_default,balance_port.flow,25,25,0,0,None
0,area_thermal_default,co2_emissions,25,25,0,0,None
0,area_thermal_default,nh3_emissions,25,25,0,0,None
0,area_thermal_default,so2_emissions,25,25,0,0,None
0,area_thermal_default,nox_emissions,25,25,0,0,None
0,area_thermal_default,pm2_5_emissions,25,25,0,0,None
0,area_thermal_default,pm5_emissions,25,25,0,0,None
0,area_thermal_default,pm10_emissions,25,25,0,0,None
0,area_thermal_default,nmvoc_emissions,25,25,0,0,None
0,area_thermal_default,op1_emissions,25,25,0,0,None
0,area_thermal_default,op2_emissions,25,25,0,0,None
0,area_thermal_default,op3_emissions,25,25,0,0,None
0,area_thermal_default,op4_emissions,25,25,0,0,None
0,area_thermal_default,op5_emissions,25,25,0,0,None
0,area_thermal_default,cluster_availability,25,25,0,0,None
0,area_thermal_default,up_margin,25,25,0,0,None
0,area_thermal_default,min_gen_power,25,25,0,0,None
0,area_thermal_default,down_margin,25,25,0,0,None
0,area_thermal_default,profit,25,25,0,0,None
0,area_node,imbalance_cost,26,26,0,0,None
0,area_node,is_significant_loss_of_load,26,26,0,0,None
0,area_node,is_loss_of_load,26,26,0,0,None
0,area_load,actual_load,26,26,0,4127,None
0,area_node,price,26,26,0,0.2999999972749199,None
0,area_node,balance_port.price,26,26,0,0.2999999972749199,None
0,area_node,is_near_loss_of_load,26,26,0,0,None
0,area_load,balance_port.flow,26,26,0,-4127,None
0,area_wind,generation_power,26,26,0,431,None
0,area_wind,minus_generation,26,26,0,-431,None
0,area_wind,balance_port.flow,26,26,0,431,None
0,area_solar,generation_power,26,26,0,0,None
0,area_solar,minus_generation,26,26,0,-0,None
0,area_solar,balance_port.flow,26,26,0,0,None
0,area_run_of_river,generation_power,26,26,0,0,None
0,area_run_of_river,minus_generation,26,26,0,-0,None
0,area_run_of_river,balance_port.flow,26,26,0,0,None
0,area_combined_heat_power,generation_power,26,26,0,0,None
0,area_combined_heat_power,minus_generation,26,26,0,-0,None
0,area_combined_heat_power,balance_port.flow,26,26,0,0,None
0,area_biomass,generation_power,26,26,0,0,None
0,area_biomass,minus_generation,26,26,0,-0,None
0,area_biomass,balance_port.flow,26,26,0,0,None
0,area_biogas,generation_power,26,26,0,0,None
0,area_biogas,minus_generation,26,26,0,-0,None
0,area_biogas,balance_port.flow,26,26,0,0,None
0,area_waste,generation_power,26,26,0,0,None
0,area_waste,minus_generation,26,26,0,-0,None
0,area_waste,balance_port.flow,26,26,0,0,None
0,area_geothermal,generation_power,26,26,0,0,None
0,area_geothermal,minus_generation,26,26,0,-0,None
0,area_geothermal,balance_port.flow,26,26,0,0,None
0,area_other,generation_power,26,26,0,0,None
0,area_other,minus_generation,26,26,0,-0,None
0,area_other,balance_port.flow,26,26,0,0,None
0,area_pumped_storage_power,generation_power,26,26,0,0,None
0,area_pumped_storage_power,minus_generation,26,26,0,-0,None
0,area_pumped_storage_power,balance_port.flow,26,26,0,0,None
0,area_rest_world,generation_power,26,26,0,0,None
0,area_rest_world,minus_generation,26,26,0,-0,None
0,area_rest_world,balance_port.flow,26,26,0,0,None
0,area_thermal_default,prop_cost,26,26,0,0,None
0,area_thermal_default,balance_port.flow,26,26,0,0,None
0,area_thermal_default,co2_emissions,26,26,0,0,None
0,area_thermal_default,nh3_emissions,26,26,0,0,None
0,area_thermal_default,so2_emissions,26,26,0,0,None
0,area_thermal_default,nox_emissions,26,26,0,0,None
0,area_thermal_default,pm2_5_emissions,26,26,0,0,None
0,area_thermal_default,pm5_emissions,26,26,0,0,None
0,area_thermal_default,pm10_emissions,26,26,0,0,None
0,area_thermal_default,nmvoc_emissions,26,26,0,0,None
0,area_thermal_default,op1_emissions,26,26,0,0,None
0,area_thermal_default,op2_emissions,26,26,0,0,None
0,area_thermal_default,op3_emissions,26,26,0,0,None
0,area_thermal_default,op4_emissions,26,26,0,0,None
0,area_thermal_default,op5_emissions,26,26,0,0,None
0,area_thermal_default,cluster_availability,26,26,0,0,None
0,area_thermal_default,up_margin,26,26,0,0,None
0,area_thermal_default,min_gen_power,26,26,0,0,None
0,area_thermal_default,down_margin,26,26,0,0,None
0,area_thermal_default,profit,26,26,0,0,None
0,area_node,imbalance_cost,27,27,0,0,None
0,area_node,is_significant_loss_of_load,27,27,0,0,None
0,area_node,is_loss_of_load,27,27,0,0,None
0,area_load,actual_load,27,27,0,4086,None
0,area_node,price,27,27,0,0.29999999473284733,None
0,area_node,balance_port.price,27,27,0,0.29999999473284733,None
0,area_node,is_near_loss_of_load,27,27,0,0,None
0,area_load,balance_port.flow,27,27,0,-4086,None
0,area_wind,generation_power,27,27,0,271,None
0,area_wind,minus_generation,27,27,0,-271,None
0,area_wind,balance_port.flow,27,27,0,271,None
0,area_solar,generation_power,27,27,0,0,None
0,area_solar,minus_generation,27,27,0,-0,None
0,area_solar,balance_port.flow,27,27,0,0,None
0,area_run_of_river,generation_power,27,27,0,0,None
0,area_run_of_river,minus_generation,27,27,0,-0,None
0,area_run_of_river,balance_port.flow,27,27,0,0,None
0,area_combined_heat_power,generation_power,27,27,0,0,None
0,area_combined_heat_power,minus_generation,27,27,0,-0,None
0,area_combined_heat_power,balance_port.flow,27,27,0,0,None
0,area_biomass,generation_power,27,27,0,0,None
0,area_biomass,minus_generation,27,27,0,-0,None
0,area_biomass,balance_port.flow,27,27,0,0,None
0,area_biogas,generation_power,27,27,0,0,None
0,area_biogas,minus_generation,27,27,0,-0,None
0,area_biogas,balance_port.flow,27,27,0,0,None
0,area_waste,generation_power,27,27,0,0,None
0,area_waste,minus_generation,27,27,0,-0,None
0,area_waste,balance_port.flow,27,27,0,0,None
0,area_geothermal,generation_power,27,27,0,0,None
0,area_geothermal,minus_generation,27,27,0,-0,None
0,area_geothermal,balance_port.flow,27,27,0,0,None
0,area_other,generation_power,27,27,0,0,None
0,area_other,minus_generation,27,27,0,-0,None
0,area_other,balance_port.flow,27,27,0,0,None
0,area_pumped_storage_power,generation_power,27,27,0,0,None
0,area_pumped_storage_power,minus_generation,27,27,0,-0,None
0,area_pumped_storage_power,balance_port.flow,27,27,0,0,None
0,area_rest_world,generation_power,27,27,0,0,None
0,area_rest_world,minus_generation,27,27,0,-0,None
0,area_rest_world,balance_port.flow,27,27,0,0,None
0,area_thermal_default,prop_cost,27,27,0,0,None
0,area_thermal_default,balance_port.flow,27,27,0,0,None
0,area_thermal_default,co2_emissions,27,27,0,0,None
0,area_thermal_default,nh3_emissions,27,27,0,0,None
0,area_thermal_default,so2_emissions,27,27,0,0,None
0,area_thermal_default,nox_emissions,27,27,0,0,None
0,area_thermal_default,pm2_5_emissions,27,27,0,0,None
0,area_thermal_default,pm5_emissions,27,27,0,0,None
0,area_thermal_default,pm10_emissions,27,27,0,0,None
0,area_thermal_default,nmvoc_emissions,27,27,0,0,None
0,area_thermal_default,op1_emissions,27,27,0,0,None
0,area_thermal_default,op2_emissions,27,27,0,0,None
0,area_thermal_default,op3_emissions,27,27,0,0,None
0,area_thermal_default,op4_emissions,27,27,0,0,None
0,area_thermal_default,op5_emissions,27,27,0,0,None
0,area_thermal_default,cluster_availability,27,27,0,0,None
0,area_thermal_default,up_margin,27,27,0,0,None
0,area_thermal_default,min_gen_power,27,27,0,0,None
0,area_thermal_default,down_margin,27,27,0,0,None
0,area_thermal_default,profit,27,27,0,0,None
0,area_node,imbalance_cost,28,28,0,0,None
0,area_node,is_significant_loss_of_load,28,28,0,0,None
0,area_node,is_loss_of_load,28,28,0,0,None
0,area_load,actual_load,28,28,0,4198,None
0,area_node,price,28,28,0,0.3000000099315404,None
0,area_node,balance_port.price,28,28,0,0.3000000099315404,None
0,area_node,is_near_loss_of_load,28,28,0,0,None
0,area_load,balance_port.flow,28,28,0,-4198,None
0,area_wind,generation_power,28,28,0,208,None
0,area_wind,minus_generation,28,28,0,-208,None
0,area_wind,balance_port.flow,28,28,0,208,None
0,area_solar,generation_power,28,28,0,0,None
0,area_solar,minus_generation,28,28,0,-0,None
0,area_solar,balance_port.flow,28,28,0,0,None
0,area_run_of_river,generation_power,28,28,0,0,None
0,area_run_of_river,minus_generation,28,28,0,-0,None
0,area_run_of_river,balance_port.flow,28,28,0,0,None
0,area_combined_heat_power,generation_power,28,28,0,0,None
0,area_combined_heat_power,minus_generation,28,28,0,-0,None
0,area_combined_heat_power,balance_port.flow,28,28,0,0,None
0,area_biomass,generation_power,28,28,0,0,None
0,area_biomass,minus_generation,28,28,0,-0,None
0,area_biomass,balance_port.flow,28,28,0,0,None
0,area_biogas,generation_power,28,28,0,0,None
0,area_biogas,minus_generation,28,28,0,-0,None
0,area_biogas,balance_port.flow,28,28,0,0,None
0,area_waste,generation_power,28,28,0,0,None
0,area_waste,minus_generation,28,28,0,-0,None
0,area_waste,balance_port.flow,28,28,0,0,None
0,area_geothermal,generation_power,28,28,0,0,None
0,area_geothermal,minus_generation,28,28,0,-0,None
0,area_geothermal,balance_port.flow,28,28,0,0,None
0,area_other,generation_power,28,28,0,0,None
0,area_other,minus_generation,28,28,0,-0,None
0,area_other,balance_port.flow,28,28,0,0,None
0,area_pumped_storage_power,generation_power,28,28,0,0,None
0,area_pumped_storage_power,minus_generation,28,28,0,-0,None
0,area_pumped_storage_power,balance_port.flow,28,28,0,0,None
0,area_rest_world,generation_power,28,28,0,0,None
0,area_rest_world,minus_generation,28,28,0,-0,None
0,area_rest_world,balance_port.flow,28,28,0,0,None
0,area_thermal_default,prop_cost,28,28,0,0,None
0,area_thermal_default,balance_port.flow,28,28,0,0,None
0,area_thermal_default,co2_emissions,28,28,0,0,None
0,area_thermal_default,nh3_emissions,28,28,0,0,None
0,area_thermal_default,so2_emissions,28,28,0,0,None
0,area_thermal_default,nox_emissions,28,28,0,0,None
0,area_thermal_default,pm2_5_emissions,28,28,0,0,None
0,area_thermal_default,pm5_emissions,28,28,0,0,None
0,area_thermal_default,pm10_emissions,28,28,0,0,None
0,area_thermal_default,nmvoc_emissions,28,28,0,0,None
0,area_thermal_default,op1_emissions,28,28,0,0,None
0,area_thermal_default,op2_emissions,28,28,0,0,None
0,area_thermal_default,op3_emissions,28,28,0,0,None
0,area_thermal_default,op4_emissions,28,28,0,0,None
0,area_thermal_default,op5_emissions,28,28,0,0,None
0,area_thermal_default,cluster_availability,28,28,0,0,None
0,area_thermal_default,up_margin,28,28,0,0,None
0,area_thermal_default,min_gen_power,28,28,0,0,None
0,area_thermal_default,down_margin,28,28,0,0,None
0,area_thermal_default,profit,28,28,0,0,None
0,area_node,imbalance_cost,29,29,0,0,None
0,area_node,is_significant_loss_of_load,29,29,0,0,None
0,area_node,is_loss_of_load,29,29,0,0,None
0,area_load,actual_load,29,29,0,4508,None
0,area_node,price,29,29,0,0.3000000000942931,None
0,area_node,balance_port.price,29,29,0,0.3000000000942931,None
0,area_node,is_near_loss_of_load,29,29,0,0,None
0,area_load,balance_port.flow,29,29,0,-4508,None
0,area_wind,generation_power,29,29,0,167,None
0,area_wind,minus_generation,29,29,0,-167,None
0,area_wind,balance_port.flow,29,29,0,167,None
0,area_solar,generation_power,29,29,0,0,None
0,area_solar,minus_generation,29,29,0,-0,None
0,area_solar,balance_port.flow,29,29,0,0,None
0,area_run_of_river,generation_power,29,29,0,0,None
0,area_run_of_river,minus_generation,29,29,0,-0,None
0,area_run_of_river,balance_port.flow,29,29,0,0,None
0,area_combined_heat_power,generation_power,29,29,0,0,None
0,area_combined_heat_power,minus_generation,29,29,0,-0,None
0,area_combined_heat_power,balance_port.flow,29,29,0,0,None
0,area_biomass,generation_power,29,29,0,0,None
0,area_biomass,minus_generation,29,29,0,-0,None
0,area_biomass,balance_port.flow,29,29,0,0,None
0,area_biogas,generation_power,29,29,0,0,None
0,area_biogas,minus_generation,29,29,0,-0,None
0,area_biogas,balance_port.flow,29,29,0,0,None
0,area_waste,generation_power,29,29,0,0,None
0,area_waste,minus_generation,29,29,0,-0,None
0,area_waste,balance_port.flow,29,29,0,0,None
0,area_geothermal,generation_power,29,29,0,0,None
0,area_geothermal,minus_generation,29,29,0,-0,None
0,area_geothermal,balance_port.flow,29,29,0,0,None
0,area_other,generation_power,29,29,0,0,None
0,area_other,minus_generation,29,29,0,-0,None
0,area_other,balance_port.flow,29,29,0,0,None
0,area_pumped_storage_power,generation_power,29,29,0,0,None
0,area_pumped_storage_power,minus_generation,29,29,0,-0,None
0,area_pumped_storage_power,balance_port.flow,29,29,0,0,None
0,area_rest_world,generation_power,29,29,0,0,None
0,area_rest_world,minus_generation,29,29,0,-0,None
0,area_rest_world,balance_port.flow,29,29,0,0,None
0,area_thermal_default,prop_cost,29,29,0,0,None
0,area_thermal_default,balance_port.flow,29,29,0,0,None
0,area_thermal_default,co2_emissions,29,29,0,0,None
0,area_thermal_default,nh3_emissions,29,29,0,0,None
0,area_thermal_default,so2_emissions,29,29,0,0,None
0,area_thermal_default,nox_emissions,29,29,0,0,None
0,area_thermal_default,pm2_5_emissions,29,29,0,0,None
0,area_thermal_default,pm5_emissions,29,29,0,0,None
0,area_thermal_default,pm10_emissions,29,29,0,0,None
0,area_thermal_default,nmvoc_emissions,29,29,0,0,None
0,area_thermal_default,op1_emissions,29,29,0,0,None
0,area_thermal_default,op2_emissions,29,29,0,0,None
0,area_thermal_default,op3_emissions,29,29,0,0,None
0,area_thermal_default,op4_emissions,29,29,0,0,None
0,area_thermal_default,op5_emissions,29,29,0,0,None
0,area_thermal_default,cluster_availability,29,29,0,0,None
0,area_thermal_default,up_margin,29,29,0,0,None
0,area_thermal_default,min_gen_power,29,29,0,0,None
0,area_thermal_default,down_margin,29,29,0,0,None
0,area_thermal_default,profit,29,29,0,0,None
0,area_node,imbalance_cost,30,30,0,0,None
0,area_node,is_significant_loss_of_load,30,30,0,0,None
0,area_node,is_loss_of_load,30,30,0,0,None
0,area_load,actual_load,30,30,0,5029,None
0,area_node,price,30,30,0,0.30000000128873955,None
0,area_node,balance_port.price,30,30,0,0.30000000128873955,None
0,area_node,is_near_loss_of_load,30,30,0,0,None
0,area_load,balance_port.flow,30,30,0,-5029,None
0,area_wind,generation_power,30,30,0,160,None
0,area_wind,minus_generation,30,30,0,-160,None
0,area_wind,balance_port.flow,30,30,0,160,None
0,area_solar,generation_power,30,30,0,0,None
0,area_solar,minus_generation,30,30,0,-0,None
0,area_solar,balance_port.flow,30,30,0,0,None
0,area_run_of_river,generation_power,30,30,0,0,None
0,area_run_of_river,minus_generation,30,30,0,-0,None
0,area_run_of_river,balance_port.flow,30,30,0,0,None
0,area_combined_heat_power,generation_power,30,30,0,0,None
0,area_combined_heat_power,minus_generation,30,30,0,-0,None
0,area_combined_heat_power,balance_port.flow,30,30,0,0,None
0,area_biomass,generation_power,30,30,0,0,None
0,area_biomass,minus_generation,30,30,0,-0,None
0,area_biomass,balance_port.flow,30,30,0,0,None
0,area_biogas,generation_power,30,30,0,0,None
0,area_biogas,minus_generation,30,30,0,-0,None
0,area_biogas,balance_port.flow,30,30,0,0,None
0,area_waste,generation_power,30,30,0,0,None
0,area_waste,minus_generation,30,30,0,-0,None
0,area_waste,balance_port.flow,30,30,0,0,None
0,area_geothermal,generation_power,30,30,0,0,None
0,area_geothermal,minus_generation,30,30,0,-0,None
0,area_geothermal,balance_port.flow,30,30,0,0,None
0,area_other,generation_power,30,30,0,0,None
0,area_other,minus_generation,30,30,0,-0,None
0,area_other,balance_port.flow,30,30,0,0,None
0,area_pumped_storage_power,generation_power,30,30,0,0,None
0,area_pumped_storage_power,minus_generation,30,30,0,-0,None
0,area_pumped_storage_power,balance_port.flow,30,30,0,0,None
0,area_rest_world,generation_power,30,30,0,0,None
0,area_rest_world,minus_generation,30,30,0,-0,None
0,area_rest_world,balance_port.flow,30,30,0,0,None
0,area_thermal_default,prop_cost,30,30,0,0,None
0,area_thermal_default,balance_port.flow,30,30,0,0,None
0,area_thermal_default,co2_emissions,30,30,0,0,None
0,area_thermal_default,nh3_emissions,30,30,0,0,None
0,area_thermal_default,so2_emissions,30,30,0,0,None
0,area_thermal_default,nox_emissions,30,30,0,0,None
0,area_thermal_default,pm2_5_emissions,30,30,0,0,None
0,area_thermal_default,pm5_emissions,30,30,0,0,None
0,area_thermal_default,pm10_emissions,30,30,0,0,None
0,area_thermal_default,nmvoc_emissions,30,30,0,0,None
0,area_thermal_default,op1_emissions,30,30,0,0,None
0,area_thermal_default,op2_emissions,30,30,0,0,None
0,area_thermal_default,op3_emissions,30,30,0,0,None
0,area_thermal_default,op4_emissions,30,30,0,0,None
0,area_thermal_default,op5_emissions,30,30,0,0,None
0,area_thermal_default,cluster_availability,30,30,0,0,None
0,area_thermal_default,up_margin,30,30,0,0,None
0,area_thermal_default,min_gen_power,30,30,0,0,None
0,area_thermal_default,down_margin,30,30,0,0,None
0,area_thermal_default,profit,30,30,0,0,None
0,area_node,imbalance_cost,31,31,0,0,None
0,area_node,is_significant_loss_of_load,31,31,0,0,None
0,area_node,is_loss_of_load,31,31,0,0,None
0,area_load,actual_load,31,31,0,5623,None
0,area_node,price,31,31,0,0.2999999921652968,None
0,area_node,balance_port.price,31,31,0,0.2999999921652968,None
0,area_node,is_near_loss_of_load,31,31,0,0,None
0,area_load,balance_port.flow,31,31,0,-5623,None
0,area_wind,generation_power,31,31,0,156,None
0,area_wind,minus_generation,31,31,0,-156,None
0,area_wind,balance_port.flow,31,31,0,156,None
0,area_solar,generation_power,31,31,0,0,None
0,area_solar,minus_generation,31,31,0,-0,None
0,area_solar,balance_port.flow,31,31,0,0,None
0,area_run_of_river,generation_power,31,31,0,0,None
0,area_run_of_river,minus_generation,31,31,0,-0,None
0,area_run_of_river,balance_port.flow,31,31,0,0,None
0,area_combined_heat_power,generation_power,31,31,0,0,None
0,area_combined_heat_power,minus_generation,31,31,0,-0,None
0,area_combined_heat_power,balance_port.flow,31,31,0,0,None
0,area_biomass,generation_power,31,31,0,0,None
0,area_biomass,minus_generation,31,31,0,-0,None
0,area_biomass,balance_port.flow,31,31,0,0,None
0,area_biogas,generation_power,31,31,0,0,None
0,area_biogas,minus_generation,31,31,0,-0,None
0,area_biogas,balance_port.flow,31,31,0,0,None
0,area_waste,generation_power,31,31,0,0,None
0,area_waste,minus_generation,31,31,0,-0,None
0,area_waste,balance_port.flow,31,31,0,0,None
0,area_geothermal,generation_power,31,31,0,0,None
0,area_geothermal,minus_generation,31,31,0,-0,None
0,area_geothermal,balance_port.flow,31,31,0,0,None
0,area_other,generation_power,31,31,0,0,None
0,area_other,minus_generation,31,31,0,-0,None
0,area_other,balance_port.flow,31,31,0,0,None
0,area_pumped_storage_power,generation_power,31,31,0,0,None
0,area_pumped_storage_power,minus_generation,31,31,0,-0,None
0,area_pumped_storage_power,balance_port.flow,31,31,0,0,None
0,area_rest_world,generation_power,31,31,0,0,None
0,area_rest_world,minus_generation,31,31,0,-0,None
0,area_rest_world,balance_port.flow,31,31,0,0,None
0,area_thermal_default,prop_cost,31,31,0,0,None
0,area_thermal_default,balance_port.flow,31,31,0,0,None
0,area_thermal_default,co2_emissions,31,31,0,0,None
0,area_thermal_default,nh3_emissions,31,31,0,0,None
0,area_thermal_default,so2_emissions,31,31,0,0,None
0,area_thermal_default,nox_emissions,31,31,0,0,None
0,area_thermal_default,pm2_5_emissions,31,31,0,0,None
0,area_thermal_default,pm5_emissions,31,31,0,0,None
0,area_thermal_default,pm10_emissions,31,31,0,0,None
0,area_thermal_default,nmvoc_emissions,31,31,0,0,None
0,area_thermal_default,op1_emissions,31,31,0,0,None
0,area_thermal_default,op2_emissions,31,31,0,0,None
0,area_thermal_default,op3_emissions,31,31,0,0,None
0,area_thermal_default,op4_emissions,31,31,0,0,None
0,area_thermal_default,op5_emissions,31,31,0,0,None
0,area_thermal_default,cluster_availability,31,31,0,0,None
0,area_thermal_default,up_margin,31,31,0,0,None
0,area_thermal_default,min_gen_power,31,31,0,0,None
0,area_thermal_default,down_margin,31,31,0,0,None
0,area_thermal_default,profit,31,31,0,0,None
0,area_node,imbalance_cost,32,32,0,0,None
0,area_node,is_significant_loss_of_load,32,32,0,0,None
0,area_node,is_loss_of_load,32,32,0,0,None
0,area_load,actual_load,32,32,0,5739,None
0,area_node,price,32,32,0,0.3000000002266526,None
0,area_node,balance_port.price,32,32,0,0.3000000002266526,None
0,area_node,is_near_loss_of_load,32,32,0,0,None
0,area_load,balance_port.flow,32,32,0,-5739,None
0,area_wind,generation_power,32,32,0,162,None
0,area_wind,minus_generation,32,32,0,-162,None
0,area_wind,balance_port.flow,32,32,0,162,None
0,area_solar,generation_power,32,32,0,0,None
0,area_solar,minus_generation,32,32,0,-0,None
0,area_solar,balance_port.flow,32,32,0,0,None
0,area_run_of_river,generation_power,32,32,0,0,None
0,area_run_of_river,minus_generation,32,32,0,-0,None
0,area_run_of_river,balance_port.flow,32,32,0,0,None
0,area_combined_heat_power,generation_power,32,32,0,0,None
0,area_combined_heat_power,minus_generation,32,32,0,-0,None
0,area_combined_heat_power,balance_port.flow,32,32,0,0,None
0,area_biomass,generation_power,32,32,0,0,None
0,area_biomass,minus_generation,32,32,0,-0,None
0,area_biomass,balance_port.flow,32,32,0,0,None
0,area_biogas,generation_power,32,32,0,0,None
0,area_biogas,minus_generation,32,32,0,-0,None
0,area_biogas,balance_port.flow,32,32,0,0,None
0,area_waste,generation_power,32,32,0,0,None
0,area_waste,minus_generation,32,32,0,-0,None
0,area_waste,balance_port.flow,32,32,0,0,None
0,area_geothermal,generation_power,32,32,0,0,None
0,area_geothermal,minus_generation,32,32,0,-0,None
0,area_geothermal,balance_port.flow,32,32,0,0,None
0,area_other,generation_power,32,32,0,0,None
0,area_other,minus_generation,32,32,0,-0,None
0,area_other,balance_port.flow,32,32,0,0,None
0,area_pumped_storage_power,generation_power,32,32,0,0,None
0,area_pumped_storage_power,minus_generation,32,32,0,-0,None
0,area_pumped_storage_power,balance_port.flow,32,32,0,0,None
0,area_rest_world,generation_power,32,32,0,0,None
0,area_rest_world,minus_generation,32,32,0,-0,None
0,area_rest_world,balance_port.flow,32,32,0,0,None
0,area_thermal_default,prop_cost,32,32,0,0,None
0,area_thermal_default,balance_port.flow,32,32,0,0,None
0,area_thermal_default,co2_emissions,32,32,0,0,None
0,area_thermal_default,nh3_emissions,32,32,0,0,None
0,area_thermal_default,so2_emissions,32,32,0,0,None
0,area_thermal_default,nox_emissions,32,32,0,0,None
0,area_thermal_default,pm2_5_emissions,32,32,0,0,None
0,area_thermal_default,pm5_emissions,32,32,0,0,None
0,area_thermal_default,pm10_emissions,32,32,0,0,None
0,area_thermal_default,nmvoc_emissions,32,32,0,0,None
0,area_thermal_default,op1_emissions,32,32,0,0,None
0,area_thermal_default,op2_emissions,32,32,0,0,None
0,area_thermal_default,op3_emissions,32,32,0,0,None
0,area_thermal_default,op4_emissions,32,32,0,0,None
0,area_thermal_default,op5_emissions,32,32,0,0,None
0,area_thermal_default,cluster_availability,32,32,0,0,None
0,area_thermal_default,up_margin,32,32,0,0,None
0,area_thermal_default,min_gen_power,32,32,0,0,None
0,area_thermal_default,down_margin,32,32,0,0,None
0,area_thermal_default,profit,32,32,0,0,None
0,area_node,imbalance_cost,33,33,0,0,None
0,area_node,is_significant_loss_of_load,33,33,0,0,None
0,area_node,is_loss_of_load,33,33,0,0,None
0,area_load,actual_load,33,33,0,6111,None
0,area_node,price,33,33,0,0.2999999987012825,None
0,area_node,balance_port.price,33,33,0,0.2999999987012825,None
0,area_node,is_near_loss_of_load,33,33,0,0,None
0,area_load,balance_port.flow,33,33,0,-6111,None
0,area_wind,generation_power,33,33,0,159,None
0,area_wind,minus_generation,33,33,0,-159,None
0,area_wind,balance_port.flow,33,33,0,159,None
0,area_solar,generation_power,33,33,0,0,None
0,area_solar,minus_generation,33,33,0,-0,None
0,area_solar,balance_port.flow,33,33,0,0,None
0,area_run_of_river,generation_power,33,33,0,0,None
0,area_run_of_river,minus_generation,33,33,0,-0,None
0,area_run_of_river,balance_port.flow,33,33,0,0,None
0,area_combined_heat_power,generation_power,33,33,0,0,None
0,area_combined_heat_power,minus_generation,33,33,0,-0,None
0,area_combined_heat_power,balance_port.flow,33,33,0,0,None
0,area_biomass,generation_power,33,33,0,0,None
0,area_biomass,minus_generation,33,33,0,-0,None
0,area_biomass,balance_port.flow,33,33,0,0,None
0,area_biogas,generation_power,33,33,0,0,None
0,area_biogas,minus_generation,33,33,0,-0,None
0,area_biogas,balance_port.flow,33,33,0,0,None
0,area_waste,generation_power,33,33,0,0,None
0,area_waste,minus_generation,33,33,0,-0,None
0,area_waste,balance_port.flow,33,33,0,0,None
0,area_geothermal,generation_power,33,33,0,0,None
0,area_geothermal,minus_generation,33,33,0,-0,None
0,area_geothermal,balance_port.flow,33,33,0,0,None
0,area_other,generation_power,33,33,0,0,None
0,area_other,minus_generation,33,33,0,-0,None
0,area_other,balance_port.flow,33,33,0,0,None
0,area_pumped_storage_power,generation_power,33,33,0,0,None
0,area_pumped_storage_power,minus_generation,33,33,0,-0,None
0,area_pumped_storage_power,balance_port.flow,33,33,0,0,None
0,area_rest_world,generation_power,33,33,0,0,None
0,area_rest_world,minus_generation,33,33,0,-0,None
0,area_rest_world,balance_port.flow,33,33,0,0,None
0,area_thermal_default,prop_cost,33,33,0,0,None
0,area_thermal_default,balance_port.flow,33,33,0,0,None
0,area_thermal_default,co2_emissions,33,33,0,0,None
0,area_thermal_default,nh3_emissions,33,33,0,0,None
0,area_thermal_default,so2_emissions,33,33,0,0,None
0,area_thermal_default,nox_emissions,33,33,0,0,None
0,area_thermal_default,pm2_5_emissions,33,33,0,0,None
0,area_thermal_default,pm5_emissions,33,33,0,0,None
0,area_thermal_default,pm10_emissions,33,33,0,0,None
0,area_thermal_default,nmvoc_emissions,33,33,0,0,None
0,area_thermal_default,op1_emissions,33,33,0,0,None
0,area_thermal_default,op2_emissions,33,33,0,0,None
0,area_thermal_default,op3_emissions,33,33,0,0,None
0,area_thermal_default,op4_emissions,33,33,0,0,None
0,area_thermal_default,op5_emissions,33,33,0,0,None
0,area_thermal_default,cluster_availability,33,33,0,0,None
0,area_thermal_default,up_margin,33,33,0,0,None
0,area_thermal_default,min_gen_power,33,33,0,0,None
0,area_thermal_default,down_margin,33,33,0,0,None
0,area_thermal_default,profit,33,33,0,0,None
0,area_node,imbalance_cost,34,34,0,0,None
0,area_node,is_significant_loss_of_load,34,34,0,0,None
0,area_node,is_loss_of_load,34,34,0,0,None
0,area_load,actual_load,34,34,0,5997,None
0,area_node,price,34,34,0,0.2999999962104979,None
0,area_node,balance_port.price,34,34,0,0.2999999962104979,None
0,area_node,is_near_loss_of_load,34,34,0,0,None
0,area_load,balance_port.flow,34,34,0,-5997,None
0,area_wind,generation_power,34,34,0,169,None
0,area_wind,minus_generation,34,34,0,-169,None
0,area_wind,balance_port.flow,34,34,0,169,None
0,area_solar,generation_power,34,34,0,0,None
0,area_solar,minus_generation,34,34,0,-0,None
0,area_solar,balance_port.flow,34,34,0,0,None
0,area_run_of_river,generation_power,34,34,0,0,None
0,area_run_of_river,minus_generation,34,34,0,-0,None
0,area_run_of_river,balance_port.flow,34,34,0,0,None
0,area_combined_heat_power,generation_power,34,34,0,0,None
0,area_combined_heat_power,minus_generation,34,34,0,-0,None
0,area_combined_heat_power,balance_port.flow,34,34,0,0,None
0,area_biomass,generation_power,34,34,0,0,None
0,area_biomass,minus_generation,34,34,0,-0,None
0,area_biomass,balance_port.flow,34,34,0,0,None
0,area_biogas,generation_power,34,34,0,0,None
0,area_biogas,minus_generation,34,34,0,-0,None
0,area_biogas,balance_port.flow,34,34,0,0,None
0,area_waste,generation_power,34,34,0,0,None
0,area_waste,minus_generation,34,34,0,-0,None
0,area_waste,balance_port.flow,34,34,0,0,None
0,area_geothermal,generation_power,34,34,0,0,None
0,area_geothermal,minus_generation,34,34,0,-0,None
0,area_geothermal,balance_port.flow,34,34,0,0,None
0,area_other,generation_power,34,34,0,0,None
0,area_other,minus_generation,34,34,0,-0,None
0,area_other,balance_port.flow,34,34,0,0,None
0,area_pumped_storage_power,generation_power,34,34,0,0,None
0,area_pumped_storage_power,minus_generation,34,34,0,-0,None
0,area_pumped_storage_power,balance_port.flow,34,34,0,0,None
0,area_rest_world,generation_power,34,34,0,0,None
0,area_rest_world,minus_generation,34,34,0,-0,None
0,area_rest_world,balance_port.flow,34,34,0,0,None
0,area_thermal_default,prop_cost,34,34,0,0,None
0,area_thermal_default,balance_port.flow,34,34,0,0,None
0,area_thermal_default,co2_emissions,34,34,0,0,None
0,area_thermal_default,nh3_emissions,34,34,0,0,None
0,area_thermal_default,so2_emissions,34,34,0,0,None
0,area_thermal_default,nox_emissions,34,34,0,0,None
0,area_thermal_default,pm2_5_emissions,34,34,0,0,None
0,area_thermal_default,pm5_emissions,34,34,0,0,None
0,area_thermal_default,pm10_emissions,34,34,0,0,None
0,area_thermal_default,nmvoc_emissions,34,34,0,0,None
0,area_thermal_default,op1_emissions,34,34,0,0,None
0,area_thermal_default,op2_emissions,34,34,0,0,None
0,area_thermal_default,op3_emissions,34,34,0,0,None
0,area_thermal_default,op4_emissions,34,34,0,0,None
0,area_thermal_default,op5_emissions,34,34,0,0,None
0,area_thermal_default,cluster_availability,34,34,0,0,None
0,area_thermal_default,up_margin,34,34,0,0,None
0,area_thermal_default,min_gen_power,34,34,0,0,None
0,area_thermal_default,down_margin,34,34,0,0,None
0,area_thermal_default,profit,34,34,0,0,None
0,area_node,imbalance_cost,35,35,0,0,None
0,area_node,is_significant_loss_of_load,35,35,0,0,None
0,area_node,is_loss_of_load,35,35,0,0,None
0,area_load,actual_load,35,35,0,6058,None
0,area_node,price,35,35,0,0.29999999523196536,None
0,area_node,balance_port.price,35,35,0,0.29999999523196536,None
0,area_node,is_near_loss_of_load,35,35,0,0,None
0,area_load,balance_port.flow,35,35,0,-6058,None
0,area_wind,generation_power,35,35,0,246,None
0,area_wind,minus_generation,35,35,0,-246,None
0,area_wind,balance_port.flow,35,35,0,246,None
0,area_solar,generation_power,35,35,0,0,None
0,area_solar,minus_generation,35,35,0,-0,None
0,area_solar,balance_port.flow,35,35,0,0,None
0,area_run_of_river,generation_power,35,35,0,0,None
0,area_run_of_river,minus_generation,35,35,0,-0,None
0,area_run_of_river,balance_port.flow,35,35,0,0,None
0,area_combined_heat_power,generation_power,35,35,0,0,None
0,area_combined_heat_power,minus_generation,35,35,0,-0,None
0,area_combined_heat_power,balance_port.flow,35,35,0,0,None
0,area_biomass,generation_power,35,35,0,0,None
0,area_biomass,minus_generation,35,35,0,-0,None
0,area_biomass,balance_port.flow,35,35,0,0,None
0,area_biogas,generation_power,35,35,0,0,None
0,area_biogas,minus_generation,35,35,0,-0,None
0,area_biogas,balance_port.flow,35,35,0,0,None
0,area_waste,generation_power,35,35,0,0,None
0,area_waste,minus_generation,35,35,0,-0,None
0,area_waste,balance_port.flow,35,35,0,0,None
0,area_geothermal,generation_power,35,35,0,0,None
0,area_geothermal,minus_generation,35,35,0,-0,None
0,area_geothermal,balance_port.flow,35,35,0,0,None
0,area_other,generation_power,35,35,0,0,None
0,area_other,minus_generation,35,35,0,-0,None
0,area_other,balance_port.flow,35,35,0,0,None
0,area_pumped_storage_power,generation_power,35,35,0,0,None
0,area_pumped_storage_power,minus_generation,35,35,0,-0,None
0,area_pumped_storage_power,balance_port.flow,35,35,0,0,None
0,area_rest_world,generation_power,35,35,0,0,None
0,area_rest_world,minus_generation,35,35,0,-0,None
0,area_rest_world,balance_port.flow,35,35,0,0,None
0,area_thermal_default,prop_cost,35,35,0,0,None
0,area_thermal_default,balance_port.flow,35,35,0,0,None
0,area_thermal_default,co2_emissions,35,35,0,0,None
0,area_thermal_default,nh3_emissions,35,35,0,0,None
0,area_thermal_default,so2_emissions,35,35,0,0,None
0,area_thermal_default,nox_emissions,35,35,0,0,None
0,area_thermal_default,pm2_5_emissions,35,35,0,0,None
0,area_thermal_default,pm5_emissions,35,35,0,0,None
0,area_thermal_default,pm10_emissions,35,35,0,0,None
0,area_thermal_default,nmvoc_emissions,35,35,0,0,None
0,area_thermal_default,op1_emissions,35,35,0,0,None
0,area_thermal_default,op2_emissions,35,35,0,0,None
0,area_thermal_default,op3_emissions,35,35,0,0,None
0,area_thermal_default,op4_emissions,35,35,0,0,None
0,area_thermal_default,op5_emissions,35,35,0,0,None
0,area_thermal_default,cluster_availability,35,35,0,0,None
0,area_thermal_default,up_margin,35,35,0,0,None
0,area_thermal_default,min_gen_power,35,35,0,0,None
0,area_thermal_default,down_margin,35,35,0,0,None
0,area_thermal_default,profit,35,35,0,0,None
0,area_node,imbalance_cost,36,36,0,0,None
0,area_node,is_significant_loss_of_load,36,36,0,0,None
0,area_node,is_loss_of_load,36,36,0,0,None
0,area_load,actual_load,36,36,0,6097,None
0,area_node,price,36,36,0,0.29999999980633135,None
0,area_node,balance_port.price,36,36,0,0.29999999980633135,None
0,area_node,is_near_loss_of_load,36,36,0,0,None
0,area_load,balance_port.flow,36,36,0,-6097,None
0,area_wind,generation_power,36,36,0,246,None
0,area_wind,minus_generation,36,36,0,-246,None
0,area_wind,balance_port.flow,36,36,0,246,None
0,area_solar,generation_power,36,36,0,0,None
0,area_solar,minus_generation,36,36,0,-0,None
0,area_solar,balance_port.flow,36,36,0,0,None
0,area_run_of_river,generation_power,36,36,0,0,None
0,area_run_of_river,minus_generation,36,36,0,-0,None
0,area_run_of_river,balance_port.flow,36,36,0,0,None
0,area_combined_heat_power,generation_power,36,36,0,0,None
0,area_combined_heat_power,minus_generation,36,36,0,-0,None
0,area_combined_heat_power,balance_port.flow,36,36,0,0,None
0,area_biomass,generation_power,36,36,0,0,None
0,area_biomass,minus_generation,36,36,0,-0,None
0,area_biomass,balance_port.flow,36,36,0,0,None
0,area_biogas,generation_power,36,36,0,0,None
0,area_biogas,minus_generation,36,36,0,-0,None
0,area_biogas,balance_port.flow,36,36,0,0,None
0,area_waste,generation_power,36,36,0,0,None
0,area_waste,minus_generation,36,36,0,-0,None
0,area_waste,balance_port.flow,36,36,0,0,None
0,area_geothermal,generation_power,36,36,0,0,None
0,area_geothermal,minus_generation,36,36,0,-0,None
0,area_geothermal,balance_port.flow,36,36,0,0,None
0,area_other,generation_power,36,36,0,0,None
0,area_other,minus_generation,36,36,0,-0,None
0,area_other,balance_port.flow,36,36,0,0,None
0,area_pumped_storage_power,generation_power,36,36,0,0,None
0,area_pumped_storage_power,minus_generation,36,36,0,-0,None
0,area_pumped_storage_power,balance_port.flow,36,36,0,0,None
0,area_rest_world,generation_power,36,36,0,0,None
0,area_rest_world,minus_generation,36,36,0,-0,None
0,area_rest_world,balance_port.flow,36,36,0,0,None
0,area_thermal_default,prop_cost,36,36,0,0,None
0,area_thermal_default,balance_port.flow,36,36,0,0,None
0,area_thermal_default,co2_emissions,36,36,0,0,None
0,area_thermal_default,nh3_emissions,36,36,0,0,None
0,area_thermal_default,so2_emissions,36,36,0,0,None
0,area_thermal_default,nox_emissions,36,36,0,0,None
0,area_thermal_default,pm2_5_emissions,36,36,0,0,None
0,area_thermal_default,pm5_emissions,36,36,0,0,None
0,area_thermal_default,pm10_emissions,36,36,0,0,None
0,area_thermal_default,nmvoc_emissions,36,36,0,0,None
0,area_thermal_default,op1_emissions,36,36,0,0,None
0,area_thermal_default,op2_emissions,36,36,0,0,None
0,area_thermal_default,op3_emissions,36,36,0,0,None
0,area_thermal_default,op4_emissions,36,36,0,0,None
0,area_thermal_default,op5_emissions,36,36,0,0,None
0,area_thermal_default,cluster_availability,36,36,0,0,None
0,area_thermal_default,up_margin,36,36,0,0,None
0,area_thermal_default,min_gen_power,36,36,0,0,None
0,area_thermal_default,down_margin,36,36,0,0,None
0,area_thermal_default,profit,36,36,0,0,None
0,area_node,imbalance_cost,37,37,0,0,None
0,area_node,is_significant_loss_of_load,37,37,0,0,None
0,area_node,is_loss_of_load,37,37,0,0,None
0,area_load,actual_load,37,37,0,5828,None
0,area_node,price,37,37,0,0.3000000087732023,None
0,area_node,balance_port.price,37,37,0,0.3000000087732023,None
0,area_node,is_near_loss_of_load,37,37,0,0,None
0,area_load,balance_port.flow,37,37,0,-5828,None
0,area_wind,generation_power,37,37,0,358,None
0,area_wind,minus_generation,37,37,0,-358,None
0,area_wind,balance_port.flow,37,37,0,358,None
0,area_solar,generation_power,37,37,0,0,None
0,area_solar,minus_generation,37,37,0,-0,None
0,area_solar,balance_port.flow,37,37,0,0,None
0,area_run_of_river,generation_power,37,37,0,0,None
0,area_run_of_river,minus_generation,37,37,0,-0,None
0,area_run_of_river,balance_port.flow,37,37,0,0,None
0,area_combined_heat_power,generation_power,37,37,0,0,None
0,area_combined_heat_power,minus_generation,37,37,0,-0,None
0,area_combined_heat_power,balance_port.flow,37,37,0,0,None
0,area_biomass,generation_power,37,37,0,0,None
0,area_biomass,minus_generation,37,37,0,-0,None
0,area_biomass,balance_port.flow,37,37,0,0,None
0,area_biogas,generation_power,37,37,0,0,None
0,area_biogas,minus_generation,37,37,0,-0,None
0,area_biogas,balance_port.flow,37,37,0,0,None
0,area_waste,generation_power,37,37,0,0,None
0,area_waste,minus_generation,37,37,0,-0,None
0,area_waste,balance_port.flow,37,37,0,0,None
0,area_geothermal,generation_power,37,37,0,0,None
0,area_geothermal,minus_generation,37,37,0,-0,None
0,area_geothermal,balance_port.flow,37,37,0,0,None
0,area_other,generation_power,37,37,0,0,None
0,area_other,minus_generation,37,37,0,-0,None
0,area_other,balance_port.flow,37,37,0,0,None
0,area_pumped_storage_power,generation_power,37,37,0,0,None
0,area_pumped_storage_power,minus_generation,37,37,0,-0,None
0,area_pumped_storage_power,balance_port.flow,37,37,0,0,None
0,area_rest_world,generation_power,37,37,0,0,None
0,area_rest_world,minus_generation,37,37,0,-0,None
0,area_rest_world,balance_port.flow,37,37,0,0,None
0,area_thermal_default,prop_cost,37,37,0,0,None
0,area_thermal_default,balance_port.flow,37,37,0,0,None
0,area_thermal_default,co2_emissions,37,37,0,0,None
0,area_thermal_default,nh3_emissions,37,37,0,0,None
0,area_thermal_default,so2_emissions,37,37,0,0,None
0,area_thermal_default,nox_emissions,37,37,0,0,None
0,area_thermal_default,pm2_5_emissions,37,37,0,0,None
0,area_thermal_default,pm5_emissions,37,37,0,0,None
0,area_thermal_default,pm10_emissions,37,37,0,0,None
0,area_thermal_default,nmvoc_emissions,37,37,0,0,None
0,area_thermal_default,op1_emissions,37,37,0,0,None
0,area_thermal_default,op2_emissions,37,37,0,0,None
0,area_thermal_default,op3_emissions,37,37,0,0,None
0,area_thermal_default,op4_emissions,37,37,0,0,None
0,area_thermal_default,op5_emissions,37,37,0,0,None
0,area_thermal_default,cluster_availability,37,37,0,0,None
0,area_thermal_default,up_margin,37,37,0,0,None
0,area_thermal_default,min_gen_power,37,37,0,0,None
0,area_thermal_default,down_margin,37,37,0,0,None
0,area_thermal_default,profit,37,37,0,0,None
0,area_node,imbalance_cost,38,38,0,0,None
0,area_node,is_significant_loss_of_load,38,38,0,0,None
0,area_node,is_loss_of_load,38,38,0,0,None
0,area_load,actual_load,38,38,0,5676,None
0,area_node,price,38,38,0,0.3000000085800373,None
0,area_node,balance_port.price,38,38,0,0.3000000085800373,None
0,area_node,is_near_loss_of_load,38,38,0,0,None
0,area_load,balance_port.flow,38,38,0,-5676,None
0,area_wind,generation_power,38,38,0,410,None
0,area_wind,minus_generation,38,38,0,-410,None
0,area_wind,balance_port.flow,38,38,0,410,None
0,area_solar,generation_power,38,38,0,0,None
0,area_solar,minus_generation,38,38,0,-0,None
0,area_solar,balance_port.flow,38,38,0,0,None
0,area_run_of_river,generation_power,38,38,0,0,None
0,area_run_of_river,minus_generation,38,38,0,-0,None
0,area_run_of_river,balance_port.flow,38,38,0,0,None
0,area_combined_heat_power,generation_power,38,38,0,0,None
0,area_combined_heat_power,minus_generation,38,38,0,-0,None
0,area_combined_heat_power,balance_port.flow,38,38,0,0,None
0,area_biomass,generation_power,38,38,0,0,None
0,area_biomass,minus_generation,38,38,0,-0,None
0,area_biomass,balance_port.flow,38,38,0,0,None
0,area_biogas,generation_power,38,38,0,0,None
0,area_biogas,minus_generation,38,38,0,-0,None
0,area_biogas,balance_port.flow,38,38,0,0,None
0,area_waste,generation_power,38,38,0,0,None
0,area_waste,minus_generation,38,38,0,-0,None
0,area_waste,balance_port.flow,38,38,0,0,None
0,area_geothermal,generation_power,38,38,0,0,None
0,area_geothermal,minus_generation,38,38,0,-0,None
0,area_geothermal,balance_port.flow,38,38,0,0,None
0,area_other,generation_power,38,38,0,0,None
0,area_other,minus_generation,38,38,0,-0,None
0,area_other,balance_port.flow,38,38,0,0,None
0,area_pumped_storage_power,generation_power,38,38,0,0,None
0,area_pumped_storage_power,minus_generation,38,38,0,-0,None
0,area_pumped_storage_power,balance_port.flow,38,38,0,0,None
0,area_rest_world,generation_power,38,38,0,0,None
0,area_rest_world,minus_generation,38,38,0,-0,None
0,area_rest_world,balance_port.flow,38,38,0,0,None
0,area_thermal_default,prop_cost,38,38,0,0,None
0,area_thermal_default,balance_port.flow,38,38,0,0,None
0,area_thermal_default,co2_emissions,38,38,0,0,None
0,area_thermal_default,nh3_emissions,38,38,0,0,None
0,area_thermal_default,so2_emissions,38,38,0,0,None
0,area_thermal_default,nox_emissions,38,38,0,0,None
0,area_thermal_default,pm2_5_emissions,38,38,0,0,None
0,area_thermal_default,pm5_emissions,38,38,0,0,None
0,area_thermal_default,pm10_emissions,38,38,0,0,None
0,area_thermal_default,nmvoc_emissions,38,38,0,0,None
0,area_thermal_default,op1_emissions,38,38,0,0,None
0,area_thermal_default,op2_emissions,38,38,0,0,None
0,area_thermal_default,op3_emissions,38,38,0,0,None
0,area_thermal_default,op4_emissions,38,38,0,0,None
0,area_thermal_default,op5_emissions,38,38,0,0,None
0,area_thermal_default,cluster_availability,38,38,0,0,None
0,area_thermal_default,up_margin,38,38,0,0,None
0,area_thermal_default,min_gen_power,38,38,0,0,None
0,area_thermal_default,down_margin,38,38,0,0,None
0,area_thermal_default,profit,38,38,0,0,None
0,area_node,imbalance_cost,39,39,0,0,None
0,area_node,is_significant_loss_of_load,39,39,0,0,None
0,area_node,is_loss_of_load,39,39,0,0,None
0,area_load,actual_load,39,39,0,5597,None
0,area_node,price,39,39,0,0.30000000214530853,None
0,area_node,balance_port.price,39,39,0,0.30000000214530853,None
0,area_node,is_near_loss_of_load,39,39,0,0,None
0,area_load,balance_port.flow,39,39,0,-5597,None
0,area_wind,generation_power,39,39,0,463,None
0,area_wind,minus_generation,39,39,0,-463,None
0,area_wind,balance_port.flow,39,39,0,463,None
0,area_solar,generation_power,39,39,0,0,None
0,area_solar,minus_generation,39,39,0,-0,None
0,area_solar,balance_port.flow,39,39,0,0,None
0,area_run_of_river,generation_power,39,39,0,0,None
0,area_run_of_river,minus_generation,39,39,0,-0,None
0,area_run_of_river,balance_port.flow,39,39,0,0,None
0,area_combined_heat_power,generation_power,39,39,0,0,None
0,area_combined_heat_power,minus_generation,39,39,0,-0,None
0,area_combined_heat_power,balance_port.flow,39,39,0,0,None
0,area_biomass,generation_power,39,39,0,0,None
0,area_biomass,minus_generation,39,39,0,-0,None
0,area_biomass,balance_port.flow,39,39,0,0,None
0,area_biogas,generation_power,39,39,0,0,None
0,area_biogas,minus_generation,39,39,0,-0,None
0,area_biogas,balance_port.flow,39,39,0,0,None
0,area_waste,generation_power,39,39,0,0,None
0,area_waste,minus_generation,39,39,0,-0,None
0,area_waste,balance_port.flow,39,39,0,0,None
0,area_geothermal,generation_power,39,39,0,0,None
0,area_geothermal,minus_generation,39,39,0,-0,None
0,area_geothermal,balance_port.flow,39,39,0,0,None
0,area_other,generation_power,39,39,0,0,None
0,area_other,minus_generation,39,39,0,-0,None
0,area_other,balance_port.flow,39,39,0,0,None
0,area_pumped_storage_power,generation_power,39,39,0,0,None
0,area_pumped_storage_power,minus_generation,39,39,0,-0,None
0,area_pumped_storage_power,balance_port.flow,39,39,0,0,None
0,area_rest_world,generation_power,39,39,0,0,None
0,area_rest_world,minus_generation,39,39,0,-0,None
0,area_rest_world,balance_port.flow,39,39,0,0,None
0,area_thermal_default,prop_cost,39,39,0,0,None
0,area_thermal_default,balance_port.flow,39,39,0,0,None
0,area_thermal_default,co2_emissions,39,39,0,0,None
0,area_thermal_default,nh3_emissions,39,39,0,0,None
0,area_thermal_default,so2_emissions,39,39,0,0,None
0,area_thermal_default,nox_emissions,39,39,0,0,None
0,area_thermal_default,pm2_5_emissions,39,39,0,0,None
0,area_thermal_default,pm5_emissions,39,39,0,0,None
0,area_thermal_default,pm10_emissions,39,39,0,0,None
0,area_thermal_default,nmvoc_emissions,39,39,0,0,None
0,area_thermal_default,op1_emissions,39,39,0,0,None
0,area_thermal_default,op2_emissions,39,39,0,0,None
0,area_thermal_default,op3_emissions,39,39,0,0,None
0,area_thermal_default,op4_emissions,39,39,0,0,None
0,area_thermal_default,op5_emissions,39,39,0,0,None
0,area_thermal_default,cluster_availability,39,39,0,0,None
0,area_thermal_default,up_margin,39,39,0,0,None
0,area_thermal_default,min_gen_power,39,39,0,0,None
0,area_thermal_default,down_margin,39,39,0,0,None
0,area_thermal_default,profit,39,39,0,0,None
0,area_node,imbalance_cost,40,40,0,0,None
0,area_node,is_significant_loss_of_load,40,40,0,0,None
0,area_node,is_loss_of_load,40,40,0,0,None
0,area_load,actual_load,40,40,0,5483,None
0,area_node,price,40,40,0,0.29999999897479696,None
0,area_node,balance_port.price,40,40,0,0.29999999897479696,None
0,area_node,is_near_loss_of_load,40,40,0,0,None
0,area_load,balance_port.flow,40,40,0,-5483,None
0,area_wind,generation_power,40,40,0,414,None
0,area_wind,minus_generation,40,40,0,-414,None
0,area_wind,balance_port.flow,40,40,0,414,None
0,area_solar,generation_power,40,40,0,0,None
0,area_solar,minus_generation,40,40,0,-0,None
0,area_solar,balance_port.flow,40,40,0,0,None
0,area_run_of_river,generation_power,40,40,0,0,None
0,area_run_of_river,minus_generation,40,40,0,-0,None
0,area_run_of_river,balance_port.flow,40,40,0,0,None
0,area_combined_heat_power,generation_power,40,40,0,0,None
0,area_combined_heat_power,minus_generation,40,40,0,-0,None
0,area_combined_heat_power,balance_port.flow,40,40,0,0,None
0,area_biomass,generation_power,40,40,0,0,None
0,area_biomass,minus_generation,40,40,0,-0,None
0,area_biomass,balance_port.flow,40,40,0,0,None
0,area_biogas,generation_power,40,40,0,0,None
0,area_biogas,minus_generation,40,40,0,-0,None
0,area_biogas,balance_port.flow,40,40,0,0,None
0,area_waste,generation_power,40,40,0,0,None
0,area_waste,minus_generation,40,40,0,-0,None
0,area_waste,balance_port.flow,40,40,0,0,None
0,area_geothermal,generation_power,40,40,0,0,None
0,area_geothermal,minus_generation,40,40,0,-0,None
0,area_geothermal,balance_port.flow,40,40,0,0,None
0,area_other,generation_power,40,40,0,0,None
0,area_other,minus_generation,40,40,0,-0,None
0,area_other,balance_port.flow,40,40,0,0,None
0,area_pumped_storage_power,generation_power,40,40,0,0,None
0,area_pumped_storage_power,minus_generation,40,40,0,-0,None
0,area_pumped_storage_power,balance_port.flow,40,40,0,0,None
0,area_rest_world,generation_power,40,40,0,0,None
0,area_rest_world,minus_generation,40,40,0,-0,None
0,area_rest_world,balance_port.flow,40,40,0,0,None
0,area_thermal_default,prop_cost,40,40,0,0,None
0,area_thermal_default,balance_port.flow,40,40,0,0,None
0,area_thermal_default,co2_emissions,40,40,0,0,None
0,area_thermal_default,nh3_emissions,40,40,0,0,None
0,area_thermal_default,so2_emissions,40,40,0,0,None
0,area_thermal_default,nox_emissions,40,40,0,0,None
0,area_thermal_default,pm2_5_emissions,40,40,0,0,None
0,area_thermal_default,pm5_emissions,40,40,0,0,None
0,area_thermal_default,pm10_emissions,40,40,0,0,None
0,area_thermal_default,nmvoc_emissions,40,40,0,0,None
0,area_thermal_default,op1_emissions,40,40,0,0,None
0,area_thermal_default,op2_emissions,40,40,0,0,None
0,area_thermal_default,op3_emissions,40,40,0,0,None
0,area_thermal_default,op4_emissions,40,40,0,0,None
0,area_thermal_default,op5_emissions,40,40,0,0,None
0,area_thermal_default,cluster_availability,40,40,0,0,None
0,area_thermal_default,up_margin,40,40,0,0,None
0,area_thermal_default,min_gen_power,40,40,0,0,None
0,area_thermal_default,down_margin,40,40,0,0,None
0,area_thermal_default,profit,40,40,0,0,None
0,area_node,imbalance_cost,41,41,0,0,None
0,area_node,is_significant_loss_of_load,41,41,0,0,None
0,area_node,is_loss_of_load,41,41,0,0,None
0,area_load,actual_load,41,41,0,5834,None
0,area_node,price,41,41,0,0.30000000172809926,None
0,area_node,balance_port.price,41,41,0,0.30000000172809926,None
0,area_node,is_near_loss_of_load,41,41,0,0,None
0,area_load,balance_port.flow,41,41,0,-5834,None
0,area_wind,generation_power,41,41,0,369,None
0,area_wind,minus_generation,41,41,0,-369,None
0,area_wind,balance_port.flow,41,41,0,369,None
0,area_solar,generation_power,41,41,0,0,None
0,area_solar,minus_generation,41,41,0,-0,None
0,area_solar,balance_port.flow,41,41,0,0,None
0,area_run_of_river,generation_power,41,41,0,0,None
0,area_run_of_river,minus_generation,41,41,0,-0,None
0,area_run_of_river,balance_port.flow,41,41,0,0,None
0,area_combined_heat_power,generation_power,41,41,0,0,None
0,area_combined_heat_power,minus_generation,41,41,0,-0,None
0,area_combined_heat_power,balance_port.flow,41,41,0,0,None
0,area_biomass,generation_power,41,41,0,0,None
0,area_biomass,minus_generation,41,41,0,-0,None
0,area_biomass,balance_port.flow,41,41,0,0,None
0,area_biogas,generation_power,41,41,0,0,None
0,area_biogas,minus_generation,41,41,0,-0,None
0,area_biogas,balance_port.flow,41,41,0,0,None
0,area_waste,generation_power,41,41,0,0,None
0,area_waste,minus_generation,41,41,0,-0,None
0,area_waste,balance_port.flow,41,41,0,0,None
0,area_geothermal,generation_power,41,41,0,0,None
0,area_geothermal,minus_generation,41,41,0,-0,None
0,area_geothermal,balance_port.flow,41,41,0,0,None
0,area_other,generation_power,41,41,0,0,None
0,area_other,minus_generation,41,41,0,-0,None
0,area_other,balance_port.flow,41,41,0,0,None
0,area_pumped_storage_power,generation_power,41,41,0,0,None
0,area_pumped_storage_power,minus_generation,41,41,0,-0,None
0,area_pumped_storage_power,balance_port.flow,41,41,0,0,None
0,area_rest_world,generation_power,41,41,0,0,None
0,area_rest_world,minus_generation,41,41,0,-0,None
0,area_rest_world,balance_port.flow,41,41,0,0,None
0,area_thermal_default,prop_cost,41,41,0,0,None
0,area_thermal_default,balance_port.flow,41,41,0,0,None
0,area_thermal_default,co2_emissions,41,41,0,0,None
0,area_thermal_default,nh3_emissions,41,41,0,0,None
0,area_thermal_default,so2_emissions,41,41,0,0,None
0,area_thermal_default,nox_emissions,41,41,0,0,None
0,area_thermal_default,pm2_5_emissions,41,41,0,0,None
0,area_thermal_default,pm5_emissions,41,41,0,0,None
0,area_thermal_default,pm10_emissions,41,41,0,0,None
0,area_thermal_default,nmvoc_emissions,41,41,0,0,None
0,area_thermal_default,op1_emissions,41,41,0,0,None
0,area_thermal_default,op2_emissions,41,41,0,0,None
0,area_thermal_default,op3_emissions,41,41,0,0,None
0,area_thermal_default,op4_emissions,41,41,0,0,None
0,area_thermal_default,op5_emissions,41,41,0,0,None
0,area_thermal_default,cluster_availability,41,41,0,0,None
0,area_thermal_default,up_margin,41,41,0,0,None
0,area_thermal_default,min_gen_power,41,41,0,0,None
0,area_thermal_default,down_margin,41,41,0,0,None
0,area_thermal_default,profit,41,41,0,0,None
0,area_node,imbalance_cost,42,42,0,0,None
0,area_node,is_significant_loss_of_load,42,42,0,0,None
0,area_node,is_loss_of_load,42,42,0,0,None
0,area_load,actual_load,42,42,0,6198,None
0,area_node,price,42,42,0,0.2999999915131856,None
0,area_node,balance_port.price,42,42,0,0.2999999915131856,None
0,area_node,is_near_loss_of_load,42,42,0,0,None
0,area_load,balance_port.flow,42,42,0,-6198,None
0,area_wind,generation_power,42,42,0,408,None
0,area_wind,minus_generation,42,42,0,-408,None
0,area_wind,balance_port.flow,42,42,0,408,None
0,area_solar,generation_power,42,42,0,0,None
0,area_solar,minus_generation,42,42,0,-0,None
0,area_solar,balance_port.flow,42,42,0,0,None
0,area_run_of_river,generation_power,42,42,0,0,None
0,area_run_of_river,minus_generation,42,42,0,-0,None
0,area_run_of_river,balance_port.flow,42,42,0,0,None
0,area_combined_heat_power,generation_power,42,42,0,0,None
0,area_combined_heat_power,minus_generation,42,42,0,-0,None
0,area_combined_heat_power,balance_port.flow,42,42,0,0,None
0,area_biomass,generation_power,42,42,0,0,None
0,area_biomass,minus_generation,42,42,0,-0,None
0,area_biomass,balance_port.flow,42,42,0,0,None
0,area_biogas,generation_power,42,42,0,0,None
0,area_biogas,minus_generation,42,42,0,-0,None
0,area_biogas,balance_port.flow,42,42,0,0,None
0,area_waste,generation_power,42,42,0,0,None
0,area_waste,minus_generation,42,42,0,-0,None
0,area_waste,balance_port.flow,42,42,0,0,None
0,area_geothermal,generation_power,42,42,0,0,None
0,area_geothermal,minus_generation,42,42,0,-0,None
0,area_geothermal,balance_port.flow,42,42,0,0,None
0,area_other,generation_power,42,42,0,0,None
0,area_other,minus_generation,42,42,0,-0,None
0,area_other,balance_port.flow,42,42,0,0,None
0,area_pumped_storage_power,generation_power,42,42,0,0,None
0,area_pumped_storage_power,minus_generation,42,42,0,-0,None
0,area_pumped_storage_power,balance_port.flow,42,42,0,0,None
0,area_rest_world,generation_power,42,42,0,0,None
0,area_rest_world,minus_generation,42,42,0,-0,None
0,area_rest_world,balance_port.flow,42,42,0,0,None
0,area_thermal_default,prop_cost,42,42,0,0,None
0,area_thermal_default,balance_port.flow,42,42,0,0,None
0,area_thermal_default,co2_emissions,42,42,0,0,None
0,area_thermal_default,nh3_emissions,42,42,0,0,None
0,area_thermal_default,so2_emissions,42,42,0,0,None
0,area_thermal_default,nox_emissions,42,42,0,0,None
0,area_thermal_default,pm2_5_emissions,42,42,0,0,None
0,area_thermal_default,pm5_emissions,42,42,0,0,None
0,area_thermal_default,pm10_emissions,42,42,0,0,None
0,area_thermal_default,nmvoc_emissions,42,42,0,0,None
0,area_thermal_default,op1_emissions,42,42,0,0,None
0,area_thermal_default,op2_emissions,42,42,0,0,None
0,area_thermal_default,op3_emissions,42,42,0,0,None
0,area_thermal_default,op4_emissions,42,42,0,0,None
0,area_thermal_default,op5_emissions,42,42,0,0,None
0,area_thermal_default,cluster_availability,42,42,0,0,None
0,area_thermal_default,up_margin,42,42,0,0,None
0,area_thermal_default,min_gen_power,42,42,0,0,None
0,area_thermal_default,down_margin,42,42,0,0,None
0,area_thermal_default,profit,42,42,0,0,None
0,area_node,imbalance_cost,43,43,0,0,None
0,area_node,is_significant_loss_of_load,43,43,0,0,None
0,area_node,is_loss_of_load,43,43,0,0,None
0,area_load,actual_load,43,43,0,6107,None
0,area_node,price,43,43,0,0.30000000374712527,None
0,area_node,balance_port.price,43,43,0,0.30000000374712527,None
0,area_node,is_near_loss_of_load,43,43,0,0,None
0,area_load,balance_port.flow,43,43,0,-6107,None
0,area_wind,generation_power,43,43,0,464,None
0,area_wind,minus_generation,43,43,0,-464,None
0,area_wind,balance_port.flow,43,43,0,464,None
0,area_solar,generation_power,43,43,0,0,None
0,area_solar,minus_generation,43,43,0,-0,None
0,area_solar,balance_port.flow,43,43,0,0,None
0,area_run_of_river,generation_power,43,43,0,0,None
0,area_run_of_river,minus_generation,43,43,0,-0,None
0,area_run_of_river,balance_port.flow,43,43,0,0,None
0,area_combined_heat_power,generation_power,43,43,0,0,None
0,area_combined_heat_power,minus_generation,43,43,0,-0,None
0,area_combined_heat_power,balance_port.flow,43,43,0,0,None
0,area_biomass,generation_power,43,43,0,0,None
0,area_biomass,minus_generation,43,43,0,-0,None
0,area_biomass,balance_port.flow,43,43,0,0,None
0,area_biogas,generation_power,43,43,0,0,None
0,area_biogas,minus_generation,43,43,0,-0,None
0,area_biogas,balance_port.flow,43,43,0,0,None
0,area_waste,generation_power,43,43,0,0,None
0,area_waste,minus_generation,43,43,0,-0,None
0,area_waste,balance_port.flow,43,43,0,0,None
0,area_geothermal,generation_power,43,43,0,0,None
0,area_geothermal,minus_generation,43,43,0,-0,None
0,area_geothermal,balance_port.flow,43,43,0,0,None
0,area_other,generation_power,43,43,0,0,None
0,area_other,minus_generation,43,43,0,-0,None
0,area_other,balance_port.flow,43,43,0,0,None
0,area_pumped_storage_power,generation_power,43,43,0,0,None
0,area_pumped_storage_power,minus_generation,43,43,0,-0,None
0,area_pumped_storage_power,balance_port.flow,43,43,0,0,None
0,area_rest_world,generation_power,43,43,0,0,None
0,area_rest_world,minus_generation,43,43,0,-0,None
0,area_rest_world,balance_port.flow,43,43,0,0,None
0,area_thermal_default,prop_cost,43,43,0,0,None
0,area_thermal_default,balance_port.flow,43,43,0,0,None
0,area_thermal_default,co2_emissions,43,43,0,0,None
0,area_thermal_default,nh3_emissions,43,43,0,0,None
0,area_thermal_default,so2_emissions,43,43,0,0,None
0,area_thermal_default,nox_emissions,43,43,0,0,None
0,area_thermal_default,pm2_5_emissions,43,43,0,0,None
0,area_thermal_default,pm5_emissions,43,43,0,0,None
0,area_thermal_default,pm10_emissions,43,43,0,0,None
0,area_thermal_default,nmvoc_emissions,43,43,0,0,None
0,area_thermal_default,op1_emissions,43,43,0,0,None
0,area_thermal_default,op2_emissions,43,43,0,0,None
0,area_thermal_default,op3_emissions,43,43,0,0,None
0,area_thermal_default,op4_emissions,43,43,0,0,None
0,area_thermal_default,op5_emissions,43,43,0,0,None
0,area_thermal_default,cluster_availability,43,43,0,0,None
0,area_thermal_default,up_margin,43,43,0,0,None
0,area_thermal_default,min_gen_power,43,43,0,0,None
0,area_thermal_default,down_margin,43,43,0,0,None
0,area_thermal_default,profit,43,43,0,0,None
0,area_node,imbalance_cost,44,44,0,0,None
0,area_node,is_significant_loss_of_load,44,44,0,0,None
0,area_node,is_loss_of_load,44,44,0,0,None
0,area_load,actual_load,44,44,0,5673,None
0,area_node,price,44,44,0,0.30000000992521003,None
0,area_node,balance_port.price,44,44,0,0.30000000992521003,None
0,area_node,is_near_loss_of_load,44,44,0,0,None
0,area_load,balance_port.flow,44,44,0,-5673,None
0,area_wind,generation_power,44,44,0,512,None
0,area_wind,minus_generation,44,44,0,-512,None
0,area_wind,balance_port.flow,44,44,0,512,None
0,area_solar,generation_power,44,44,0,0,None
0,area_solar,minus_generation,44,44,0,-0,None
0,area_solar,balance_port.flow,44,44,0,0,None
0,area_run_of_river,generation_power,44,44,0,0,None
0,area_run_of_river,minus_generation,44,44,0,-0,None
0,area_run_of_river,balance_port.flow,44,44,0,0,None
0,area_combined_heat_power,generation_power,44,44,0,0,None
0,area_combined_heat_power,minus_generation,44,44,0,-0,None
0,area_combined_heat_power,balance_port.flow,44,44,0,0,None
0,area_biomass,generation_power,44,44,0,0,None
0,area_biomass,minus_generation,44,44,0,-0,None
0,area_biomass,balance_port.flow,44,44,0,0,None
0,area_biogas,generation_power,44,44,0,0,None
0,area_biogas,minus_generation,44,44,0,-0,None
0,area_biogas,balance_port.flow,44,44,0,0,None
0,area_waste,generation_power,44,44,0,0,None
0,area_waste,minus_generation,44,44,0,-0,None
0,area_waste,balance_port.flow,44,44,0,0,None
0,area_geothermal,generation_power,44,44,0,0,None
0,area_geothermal,minus_generation,44,44,0,-0,None
0,area_geothermal,balance_port.flow,44,44,0,0,None
0,area_other,generation_power,44,44,0,0,None
0,area_other,minus_generation,44,44,0,-0,None
0,area_other,balance_port.flow,44,44,0,0,None
0,area_pumped_storage_power,generation_power,44,44,0,0,None
0,area_pumped_storage_power,minus_generation,44,44,0,-0,None
0,area_pumped_storage_power,balance_port.flow,44,44,0,0,None
0,area_rest_world,generation_power,44,44,0,0,None
0,area_rest_world,minus_generation,44,44,0,-0,None
0,area_rest_world,balance_port.flow,44,44,0,0,None
0,area_thermal_default,prop_cost,44,44,0,0,None
0,area_thermal_default,balance_port.flow,44,44,0,0,None
0,area_thermal_default,co2_emissions,44,44,0,0,None
0,area_thermal_default,nh3_emissions,44,44,0,0,None
0,area_thermal_default,so2_emissions,44,44,0,0,None
0,area_thermal_default,nox_emissions,44,44,0,0,None
0,area_thermal_default,pm2_5_emissions,44,44,0,0,None
0,area_thermal_default,pm5_emissions,44,44,0,0,None
0,area_thermal_default,pm10_emissions,44,44,0,0,None
0,area_thermal_default,nmvoc_emissions,44,44,0,0,None
0,area_thermal_default,op1_emissions,44,44,0,0,None
0,area_thermal_default,op2_emissions,44,44,0,0,None
0,area_thermal_default,op3_emissions,44,44,0,0,None
0,area_thermal_default,op4_emissions,44,44,0,0,None
0,area_thermal_default,op5_emissions,44,44,0,0,None
0,area_thermal_default,cluster_availability,44,44,0,0,None
0,area_thermal_default,up_margin,44,44,0,0,None
0,area_thermal_default,min_gen_power,44,44,0,0,None
0,area_thermal_default,down_margin,44,44,0,0,None
0,area_thermal_default,profit,44,44,0,0,None
0,area_node,imbalance_cost,45,45,0,0,None
0,area_node,is_significant_loss_of_load,45,45,0,0,None
0,area_node,is_loss_of_load,45,45,0,0,None
0,area_load,actual_load,45,45,0,5418,None
0,area_node,price,45,45,0,0.2999999908139418,None
0,area_node,balance_port.price,45,45,0,0.2999999908139418,None
0,area_node,is_near_loss_of_load,45,45,0,0,None
0,area_load,balance_port.flow,45,45,0,-5418,None
0,area_wind,generation_power,45,45,0,393,None
0,area_wind,minus_generation,45,45,0,-393,None
0,area_wind,balance_port.flow,45,45,0,393,None
0,area_solar,generation_power,45,45,0,0,None
0,area_solar,minus_generation,45,45,0,-0,None
0,area_solar,balance_port.flow,45,45,0,0,None
0,area_run_of_river,generation_power,45,45,0,0,None
0,area_run_of_river,minus_generation,45,45,0,-0,None
0,area_run_of_river,balance_port.flow,45,45,0,0,None
0,area_combined_heat_power,generation_power,45,45,0,0,None
0,area_combined_heat_power,minus_generation,45,45,0,-0,None
0,area_combined_heat_power,balance_port.flow,45,45,0,0,None
0,area_biomass,generation_power,45,45,0,0,None
0,area_biomass,minus_generation,45,45,0,-0,None
0,area_biomass,balance_port.flow,45,45,0,0,None
0,area_biogas,generation_power,45,45,0,0,None
0,area_biogas,minus_generation,45,45,0,-0,None
0,area_biogas,balance_port.flow,45,45,0,0,None
0,area_waste,generation_power,45,45,0,0,None
0,area_waste,minus_generation,45,45,0,-0,None
0,area_waste,balance_port.flow,45,45,0,0,None
0,area_geothermal,generation_power,45,45,0,0,None
0,area_geothermal,minus_generation,45,45,0,-0,None
0,area_geothermal,balance_port.flow,45,45,0,0,None
0,area_other,generation_power,45,45,0,0,None
0,area_other,minus_generation,45,45,0,-0,None
0,area_other,balance_port.flow,45,45,0,0,None
0,area_pumped_storage_power,generation_power,45,45,0,0,None
0,area_pumped_storage_power,minus_generation,45,45,0,-0,None
0,area_pumped_storage_power,balance_port.flow,45,45,0,0,None
0,area_rest_world,generation_power,45,45,0,0,None
0,area_rest_world,minus_generation,45,45,0,-0,None
0,area_rest_world,balance_port.flow,45,45,0,0,None
0,area_thermal_default,prop_cost,45,45,0,0,None
0,area_thermal_default,balance_port.flow,45,45,0,0,None
0,area_thermal_default,co2_emissions,45,45,0,0,None
0,area_thermal_default,nh3_emissions,45,45,0,0,None
0,area_thermal_default,so2_emissions,45,45,0,0,None
0,area_thermal_default,nox_emissions,45,45,0,0,None
0,area_thermal_default,pm2_5_emissions,45,45,0,0,None
0,area_thermal_default,pm5_emissions,45,45,0,0,None
0,area_thermal_default,pm10_emissions,45,45,0,0,None
0,area_thermal_default,nmvoc_emissions,45,45,0,0,None
0,area_thermal_default,op1_emissions,45,45,0,0,None
0,area_thermal_default,op2_emissions,45,45,0,0,None
0,area_thermal_default,op3_emissions,45,45,0,0,None
0,area_thermal_default,op4_emissions,45,45,0,0,None
0,area_thermal_default,op5_emissions,45,45,0,0,None
0,area_thermal_default,cluster_availability,45,45,0,0,None
0,area_thermal_default,up_margin,45,45,0,0,None
0,area_thermal_default,min_gen_power,45,45,0,0,None
0,area_thermal_default,down_margin,45,45,0,0,None
0,area_thermal_default,profit,45,45,0,0,None
0,area_node,imbalance_cost,46,46,0,0,None
0,area_node,is_significant_loss_of_load,46,46,0,0,None
0,area_node,is_loss_of_load,46,46,0,0,None
0,area_load,actual_load,46,46,0,5572,None
0,area_node,price,46,46,0,0.29999999722511084,None
0,area_node,balance_port.price,46,46,0,0.29999999722511084,None
0,area_node,is_near_loss_of_load,46,46,0,0,None
0,area_load,balance_port.flow,46,46,0,-5572,None
0,area_wind,generation_power,46,46,0,328,None
0,area_wind,minus_generation,46,46,0,-328,None
0,area_wind,balance_port.flow,46,46,0,328,None
0,area_solar,generation_power,46,46,0,0,None
0,area_solar,minus_generation,46,46,0,-0,None
0,area_solar,balance_port.flow,46,46,0,0,None
0,area_run_of_river,generation_power,46,46,0,0,None
0,area_run_of_river,minus_generation,46,46,0,-0,None
0,area_run_of_river,balance_port.flow,46,46,0,0,None
0,area_combined_heat_power,generation_power,46,46,0,0,None
0,area_combined_heat_power,minus_generation,46,46,0,-0,None
0,area_combined_heat_power,balance_port.flow,46,46,0,0,None
0,area_biomass,generation_power,46,46,0,0,None
0,area_biomass,minus_generation,46,46,0,-0,None
0,area_biomass,balance_port.flow,46,46,0,0,None
0,area_biogas,generation_power,46,46,0,0,None
0,area_biogas,minus_generation,46,46,0,-0,None
0,area_biogas,balance_port.flow,46,46,0,0,None
0,area_waste,generation_power,46,46,0,0,None
0,area_waste,minus_generation,46,46,0,-0,None
0,area_waste,balance_port.flow,46,46,0,0,None
0,area_geothermal,generation_power,46,46,0,0,None
0,area_geothermal,minus_generation,46,46,0,-0,None
0,area_geothermal,balance_port.flow,46,46,0,0,None
0,area_other,generation_power,46,46,0,0,None
0,area_other,minus_generation,46,46,0,-0,None
0,area_other,balance_port.flow,46,46,0,0,None
0,area_pumped_storage_power,generation_power,46,46,0,0,None
0,area_pumped_storage_power,minus_generation,46,46,0,-0,None
0,area_pumped_storage_power,balance_port.flow,46,46,0,0,None
0,area_rest_world,generation_power,46,46,0,0,None
0,area_rest_world,minus_generation,46,46,0,-0,None
0,area_rest_world,balance_port.flow,46,46,0,0,None
0,area_thermal_default,prop_cost,46,46,0,0,None
0,area_thermal_default,balance_port.flow,46,46,0,0,None
0,area_thermal_default,co2_emissions,46,46,0,0,None
0,area_thermal_default,nh3_emissions,46,46,0,0,None
0,area_thermal_default,so2_emissions,46,46,0,0,None
0,area_thermal_default,nox_emissions,46,46,0,0,None
0,area_thermal_default,pm2_5_emissions,46,46,0,0,None
0,area_thermal_default,pm5_emissions,46,46,0,0,None
0,area_thermal_default,pm10_emissions,46,46,0,0,None
0,area_thermal_default,nmvoc_emissions,46,46,0,0,None
0,area_thermal_default,op1_emissions,46,46,0,0,None
0,area_thermal_default,op2_emissions,46,46,0,0,None
0,area_thermal_default,op3_emissions,46,46,0,0,None
0,area_thermal_default,op4_emissions,46,46,0,0,None
0,area_thermal_default,op5_emissions,46,46,0,0,None
0,area_thermal_default,cluster_availability,46,46,0,0,None
0,area_thermal_default,up_margin,46,46,0,0,None
0,area_thermal_default,min_gen_power,46,46,0,0,None
0,area_thermal_default,down_margin,46,46,0,0,None
0,area_thermal_default,profit,46,46,0,0,None
0,area_node,imbalance_cost,47,47,0,0,None
0,area_node,is_significant_loss_of_load,47,47,0,0,None
0,area_node,is_loss_of_load,47,47,0,0,None
0,area_load,actual_load,47,47,0,5485,None
0,area_node,price,47,47,0,0.29999999718535153,None
0,area_node,balance_port.price,47,47,0,0.29999999718535153,None
0,area_node,is_near_loss_of_load,47,47,0,0,None
0,area_load,balance_port.flow,47,47,0,-5485,None
0,area_wind,generation_power,47,47,0,243,None
0,area_wind,minus_generation,47,47,0,-243,None
0,area_wind,balance_port.flow,47,47,0,243,None
0,area_solar,generation_power,47,47,0,0,None
0,area_solar,minus_generation,47,47,0,-0,None
0,area_solar,balance_port.flow,47,47,0,0,None
0,area_run_of_river,generation_power,47,47,0,0,None
0,area_run_of_river,minus_generation,47,47,0,-0,None
0,area_run_of_river,balance_port.flow,47,47,0,0,None
0,area_combined_heat_power,generation_power,47,47,0,0,None
0,area_combined_heat_power,minus_generation,47,47,0,-0,None
0,area_combined_heat_power,balance_port.flow,47,47,0,0,None
0,area_biomass,generation_power,47,47,0,0,None
0,area_biomass,minus_generation,47,47,0,-0,None
0,area_biomass,balance_port.flow,47,47,0,0,None
0,area_biogas,generation_power,47,47,0,0,None
0,area_biogas,minus_generation,47,47,0,-0,None
0,area_biogas,balance_port.flow,47,47,0,0,None
0,area_waste,generation_power,47,47,0,0,None
0,area_waste,minus_generation,47,47,0,-0,None
0,area_waste,balance_port.flow,47,47,0,0,None
0,area_geothermal,generation_power,47,47,0,0,None
0,area_geothermal,minus_generation,47,47,0,-0,None
0,area_geothermal,balance_port.flow,47,47,0,0,None
0,area_other,generation_power,47,47,0,0,None
0,area_other,minus_generation,47,47,0,-0,None
0,area_other,balance_port.flow,47,47,0,0,None
0,area_pumped_storage_power,generation_power,47,47,0,0,None
0,area_pumped_storage_power,minus_generation,47,47,0,-0,None
0,area_pumped_storage_power,balance_port.flow,47,47,0,0,None
0,area_rest_world,generation_power,47,47,0,0,None
0,area_rest_world,minus_generation,47,47,0,-0,None
0,area_rest_world,balance_port.flow,47,47,0,0,None
0,area_thermal_default,prop_cost,47,47,0,0,None
0,area_thermal_default,balance_port.flow,47,47,0,0,None
0,area_thermal_default,co2_emissions,47,47,0,0,None
0,area_thermal_default,nh3_emissions,47,47,0,0,None
0,area_thermal_default,so2_emissions,47,47,0,0,None
0,area_thermal_default,nox_emissions,47,47,0,0,None
0,area_thermal_default,pm2_5_emissions,47,47,0,0,None
0,area_thermal_default,pm5_emissions,47,47,0,0,None
0,area_thermal_default,pm10_emissions,47,47,0,0,None
0,area_thermal_default,nmvoc_emissions,47,47,0,0,None
0,area_thermal_default,op1_emissions,47,47,0,0,None
0,area_thermal_default,op2_emissions,47,47,0,0,None
0,area_thermal_default,op3_emissions,47,47,0,0,None
0,area_thermal_default,op4_emissions,47,47,0,0,None
0,area_thermal_default,op5_emissions,47,47,0,0,None
0,area_thermal_default,cluster_availability,47,47,0,0,None
0,area_thermal_default,up_margin,47,47,0,0,None
0,area_thermal_default,min_gen_power,47,47,0,0,None
0,area_thermal_default,down_margin,47,47,0,0,None
0,area_thermal_default,profit,47,47,0,0,None
0,area_node,imbalance_cost,48,48,0,0,None
0,area_node,is_significant_loss_of_load,48,48,0,0,None
0,area_node,is_loss_of_load,48,48,0,0,None
0,area_load,actual_load,48,48,0,5124,None
0,area_node,price,48,48,0,0.30000000729017534,None
0,area_node,balance_port.price,48,48,0,0.30000000729017534,None
0,area_node,is_near_loss_of_load,48,48,0,0,None
0,area_load,balance_port.flow,48,48,0,-5124,None
0,area_wind,generation_power,48,48,0,250,None
0,area_wind,minus_generation,48,48,0,-250,None
0,area_wind,balance_port.flow,48,48,0,250,None
0,area_solar,generation_power,48,48,0,0,None
0,area_solar,minus_generation,48,48,0,-0,None
0,area_solar,balance_port.flow,48,48,0,0,None
0,area_run_of_river,generation_power,48,48,0,0,None
0,area_run_of_river,minus_generation,48,48,0,-0,None
0,area_run_of_river,balance_port.flow,48,48,0,0,None
0,area_combined_heat_power,generation_power,48,48,0,0,None
0,area_combined_heat_power,minus_generation,48,48,0,-0,None
0,area_combined_heat_power,balance_port.flow,48,48,0,0,None
0,area_biomass,generation_power,48,48,0,0,None
0,area_biomass,minus_generation,48,48,0,-0,None
0,area_biomass,balance_port.flow,48,48,0,0,None
0,area_biogas,generation_power,48,48,0,0,None
0,area_biogas,minus_generation,48,48,0,-0,None
0,area_biogas,balance_port.flow,48,48,0,0,None
0,area_waste,generation_power,48,48,0,0,None
0,area_waste,minus_generation,48,48,0,-0,None
0,area_waste,balance_port.flow,48,48,0,0,None
0,area_geothermal,generation_power,48,48,0,0,None
0,area_geothermal,minus_generation,48,48,0,-0,None
0,area_geothermal,balance_port.flow,48,48,0,0,None
0,area_other,generation_power,48,48,0,0,None
0,area_other,minus_generation,48,48,0,-0,None
0,area_other,balance_port.flow,48,48,0,0,None
0,area_pumped_storage_power,generation_power,48,48,0,0,None
0,area_pumped_storage_power,minus_generation,48,48,0,-0,None
0,area_pumped_storage_power,balance_port.flow,48,48,0,0,None
0,area_rest_world,generation_power,48,48,0,0,None
0,area_rest_world,minus_generation,48,48,0,-0,None
0,area_rest_world,balance_port.flow,48,48,0,0,None
0,area_thermal_default,prop_cost,48,48,0,0,None
0,area_thermal_default,balance_port.flow,48,48,0,0,None
0,area_thermal_default,co2_emissions,48,48,0,0,None
0,area_thermal_default,nh3_emissions,48,48,0,0,None
0,area_thermal_default,so2_emissions,48,48,0,0,None
0,area_thermal_default,nox_emissions,48,48,0,0,None
0,area_thermal_default,pm2_5_emissions,48,48,0,0,None
0,area_thermal_default,pm5_emissions,48,48,0,0,None
0,area_thermal_default,pm10_emissions,48,48,0,0,None
0,area_thermal_default,nmvoc_emissions,48,48,0,0,None
0,area_thermal_default,op1_emissions,48,48,0,0,None
0,area_thermal_default,op2_emissions,48,48,0,0,None
0,area_thermal_default,op3_emissions,48,48,0,0,None
0,area_thermal_default,op4_emissions,48,48,0,0,None
0,area_thermal_default,op5_emissions,48,48,0,0,None
0,area_thermal_default,cluster_availability,48,48,0,0,None
0,area_thermal_default,up_margin,48,48,0,0,None
0,area_thermal_default,min_gen_power,48,48,0,0,None
0,area_thermal_default,down_margin,48,48,0,0,None
0,area_thermal_default,profit,48,48,0,0,None
0,area_node,imbalance_cost,49,49,0,0,None
0,area_node,is_significant_loss_of_load,49,49,0,0,None
0,area_node,is_loss_of_load,49,49,0,0,None
0,area_load,actual_load,49,49,0,4653,None
0,area_node,price,49,49,0,0.3000000066735734,None
0,area_node,balance_port.price,49,49,0,0.3000000066735734,None
0,area_node,is_near_loss_of_load,49,49,0,0,None
0,area_load,balance_port.flow,49,49,0,-4653,None
0,area_wind,generation_power,49,49,0,295,None
0,area_wind,minus_generation,49,49,0,-295,None
0,area_wind,balance_port.flow,49,49,0,295,None
0,area_solar,generation_power,49,49,0,0,None
0,area_solar,minus_generation,49,49,0,-0,None
0,area_solar,balance_port.flow,49,49,0,0,None
0,area_run_of_river,generation_power,49,49,0,0,None
0,area_run_of_river,minus_generation,49,49,0,-0,None
0,area_run_of_river,balance_port.flow,49,49,0,0,None
0,area_combined_heat_power,generation_power,49,49,0,0,None
0,area_combined_heat_power,minus_generation,49,49,0,-0,None
0,area_combined_heat_power,balance_port.flow,49,49,0,0,None
0,area_biomass,generation_power,49,49,0,0,None
0,area_biomass,minus_generation,49,49,0,-0,None
0,area_biomass,balance_port.flow,49,49,0,0,None
0,area_biogas,generation_power,49,49,0,0,None
0,area_biogas,minus_generation,49,49,0,-0,None
0,area_biogas,balance_port.flow,49,49,0,0,None
0,area_waste,generation_power,49,49,0,0,None
0,area_waste,minus_generation,49,49,0,-0,None
0,area_waste,balance_port.flow,49,49,0,0,None
0,area_geothermal,generation_power,49,49,0,0,None
0,area_geothermal,minus_generation,49,49,0,-0,None
0,area_geothermal,balance_port.flow,49,49,0,0,None
0,area_other,generation_power,49,49,0,0,None
0,area_other,minus_generation,49,49,0,-0,None
0,area_other,balance_port.flow,49,49,0,0,None
0,area_pumped_storage_power,generation_power,49,49,0,0,None
0,area_pumped_storage_power,minus_generation,49,49,0,-0,None
0,area_pumped_storage_power,balance_port.flow,49,49,0,0,None
0,area_rest_world,generation_power,49,49,0,0,None
0,area_rest_world,minus_generation,49,49,0,-0,None
0,area_rest_world,balance_port.flow,49,49,0,0,None
0,area_thermal_default,prop_cost,49,49,0,0,None
0,area_thermal_default,balance_port.flow,49,49,0,0,None
0,area_thermal_default,co2_emissions,49,49,0,0,None
0,area_thermal_default,nh3_emissions,49,49,0,0,None
0,area_thermal_default,so2_emissions,49,49,0,0,None
0,area_thermal_default,nox_emissions,49,49,0,0,None
0,area_thermal_default,pm2_5_emissions,49,49,0,0,None
0,area_thermal_default,pm5_emissions,49,49,0,0,None
0,area_thermal_default,pm10_emissions,49,49,0,0,None
0,area_thermal_default,nmvoc_emissions,49,49,0,0,None
0,area_thermal_default,op1_emissions,49,49,0,0,None
0,area_thermal_default,op2_emissions,49,49,0,0,None
0,area_thermal_default,op3_emissions,49,49,0,0,None
0,area_thermal_default,op4_emissions,49,49,0,0,None
0,area_thermal_default,op5_emissions,49,49,0,0,None
0,area_thermal_default,cluster_availability,49,49,0,0,None
0,area_thermal_default,up_margin,49,49,0,0,None
0,area_thermal_default,min_gen_power,49,49,0,0,None
0,area_thermal_default,down_margin,49,49,0,0,None
0,area_thermal_default,profit,49,49,0,0,None
0,area_node,imbalance_cost,50,50,0,0,None
0,area_node,is_significant_loss_of_load,50,50,0,0,None
0,area_node,is_loss_of_load,50,50,0,0,None
0,area_load,actual_load,50,50,0,4514,None
0,area_node,price,50,50,0,0.3000000047249155,None
0,area_node,balance_port.price,50,50,0,0.3000000047249155,None
0,area_node,is_near_loss_of_load,50,50,0,0,None
0,area_load,balance_port.flow,50,50,0,-4514,None
0,area_wind,generation_power,50,50,0,470,None
0,area_wind,minus_generation,50,50,0,-470,None
0,area_wind,balance_port.flow,50,50,0,470,None
0,area_solar,generation_power,50,50,0,0,None
0,area_solar,minus_generation,50,50,0,-0,None
0,area_solar,balance_port.flow,50,50,0,0,None
0,area_run_of_river,generation_power,50,50,0,0,None
0,area_run_of_river,minus_generation,50,50,0,-0,None
0,area_run_of_river,balance_port.flow,50,50,0,0,None
0,area_combined_heat_power,generation_power,50,50,0,0,None
0,area_combined_heat_power,minus_generation,50,50,0,-0,None
0,area_combined_heat_power,balance_port.flow,50,50,0,0,None
0,area_biomass,generation_power,50,50,0,0,None
0,area_biomass,minus_generation,50,50,0,-0,None
0,area_biomass,balance_port.flow,50,50,0,0,None
0,area_biogas,generation_power,50,50,0,0,None
0,area_biogas,minus_generation,50,50,0,-0,None
0,area_biogas,balance_port.flow,50,50,0,0,None
0,area_waste,generation_power,50,50,0,0,None
0,area_waste,minus_generation,50,50,0,-0,None
0,area_waste,balance_port.flow,50,50,0,0,None
0,area_geothermal,generation_power,50,50,0,0,None
0,area_geothermal,minus_generation,50,50,0,-0,None
0,area_geothermal,balance_port.flow,50,50,0,0,None
0,area_other,generation_power,50,50,0,0,None
0,area_other,minus_generation,50,50,0,-0,None
0,area_other,balance_port.flow,50,50,0,0,None
0,area_pumped_storage_power,generation_power,50,50,0,0,None
0,area_pumped_storage_power,minus_generation,50,50,0,-0,None
0,area_pumped_storage_power,balance_port.flow,50,50,0,0,None
0,area_rest_world,generation_power,50,50,0,0,None
0,area_rest_world,minus_generation,50,50,0,-0,None
0,area_rest_world,balance_port.flow,50,50,0,0,None
0,area_thermal_default,prop_cost,50,50,0,0,None
0,area_thermal_default,balance_port.flow,50,50,0,0,None
0,area_thermal_default,co2_emissions,50,50,0,0,None
0,area_thermal_default,nh3_emissions,50,50,0,0,None
0,area_thermal_default,so2_emissions,50,50,0,0,None
0,area_thermal_default,nox_emissions,50,50,0,0,None
0,area_thermal_default,pm2_5_emissions,50,50,0,0,None
0,area_thermal_default,pm5_emissions,50,50,0,0,None
0,area_thermal_default,pm10_emissions,50,50,0,0,None
0,area_thermal_default,nmvoc_emissions,50,50,0,0,None
0,area_thermal_default,op1_emissions,50,50,0,0,None
0,area_thermal_default,op2_emissions,50,50,0,0,None
0,area_thermal_default,op3_emissions,50,50,0,0,None
0,area_thermal_default,op4_emissions,50,50,0,0,None
0,area_thermal_default,op5_emissions,50,50,0,0,None
0,area_thermal_default,cluster_availability,50,50,0,0,None
0,area_thermal_default,up_margin,50,50,0,0,None
0,area_thermal_default,min_gen_power,50,50,0,0,None
0,area_thermal_default,down_margin,50,50,0,0,None
0,area_thermal_default,profit,50,50,0,0,None
0,area_node,imbalance_cost,51,51,0,0,None
0,area_node,is_significant_loss_of_load,51,51,0,0,None
0,area_node,is_loss_of_load,51,51,0,0,None
0,area_load,actual_load,51,51,0,4380,None
0,area_node,price,51,51,0,0.30000000793862774,None
0,area_node,balance_port.price,51,51,0,0.30000000793862774,None
0,area_node,is_near_loss_of_load,51,51,0,0,None
0,area_load,balance_port.flow,51,51,0,-4380,None
0,area_wind,generation_power,51,51,0,429,None
0,area_wind,minus_generation,51,51,0,-429,None
0,area_wind,balance_port.flow,51,51,0,429,None
0,area_solar,generation_power,51,51,0,0,None
0,area_solar,minus_generation,51,51,0,-0,None
0,area_solar,balance_port.flow,51,51,0,0,None
0,area_run_of_river,generation_power,51,51,0,0,None
0,area_run_of_river,minus_generation,51,51,0,-0,None
0,area_run_of_river,balance_port.flow,51,51,0,0,None
0,area_combined_heat_power,generation_power,51,51,0,0,None
0,area_combined_heat_power,minus_generation,51,51,0,-0,None
0,area_combined_heat_power,balance_port.flow,51,51,0,0,None
0,area_biomass,generation_power,51,51,0,0,None
0,area_biomass,minus_generation,51,51,0,-0,None
0,area_biomass,balance_port.flow,51,51,0,0,None
0,area_biogas,generation_power,51,51,0,0,None
0,area_biogas,minus_generation,51,51,0,-0,None
0,area_biogas,balance_port.flow,51,51,0,0,None
0,area_waste,generation_power,51,51,0,0,None
0,area_waste,minus_generation,51,51,0,-0,None
0,area_waste,balance_port.flow,51,51,0,0,None
0,area_geothermal,generation_power,51,51,0,0,None
0,area_geothermal,minus_generation,51,51,0,-0,None
0,area_geothermal,balance_port.flow,51,51,0,0,None
0,area_other,generation_power,51,51,0,0,None
0,area_other,minus_generation,51,51,0,-0,None
0,area_other,balance_port.flow,51,51,0,0,None
0,area_pumped_storage_power,generation_power,51,51,0,0,None
0,area_pumped_storage_power,minus_generation,51,51,0,-0,None
0,area_pumped_storage_power,balance_port.flow,51,51,0,0,None
0,area_rest_world,generation_power,51,51,0,0,None
0,area_rest_world,minus_generation,51,51,0,-0,None
0,area_rest_world,balance_port.flow,51,51,0,0,None
0,area_thermal_default,prop_cost,51,51,0,0,None
0,area_thermal_default,balance_port.flow,51,51,0,0,None
0,area_thermal_default,co2_emissions,51,51,0,0,None
0,area_thermal_default,nh3_emissions,51,51,0,0,None
0,area_thermal_default,so2_emissions,51,51,0,0,None
0,area_thermal_default,nox_emissions,51,51,0,0,None
0,area_thermal_default,pm2_5_emissions,51,51,0,0,None
0,area_thermal_default,pm5_emissions,51,51,0,0,None
0,area_thermal_default,pm10_emissions,51,51,0,0,None
0,area_thermal_default,nmvoc_emissions,51,51,0,0,None
0,area_thermal_default,op1_emissions,51,51,0,0,None
0,area_thermal_default,op2_emissions,51,51,0,0,None
0,area_thermal_default,op3_emissions,51,51,0,0,None
0,area_thermal_default,op4_emissions,51,51,0,0,None
0,area_thermal_default,op5_emissions,51,51,0,0,None
0,area_thermal_default,cluster_availability,51,51,0,0,None
0,area_thermal_default,up_margin,51,51,0,0,None
0,area_thermal_default,min_gen_power,51,51,0,0,None
0,area_thermal_default,down_margin,51,51,0,0,None
0,area_thermal_default,profit,51,51,0,0,None
0,area_node,imbalance_cost,52,52,0,0,None
0,area_node,is_significant_loss_of_load,52,52,0,0,None
0,area_node,is_loss_of_load,52,52,0,0,None
0,area_load,actual_load,52,52,0,4304,None
0,area_node,price,52,52,0,0.2999999953957509,None
0,area_node,balance_port.price,52,52,0,0.2999999953957509,None
0,area_node,is_near_loss_of_load,52,52,0,0,None
0,area_load,balance_port.flow,52,52,0,-4304,None
0,area_wind,generation_power,52,52,0,508,None
0,area_wind,minus_generation,52,52,0,-508,None
0,area_wind,balance_port.flow,52,52,0,508,None
0,area_solar,generation_power,52,52,0,0,None
0,area_solar,minus_generation,52,52,0,-0,None
0,area_solar,balance_port.flow,52,52,0,0,None
0,area_run_of_river,generation_power,52,52,0,0,None
0,area_run_of_river,minus_generation,52,52,0,-0,None
0,area_run_of_river,balance_port.flow,52,52,0,0,None
0,area_combined_heat_power,generation_power,52,52,0,0,None
0,area_combined_heat_power,minus_generation,52,52,0,-0,None
0,area_combined_heat_power,balance_port.flow,52,52,0,0,None
0,area_biomass,generation_power,52,52,0,0,None
0,area_biomass,minus_generation,52,52,0,-0,None
0,area_biomass,balance_port.flow,52,52,0,0,None
0,area_biogas,generation_power,52,52,0,0,None
0,area_biogas,minus_generation,52,52,0,-0,None
0,area_biogas,balance_port.flow,52,52,0,0,None
0,area_waste,generation_power,52,52,0,0,None
0,area_waste,minus_generation,52,52,0,-0,None
0,area_waste,balance_port.flow,52,52,0,0,None
0,area_geothermal,generation_power,52,52,0,0,None
0,area_geothermal,minus_generation,52,52,0,-0,None
0,area_geothermal,balance_port.flow,52,52,0,0,None
0,area_other,generation_power,52,52,0,0,None
0,area_other,minus_generation,52,52,0,-0,None
0,area_other,balance_port.flow,52,52,0,0,None
0,area_pumped_storage_power,generation_power,52,52,0,0,None
0,area_pumped_storage_power,minus_generation,52,52,0,-0,None
0,area_pumped_storage_power,balance_port.flow,52,52,0,0,None
0,area_rest_world,generation_power,52,52,0,0,None
0,area_rest_world,minus_generation,52,52,0,-0,None
0,area_rest_world,balance_port.flow,52,52,0,0,None
0,area_thermal_default,prop_cost,52,52,0,0,None
0,area_thermal_default,balance_port.flow,52,52,0,0,None
0,area_thermal_default,co2_emissions,52,52,0,0,None
0,area_thermal_default,nh3_emissions,52,52,0,0,None
0,area_thermal_default,so2_emissions,52,52,0,0,None
0,area_thermal_default,nox_emissions,52,52,0,0,None
0,area_thermal_default,pm2_5_emissions,52,52,0,0,None
0,area_thermal_default,pm5_emissions,52,52,0,0,None
0,area_thermal_default,pm10_emissions,52,52,0,0,None
0,area_thermal_default,nmvoc_emissions,52,52,0,0,None
0,area_thermal_default,op1_emissions,52,52,0,0,None
0,area_thermal_default,op2_emissions,52,52,0,0,None
0,area_thermal_default,op3_emissions,52,52,0,0,None
0,area_thermal_default,op4_emissions,52,52,0,0,None
0,area_thermal_default,op5_emissions,52,52,0,0,None
0,area_thermal_default,cluster_availability,52,52,0,0,None
0,area_thermal_default,up_margin,52,52,0,0,None
0,area_thermal_default,min_gen_power,52,52,0,0,None
0,area_thermal_default,down_margin,52,52,0,0,None
0,area_thermal_default,profit,52,52,0,0,None
0,area_node,imbalance_cost,53,53,0,0,None
0,area_node,is_significant_loss_of_load,53,53,0,0,None
0,area_node,is_loss_of_load,53,53,0,0,None
0,area_load,actual_load,53,53,0,4533,None
0,area_node,price,53,53,0,0.2999999901839598,None
0,area_node,balance_port.price,53,53,0,0.2999999901839598,None
0,area_node,is_near_loss_of_load,53,53,0,0,None
0,area_load,balance_port.flow,53,53,0,-4533,None
0,area_wind,generation_power,53,53,0,440,None
0,area_wind,minus_generation,53,53,0,-440,None
0,area_wind,balance_port.flow,53,53,0,440,None
0,area_solar,generation_power,53,53,0,0,None
0,area_solar,minus_generation,53,53,0,-0,None
0,area_solar,balance_port.flow,53,53,0,0,None
0,area_run_of_river,generation_power,53,53,0,0,None
0,area_run_of_river,minus_generation,53,53,0,-0,None
0,area_run_of_river,balance_port.flow,53,53,0,0,None
0,area_combined_heat_power,generation_power,53,53,0,0,None
0,area_combined_heat_power,minus_generation,53,53,0,-0,None
0,area_combined_heat_power,balance_port.flow,53,53,0,0,None
0,area_biomass,generation_power,53,53,0,0,None
0,area_biomass,minus_generation,53,53,0,-0,None
0,area_biomass,balance_port.flow,53,53,0,0,None
0,area_biogas,generation_power,53,53,0,0,None
0,area_biogas,minus_generation,53,53,0,-0,None
0,area_biogas,balance_port.flow,53,53,0,0,None
0,area_waste,generation_power,53,53,0,0,None
0,area_waste,minus_generation,53,53,0,-0,None
0,area_waste,balance_port.flow,53,53,0,0,None
0,area_geothermal,generation_power,53,53,0,0,None
0,area_geothermal,minus_generation,53,53,0,-0,None
0,area_geothermal,balance_port.flow,53,53,0,0,None
0,area_other,generation_power,53,53,0,0,None
0,area_other,minus_generation,53,53,0,-0,None
0,area_other,balance_port.flow,53,53,0,0,None
0,area_pumped_storage_power,generation_power,53,53,0,0,None
0,area_pumped_storage_power,minus_generation,53,53,0,-0,None
0,area_pumped_storage_power,balance_port.flow,53,53,0,0,None
0,area_rest_world,generation_power,53,53,0,0,None
0,area_rest_world,minus_generation,53,53,0,-0,None
0,area_rest_world,balance_port.flow,53,53,0,0,None
0,area_thermal_default,prop_cost,53,53,0,0,None
0,area_thermal_default,balance_port.flow,53,53,0,0,None
0,area_thermal_default,co2_emissions,53,53,0,0,None
0,area_thermal_default,nh3_emissions,53,53,0,0,None
0,area_thermal_default,so2_emissions,53,53,0,0,None
0,area_thermal_default,nox_emissions,53,53,0,0,None
0,area_thermal_default,pm2_5_emissions,53,53,0,0,None
0,area_thermal_default,pm5_emissions,53,53,0,0,None
0,area_thermal_default,pm10_emissions,53,53,0,0,None
0,area_thermal_default,nmvoc_emissions,53,53,0,0,None
0,area_thermal_default,op1_emissions,53,53,0,0,None
0,area_thermal_default,op2_emissions,53,53,0,0,None
0,area_thermal_default,op3_emissions,53,53,0,0,None
0,area_thermal_default,op4_emissions,53,53,0,0,None
0,area_thermal_default,op5_emissions,53,53,0,0,None
0,area_thermal_default,cluster_availability,53,53,0,0,None
0,area_thermal_default,up_margin,53,53,0,0,None
0,area_thermal_default,min_gen_power,53,53,0,0,None
0,area_thermal_default,down_margin,53,53,0,0,None
0,area_thermal_default,profit,53,53,0,0,None
0,area_node,imbalance_cost,54,54,0,0,None
0,area_node,is_significant_loss_of_load,54,54,0,0,None
0,area_node,is_loss_of_load,54,54,0,0,None
0,area_load,actual_load,54,54,0,5102,None
0,area_node,price,54,54,0,0.3000000005166434,None
0,area_node,balance_port.price,54,54,0,0.3000000005166434,None
0,area_node,is_near_loss_of_load,54,54,0,0,None
0,area_load,balance_port.flow,54,54,0,-5102,None
0,area_wind,generation_power,54,54,0,356,None
0,area_wind,minus_generation,54,54,0,-356,None
0,area_wind,balance_port.flow,54,54,0,356,None
0,area_solar,generation_power,54,54,0,0,None
0,area_solar,minus_generation,54,54,0,-0,None
0,area_solar,balance_port.flow,54,54,0,0,None
0,area_run_of_river,generation_power,54,54,0,0,None
0,area_run_of_river,minus_generation,54,54,0,-0,None
0,area_run_of_river,balance_port.flow,54,54,0,0,None
0,area_combined_heat_power,generation_power,54,54,0,0,None
0,area_combined_heat_power,minus_generation,54,54,0,-0,None
0,area_combined_heat_power,balance_port.flow,54,54,0,0,None
0,area_biomass,generation_power,54,54,0,0,None
0,area_biomass,minus_generation,54,54,0,-0,None
0,area_biomass,balance_port.flow,54,54,0,0,None
0,area_biogas,generation_power,54,54,0,0,None
0,area_biogas,minus_generation,54,54,0,-0,None
0,area_biogas,balance_port.flow,54,54,0,0,None
0,area_waste,generation_power,54,54,0,0,None
0,area_waste,minus_generation,54,54,0,-0,None
0,area_waste,balance_port.flow,54,54,0,0,None
0,area_geothermal,generation_power,54,54,0,0,None
0,area_geothermal,minus_generation,54,54,0,-0,None
0,area_geothermal,balance_port.flow,54,54,0,0,None
0,area_other,generation_power,54,54,0,0,None
0,area_other,minus_generation,54,54,0,-0,None
0,area_other,balance_port.flow,54,54,0,0,None
0,area_pumped_storage_power,generation_power,54,54,0,0,None
0,area_pumped_storage_power,minus_generation,54,54,0,-0,None
0,area_pumped_storage_power,balance_port.flow,54,54,0,0,None
0,area_rest_world,generation_power,54,54,0,0,None
0,area_rest_world,minus_generation,54,54,0,-0,None
0,area_rest_world,balance_port.flow,54,54,0,0,None
0,area_thermal_default,prop_cost,54,54,0,0,None
0,area_thermal_default,balance_port.flow,54,54,0,0,None
0,area_thermal_default,co2_emissions,54,54,0,0,None
0,area_thermal_default,nh3_emissions,54,54,0,0,None
0,area_thermal_default,so2_emissions,54,54,0,0,None
0,area_thermal_default,nox_emissions,54,54,0,0,None
0,area_thermal_default,pm2_5_emissions,54,54,0,0,None
0,area_thermal_default,pm5_emissions,54,54,0,0,None
0,area_thermal_default,pm10_emissions,54,54,0,0,None
0,area_thermal_default,nmvoc_emissions,54,54,0,0,None
0,area_thermal_default,op1_emissions,54,54,0,0,None
0,area_thermal_default,op2_emissions,54,54,0,0,None
0,area_thermal_default,op3_emissions,54,54,0,0,None
0,area_thermal_default,op4_emissions,54,54,0,0,None
0,area_thermal_default,op5_emissions,54,54,0,0,None
0,area_thermal_default,cluster_availability,54,54,0,0,None
0,area_thermal_default,up_margin,54,54,0,0,None
0,area_thermal_default,min_gen_power,54,54,0,0,None
0,area_thermal_default,down_margin,54,54,0,0,None
0,area_thermal_default,profit,54,54,0,0,None
0,area_node,imbalance_cost,55,55,0,0,None
0,area_node,is_significant_loss_of_load,55,55,0,0,None
0,area_node,is_loss_of_load,55,55,0,0,None
0,area_load,actual_load,55,55,0,5794,None
0,area_node,price,55,55,0,0.29999999893591767,None
0,area_node,balance_port.price,55,55,0,0.29999999893591767,None
0,area_node,is_near_loss_of_load,55,55,0,0,None
0,area_load,balance_port.flow,55,55,0,-5794,None
0,area_wind,generation_power,55,55,0,476,None
0,area_wind,minus_generation,55,55,0,-476,None
0,area_wind,balance_port.flow,55,55,0,476,None
0,area_solar,generation_power,55,55,0,0,None
0,area_solar,minus_generation,55,55,0,-0,None
0,area_solar,balance_port.flow,55,55,0,0,None
0,area_run_of_river,generation_power,55,55,0,0,None
0,area_run_of_river,minus_generation,55,55,0,-0,None
0,area_run_of_river,balance_port.flow,55,55,0,0,None
0,area_combined_heat_power,generation_power,55,55,0,0,None
0,area_combined_heat_power,minus_generation,55,55,0,-0,None
0,area_combined_heat_power,balance_port.flow,55,55,0,0,None
0,area_biomass,generation_power,55,55,0,0,None
0,area_biomass,minus_generation,55,55,0,-0,None
0,area_biomass,balance_port.flow,55,55,0,0,None
0,area_biogas,generation_power,55,55,0,0,None
0,area_biogas,minus_generation,55,55,0,-0,None
0,area_biogas,balance_port.flow,55,55,0,0,None
0,area_waste,generation_power,55,55,0,0,None
0,area_waste,minus_generation,55,55,0,-0,None
0,area_waste,balance_port.flow,55,55,0,0,None
0,area_geothermal,generation_power,55,55,0,0,None
0,area_geothermal,minus_generation,55,55,0,-0,None
0,area_geothermal,balance_port.flow,55,55,0,0,None
0,area_other,generation_power,55,55,0,0,None
0,area_other,minus_generation,55,55,0,-0,None
0,area_other,balance_port.flow,55,55,0,0,None
0,area_pumped_storage_power,generation_power,55,55,0,0,None
0,area_pumped_storage_power,minus_generation,55,55,0,-0,None
0,area_pumped_storage_power,balance_port.flow,55,55,0,0,None
0,area_rest_world,generation_power,55,55,0,0,None
0,area_rest_world,minus_generation,55,55,0,-0,None
0,area_rest_world,balance_port.flow,55,55,0,0,None
0,area_thermal_default,prop_cost,55,55,0,0,None
0,area_thermal_default,balance_port.flow,55,55,0,0,None
0,area_thermal_default,co2_emissions,55,55,0,0,None
0,area_thermal_default,nh3_emissions,55,55,0,0,None
0,area_thermal_default,so2_emissions,55,55,0,0,None
0,area_thermal_default,nox_emissions,55,55,0,0,None
0,area_thermal_default,pm2_5_emissions,55,55,0,0,None
0,area_thermal_default,pm5_emissions,55,55,0,0,None
0,area_thermal_default,pm10_emissions,55,55,0,0,None
0,area_thermal_default,nmvoc_emissions,55,55,0,0,None
0,area_thermal_default,op1_emissions,55,55,0,0,None
0,area_thermal_default,op2_emissions,55,55,0,0,None
0,area_thermal_default,op3_emissions,55,55,0,0,None
0,area_thermal_default,op4_emissions,55,55,0,0,None
0,area_thermal_default,op5_emissions,55,55,0,0,None
0,area_thermal_default,cluster_availability,55,55,0,0,None
0,area_thermal_default,up_margin,55,55,0,0,None
0,area_thermal_default,min_gen_power,55,55,0,0,None
0,area_thermal_default,down_margin,55,55,0,0,None
0,area_thermal_default,profit,55,55,0,0,None
0,area_node,imbalance_cost,56,56,0,0,None
0,area_node,is_significant_loss_of_load,56,56,0,0,None
0,area_node,is_loss_of_load,56,56,0,0,None
0,area_load,actual_load,56,56,0,6027,None
0,area_node,price,56,56,0,0.300000009461243,None
0,area_node,balance_port.price,56,56,0,0.300000009461243,None
0,area_node,is_near_loss_of_load,56,56,0,0,None
0,area_load,balance_port.flow,56,56,0,-6027,None
0,area_wind,generation_power,56,56,0,459,None
0,area_wind,minus_generation,56,56,0,-459,None
0,area_wind,balance_port.flow,56,56,0,459,None
0,area_solar,generation_power,56,56,0,0,None
0,area_solar,minus_generation,56,56,0,-0,None
0,area_solar,balance_port.flow,56,56,0,0,None
0,area_run_of_river,generation_power,56,56,0,0,None
0,area_run_of_river,minus_generation,56,56,0,-0,None
0,area_run_of_river,balance_port.flow,56,56,0,0,None
0,area_combined_heat_power,generation_power,56,56,0,0,None
0,area_combined_heat_power,minus_generation,56,56,0,-0,None
0,area_combined_heat_power,balance_port.flow,56,56,0,0,None
0,area_biomass,generation_power,56,56,0,0,None
0,area_biomass,minus_generation,56,56,0,-0,None
0,area_biomass,balance_port.flow,56,56,0,0,None
0,area_biogas,generation_power,56,56,0,0,None
0,area_biogas,minus_generation,56,56,0,-0,None
0,area_biogas,balance_port.flow,56,56,0,0,None
0,area_waste,generation_power,56,56,0,0,None
0,area_waste,minus_generation,56,56,0,-0,None
0,area_waste,balance_port.flow,56,56,0,0,None
0,area_geothermal,generation_power,56,56,0,0,None
0,area_geothermal,minus_generation,56,56,0,-0,None
0,area_geothermal,balance_port.flow,56,56,0,0,None
0,area_other,generation_power,56,56,0,0,None
0,area_other,minus_generation,56,56,0,-0,None
0,area_other,balance_port.flow,56,56,0,0,None
0,area_pumped_storage_power,generation_power,56,56,0,0,None
0,area_pumped_storage_power,minus_generation,56,56,0,-0,None
0,area_pumped_storage_power,balance_port.flow,56,56,0,0,None
0,area_rest_world,generation_power,56,56,0,0,None
0,area_rest_world,minus_generation,56,56,0,-0,None
0,area_rest_world,balance_port.flow,56,56,0,0,None
0,area_thermal_default,prop_cost,56,56,0,0,None
0,area_thermal_default,balance_port.flow,56,56,0,0,None
0,area_thermal_default,co2_emissions,56,56,0,0,None
0,area_thermal_default,nh3_emissions,56,56,0,0,None
0,area_thermal_default,so2_emissions,56,56,0,0,None
0,area_thermal_default,nox_emissions,56,56,0,0,None
0,area_thermal_default,pm2_5_emissions,56,56,0,0,None
0,area_thermal_default,pm5_emissions,56,56,0,0,None
0,area_thermal_default,pm10_emissions,56,56,0,0,None
0,area_thermal_default,nmvoc_emissions,56,56,0,0,None
0,area_thermal_default,op1_emissions,56,56,0,0,None
0,area_thermal_default,op2_emissions,56,56,0,0,None
0,area_thermal_default,op3_emissions,56,56,0,0,None
0,area_thermal_default,op4_emissions,56,56,0,0,None
0,area_thermal_default,op5_emissions,56,56,0,0,None
0,area_thermal_default,cluster_availability,56,56,0,0,None
0,area_thermal_default,up_margin,56,56,0,0,None
0,area_thermal_default,min_gen_power,56,56,0,0,None
0,area_thermal_default,down_margin,56,56,0,0,None
0,area_thermal_default,profit,56,56,0,0,None
0,area_node,imbalance_cost,57,57,0,0,None
0,area_node,is_significant_loss_of_load,57,57,0,0,None
0,area_node,is_loss_of_load,57,57,0,0,None
0,area_load,actual_load,57,57,0,6135,None
0,area_node,price,57,57,0,0.2999999983208753,None
0,area_node,balance_port.price,57,57,0,0.2999999983208753,None
0,area_node,is_near_loss_of_load,57,57,0,0,None
0,area_load,balance_port.flow,57,57,0,-6135,None
0,area_wind,generation_power,57,57,0,538,None
0,area_wind,minus_generation,57,57,0,-538,None
0,area_wind,balance_port.flow,57,57,0,538,None
0,area_solar,generation_power,57,57,0,0,None
0,area_solar,minus_generation,57,57,0,-0,None
0,area_solar,balance_port.flow,57,57,0,0,None
0,area_run_of_river,generation_power,57,57,0,0,None
0,area_run_of_river,minus_generation,57,57,0,-0,None
0,area_run_of_river,balance_port.flow,57,57,0,0,None
0,area_combined_heat_power,generation_power,57,57,0,0,None
0,area_combined_heat_power,minus_generation,57,57,0,-0,None
0,area_combined_heat_power,balance_port.flow,57,57,0,0,None
0,area_biomass,generation_power,57,57,0,0,None
0,area_biomass,minus_generation,57,57,0,-0,None
0,area_biomass,balance_port.flow,57,57,0,0,None
0,area_biogas,generation_power,57,57,0,0,None
0,area_biogas,minus_generation,57,57,0,-0,None
0,area_biogas,balance_port.flow,57,57,0,0,None
0,area_waste,generation_power,57,57,0,0,None
0,area_waste,minus_generation,57,57,0,-0,None
0,area_waste,balance_port.flow,57,57,0,0,None
0,area_geothermal,generation_power,57,57,0,0,None
0,area_geothermal,minus_generation,57,57,0,-0,None
0,area_geothermal,balance_port.flow,57,57,0,0,None
0,area_other,generation_power,57,57,0,0,None
0,area_other,minus_generation,57,57,0,-0,None
0,area_other,balance_port.flow,57,57,0,0,None
0,area_pumped_storage_power,generation_power,57,57,0,0,None
0,area_pumped_storage_power,minus_generation,57,57,0,-0,None
0,area_pumped_storage_power,balance_port.flow,57,57,0,0,None
0,area_rest_world,generation_power,57,57,0,0,None
0,area_rest_world,minus_generation,57,57,0,-0,None
0,area_rest_world,balance_port.flow,57,57,0,0,None
0,area_thermal_default,prop_cost,57,57,0,0,None
0,area_thermal_default,balance_port.flow,57,57,0,0,None
0,area_thermal_default,co2_emissions,57,57,0,0,None
0,area_thermal_default,nh3_emissions,57,57,0,0,None
0,area_thermal_default,so2_emissions,57,57,0,0,None
0,area_thermal_default,nox_emissions,57,57,0,0,None
0,area_thermal_default,pm2_5_emissions,57,57,0,0,None
0,area_thermal_default,pm5_emissions,57,57,0,0,None
0,area_thermal_default,pm10_emissions,57,57,0,0,None
0,area_thermal_default,nmvoc_emissions,57,57,0,0,None
0,area_thermal_default,op1_emissions,57,57,0,0,None
0,area_thermal_default,op2_emissions,57,57,0,0,None
0,area_thermal_default,op3_emissions,57,57,0,0,None
0,area_thermal_default,op4_emissions,57,57,0,0,None
0,area_thermal_default,op5_emissions,57,57,0,0,None
0,area_thermal_default,cluster_availability,57,57,0,0,None
0,area_thermal_default,up_margin,57,57,0,0,None
0,area_thermal_default,min_gen_power,57,57,0,0,None
0,area_thermal_default,down_margin,57,57,0,0,None
0,area_thermal_default,profit,57,57,0,0,None
0,area_node,imbalance_cost,58,58,0,0,None
0,area_node,is_significant_loss_of_load,58,58,0,0,None
0,area_node,is_loss_of_load,58,58,0,0,None
0,area_load,actual_load,58,58,0,6006,None
0,area_node,price,58,58,0,0.3000000082402777,None
0,area_node,balance_port.price,58,58,0,0.3000000082402777,None
0,area_node,is_near_loss_of_load,58,58,0,0,None
0,area_load,balance_port.flow,58,58,0,-6006,None
0,area_wind,generation_power,58,58,0,523,None
0,area_wind,minus_generation,58,58,0,-523,None
0,area_wind,balance_port.flow,58,58,0,523,None
0,area_solar,generation_power,58,58,0,0,None
0,area_solar,minus_generation,58,58,0,-0,None
0,area_solar,balance_port.flow,58,58,0,0,None
0,area_run_of_river,generation_power,58,58,0,0,None
0,area_run_of_river,minus_generation,58,58,0,-0,None
0,area_run_of_river,balance_port.flow,58,58,0,0,None
0,area_combined_heat_power,generation_power,58,58,0,0,None
0,area_combined_heat_power,minus_generation,58,58,0,-0,None
0,area_combined_heat_power,balance_port.flow,58,58,0,0,None
0,area_biomass,generation_power,58,58,0,0,None
0,area_biomass,minus_generation,58,58,0,-0,None
0,area_biomass,balance_port.flow,58,58,0,0,None
0,area_biogas,generation_power,58,58,0,0,None
0,area_biogas,minus_generation,58,58,0,-0,None
0,area_biogas,balance_port.flow,58,58,0,0,None
0,area_waste,generation_power,58,58,0,0,None
0,area_waste,minus_generation,58,58,0,-0,None
0,area_waste,balance_port.flow,58,58,0,0,None
0,area_geothermal,generation_power,58,58,0,0,None
0,area_geothermal,minus_generation,58,58,0,-0,None
0,area_geothermal,balance_port.flow,58,58,0,0,None
0,area_other,generation_power,58,58,0,0,None
0,area_other,minus_generation,58,58,0,-0,None
0,area_other,balance_port.flow,58,58,0,0,None
0,area_pumped_storage_power,generation_power,58,58,0,0,None
0,area_pumped_storage_power,minus_generation,58,58,0,-0,None
0,area_pumped_storage_power,balance_port.flow,58,58,0,0,None
0,area_rest_world,generation_power,58,58,0,0,None
0,area_rest_world,minus_generation,58,58,0,-0,None
0,area_rest_world,balance_port.flow,58,58,0,0,None
0,area_thermal_default,prop_cost,58,58,0,0,None
0,area_thermal_default,balance_port.flow,58,58,0,0,None
0,area_thermal_default,co2_emissions,58,58,0,0,None
0,area_thermal_default,nh3_emissions,58,58,0,0,None
0,area_thermal_default,so2_emissions,58,58,0,0,None
0,area_thermal_default,nox_emissions,58,58,0,0,None
0,area_thermal_default,pm2_5_emissions,58,58,0,0,None
0,area_thermal_default,pm5_emissions,58,58,0,0,None
0,area_thermal_default,pm10_emissions,58,58,0,0,None
0,area_thermal_default,nmvoc_emissions,58,58,0,0,None
0,area_thermal_default,op1_emissions,58,58,0,0,None
0,area_thermal_default,op2_emissions,58,58,0,0,None
0,area_thermal_default,op3_emissions,58,58,0,0,None
0,area_thermal_default,op4_emissions,58,58,0,0,None
0,area_thermal_default,op5_emissions,58,58,0,0,None
0,area_thermal_default,cluster_availability,58,58,0,0,None
0,area_thermal_default,up_margin,58,58,0,0,None
0,area_thermal_default,min_gen_power,58,58,0,0,None
0,area_thermal_default,down_margin,58,58,0,0,None
0,area_thermal_default,profit,58,58,0,0,None
0,area_node,imbalance_cost,59,59,0,0,None
0,area_node,is_significant_loss_of_load,59,59,0,0,None
0,area_node,is_loss_of_load,59,59,0,0,None
0,area_load,actual_load,59,59,0,5986,None
0,area_node,price,59,59,0,0.29999999960651735,None
0,area_node,balance_port.price,59,59,0,0.29999999960651735,None
0,area_node,is_near_loss_of_load,59,59,0,0,None
0,area_load,balance_port.flow,59,59,0,-5986,None
0,area_wind,generation_power,59,59,0,459,None
0,area_wind,minus_generation,59,59,0,-459,None
0,area_wind,balance_port.flow,59,59,0,459,None
0,area_solar,generation_power,59,59,0,0,None
0,area_solar,minus_generation,59,59,0,-0,None
0,area_solar,balance_port.flow,59,59,0,0,None
0,area_run_of_river,generation_power,59,59,0,0,None
0,area_run_of_river,minus_generation,59,59,0,-0,None
0,area_run_of_river,balance_port.flow,59,59,0,0,None
0,area_combined_heat_power,generation_power,59,59,0,0,None
0,area_combined_heat_power,minus_generation,59,59,0,-0,None
0,area_combined_heat_power,balance_port.flow,59,59,0,0,None
0,area_biomass,generation_power,59,59,0,0,None
0,area_biomass,minus_generation,59,59,0,-0,None
0,area_biomass,balance_port.flow,59,59,0,0,None
0,area_biogas,generation_power,59,59,0,0,None
0,area_biogas,minus_generation,59,59,0,-0,None
0,area_biogas,balance_port.flow,59,59,0,0,None
0,area_waste,generation_power,59,59,0,0,None
0,area_waste,minus_generation,59,59,0,-0,None
0,area_waste,balance_port.flow,59,59,0,0,None
0,area_geothermal,generation_power,59,59,0,0,None
0,area_geothermal,minus_generation,59,59,0,-0,None
0,area_geothermal,balance_port.flow,59,59,0,0,None
0,area_other,generation_power,59,59,0,0,None
0,area_other,minus_generation,59,59,0,-0,None
0,area_other,balance_port.flow,59,59,0,0,None
0,area_pumped_storage_power,generation_power,59,59,0,0,None
0,area_pumped_storage_power,minus_generation,59,59,0,-0,None
0,area_pumped_storage_power,balance_port.flow,59,59,0,0,None
0,area_rest_world,generation_power,59,59,0,0,None
0,area_rest_world,minus_generation,59,59,0,-0,None
0,area_rest_world,balance_port.flow,59,59,0,0,None
0,area_thermal_default,prop_cost,59,59,0,0,None
0,area_thermal_default,balance_port.flow,59,59,0,0,None
0,area_thermal_default,co2_emissions,59,59,0,0,None
0,area_thermal_default,nh3_emissions,59,59,0,0,None
0,area_thermal_default,so2_emissions,59,59,0,0,None
0,area_thermal_default,nox_emissions,59,59,0,0,None
0,area_thermal_default,pm2_5_emissions,59,59,0,0,None
0,area_thermal_default,pm5_emissions,59,59,0,0,None
0,area_thermal_default,pm10_emissions,59,59,0,0,None
0,area_thermal_default,nmvoc_emissions,59,59,0,0,None
0,area_thermal_default,op1_emissions,59,59,0,0,None
0,area_thermal_default,op2_emissions,59,59,0,0,None
0,area_thermal_default,op3_emissions,59,59,0,0,None
0,area_thermal_default,op4_emissions,59,59,0,0,None
0,area_thermal_default,op5_emissions,59,59,0,0,None
0,area_thermal_default,cluster_availability,59,59,0,0,None
0,area_thermal_default,up_margin,59,59,0,0,None
0,area_thermal_default,min_gen_power,59,59,0,0,None
0,area_thermal_default,down_margin,59,59,0,0,None
0,area_thermal_default,profit,59,59,0,0,None
0,area_node,imbalance_cost,60,60,0,0,None
0,area_node,is_significant_loss_of_load,60,60,0,0,None
0,area_node,is_loss_of_load,60,60,0,0,None
0,area_load,actual_load,60,60,0,5860,None
0,area_node,price,60,60,0,0.2999999958924801,None
0,area_node,balance_port.price,60,60,0,0.2999999958924801,None
0,area_node,is_near_loss_of_load,60,60,0,0,None
0,area_load,balance_port.flow,60,60,0,-5860,None
0,area_wind,generation_power,60,60,0,423,None
0,area_wind,minus_generation,60,60,0,-423,None
0,area_wind,balance_port.flow,60,60,0,423,None
0,area_solar,generation_power,60,60,0,0,None
0,area_solar,minus_generation,60,60,0,-0,None
0,area_solar,balance_port.flow,60,60,0,0,None
0,area_run_of_river,generation_power,60,60,0,0,None
0,area_run_of_river,minus_generation,60,60,0,-0,None
0,area_run_of_river,balance_port.flow,60,60,0,0,None
0,area_combined_heat_power,generation_power,60,60,0,0,None
0,area_combined_heat_power,minus_generation,60,60,0,-0,None
0,area_combined_heat_power,balance_port.flow,60,60,0,0,None
0,area_biomass,generation_power,60,60,0,0,None
0,area_biomass,minus_generation,60,60,0,-0,None
0,area_biomass,balance_port.flow,60,60,0,0,None
0,area_biogas,generation_power,60,60,0,0,None
0,area_biogas,minus_generation,60,60,0,-0,None
0,area_biogas,balance_port.flow,60,60,0,0,None
0,area_waste,generation_power,60,60,0,0,None
0,area_waste,minus_generation,60,60,0,-0,None
0,area_waste,balance_port.flow,60,60,0,0,None
0,area_geothermal,generation_power,60,60,0,0,None
0,area_geothermal,minus_generation,60,60,0,-0,None
0,area_geothermal,balance_port.flow,60,60,0,0,None
0,area_other,generation_power,60,60,0,0,None
0,area_other,minus_generation,60,60,0,-0,None
0,area_other,balance_port.flow,60,60,0,0,None
0,area_pumped_storage_power,generation_power,60,60,0,0,None
0,area_pumped_storage_power,minus_generation,60,60,0,-0,None
0,area_pumped_storage_power,balance_port.flow,60,60,0,0,None
0,area_rest_world,generation_power,60,60,0,0,None
0,area_rest_world,minus_generation,60,60,0,-0,None
0,area_rest_world,balance_port.flow,60,60,0,0,None
0,area_thermal_default,prop_cost,60,60,0,0,None
0,area_thermal_default,balance_port.flow,60,60,0,0,None
0,area_thermal_default,co2_emissions,60,60,0,0,None
0,area_thermal_default,nh3_emissions,60,60,0,0,None
0,area_thermal_default,so2_emissions,60,60,0,0,None
0,area_thermal_default,nox_emissions,60,60,0,0,None
0,area_thermal_default,pm2_5_emissions,60,60,0,0,None
0,area_thermal_default,pm5_emissions,60,60,0,0,None
0,area_thermal_default,pm10_emissions,60,60,0,0,None
0,area_thermal_default,nmvoc_emissions,60,60,0,0,None
0,area_thermal_default,op1_emissions,60,60,0,0,None
0,area_thermal_default,op2_emissions,60,60,0,0,None
0,area_thermal_default,op3_emissions,60,60,0,0,None
0,area_thermal_default,op4_emissions,60,60,0,0,None
0,area_thermal_default,op5_emissions,60,60,0,0,None
0,area_thermal_default,cluster_availability,60,60,0,0,None
0,area_thermal_default,up_margin,60,60,0,0,None
0,area_thermal_default,min_gen_power,60,60,0,0,None
0,area_thermal_default,down_margin,60,60,0,0,None
0,area_thermal_default,profit,60,60,0,0,None
0,area_node,imbalance_cost,61,61,0,0,None
0,area_node,is_significant_loss_of_load,61,61,0,0,None
0,area_node,is_loss_of_load,61,61,0,0,None
0,area_load,actual_load,61,61,0,5566,None
0,area_node,price,61,61,0,0.2999999914820555,None
0,area_node,balance_port.price,61,61,0,0.2999999914820555,None
0,area_node,is_near_loss_of_load,61,61,0,0,None
0,area_load,balance_port.flow,61,61,0,-5566,None
0,area_wind,generation_power,61,61,0,573,None
0,area_wind,minus_generation,61,61,0,-573,None
0,area_wind,balance_port.flow,61,61,0,573,None
0,area_solar,generation_power,61,61,0,0,None
0,area_solar,minus_generation,61,61,0,-0,None
0,area_solar,balance_port.flow,61,61,0,0,None
0,area_run_of_river,generation_power,61,61,0,0,None
0,area_run_of_river,minus_generation,61,61,0,-0,None
0,area_run_of_river,balance_port.flow,61,61,0,0,None
0,area_combined_heat_power,generation_power,61,61,0,0,None
0,area_combined_heat_power,minus_generation,61,61,0,-0,None
0,area_combined_heat_power,balance_port.flow,61,61,0,0,None
0,area_biomass,generation_power,61,61,0,0,None
0,area_biomass,minus_generation,61,61,0,-0,None
0,area_biomass,balance_port.flow,61,61,0,0,None
0,area_biogas,generation_power,61,61,0,0,None
0,area_biogas,minus_generation,61,61,0,-0,None
0,area_biogas,balance_port.flow,61,61,0,0,None
0,area_waste,generation_power,61,61,0,0,None
0,area_waste,minus_generation,61,61,0,-0,None
0,area_waste,balance_port.flow,61,61,0,0,None
0,area_geothermal,generation_power,61,61,0,0,None
0,area_geothermal,minus_generation,61,61,0,-0,None
0,area_geothermal,balance_port.flow,61,61,0,0,None
0,area_other,generation_power,61,61,0,0,None
0,area_other,minus_generation,61,61,0,-0,None
0,area_other,balance_port.flow,61,61,0,0,None
0,area_pumped_storage_power,generation_power,61,61,0,0,None
0,area_pumped_storage_power,minus_generation,61,61,0,-0,None
0,area_pumped_storage_power,balance_port.flow,61,61,0,0,None
0,area_rest_world,generation_power,61,61,0,0,None
0,area_rest_world,minus_generation,61,61,0,-0,None
0,area_rest_world,balance_port.flow,61,61,0,0,None
0,area_thermal_default,prop_cost,61,61,0,0,None
0,area_thermal_default,balance_port.flow,61,61,0,0,None
0,area_thermal_default,co2_emissions,61,61,0,0,None
0,area_thermal_default,nh3_emissions,61,61,0,0,None
0,area_thermal_default,so2_emissions,61,61,0,0,None
0,area_thermal_default,nox_emissions,61,61,0,0,None
0,area_thermal_default,pm2_5_emissions,61,61,0,0,None
0,area_thermal_default,pm5_emissions,61,61,0,0,None
0,area_thermal_default,pm10_emissions,61,61,0,0,None
0,area_thermal_default,nmvoc_emissions,61,61,0,0,None
0,area_thermal_default,op1_emissions,61,61,0,0,None
0,area_thermal_default,op2_emissions,61,61,0,0,None
0,area_thermal_default,op3_emissions,61,61,0,0,None
0,area_thermal_default,op4_emissions,61,61,0,0,None
0,area_thermal_default,op5_emissions,61,61,0,0,None
0,area_thermal_default,cluster_availability,61,61,0,0,None
0,area_thermal_default,up_margin,61,61,0,0,None
0,area_thermal_default,min_gen_power,61,61,0,0,None
0,area_thermal_default,down_margin,61,61,0,0,None
0,area_thermal_default,profit,61,61,0,0,None
0,area_node,imbalance_cost,62,62,0,0,None
0,area_node,is_significant_loss_of_load,62,62,0,0,None
0,area_node,is_loss_of_load,62,62,0,0,None
0,area_load,actual_load,62,62,0,5505,None
0,area_node,price,62,62,0,0.3000000070872675,None
0,area_node,balance_port.price,62,62,0,0.3000000070872675,None
0,area_node,is_near_loss_of_load,62,62,0,0,None
0,area_load,balance_port.flow,62,62,0,-5505,None
0,area_wind,generation_power,62,62,0,633,None
0,area_wind,minus_generation,62,62,0,-633,None
0,area_wind,balance_port.flow,62,62,0,633,None
0,area_solar,generation_power,62,62,0,0,None
0,area_solar,minus_generation,62,62,0,-0,None
0,area_solar,balance_port.flow,62,62,0,0,None
0,area_run_of_river,generation_power,62,62,0,0,None
0,area_run_of_river,minus_generation,62,62,0,-0,None
0,area_run_of_river,balance_port.flow,62,62,0,0,None
0,area_combined_heat_power,generation_power,62,62,0,0,None
0,area_combined_heat_power,minus_generation,62,62,0,-0,None
0,area_combined_heat_power,balance_port.flow,62,62,0,0,None
0,area_biomass,generation_power,62,62,0,0,None
0,area_biomass,minus_generation,62,62,0,-0,None
0,area_biomass,balance_port.flow,62,62,0,0,None
0,area_biogas,generation_power,62,62,0,0,None
0,area_biogas,minus_generation,62,62,0,-0,None
0,area_biogas,balance_port.flow,62,62,0,0,None
0,area_waste,generation_power,62,62,0,0,None
0,area_waste,minus_generation,62,62,0,-0,None
0,area_waste,balance_port.flow,62,62,0,0,None
0,area_geothermal,generation_power,62,62,0,0,None
0,area_geothermal,minus_generation,62,62,0,-0,None
0,area_geothermal,balance_port.flow,62,62,0,0,None
0,area_other,generation_power,62,62,0,0,None
0,area_other,minus_generation,62,62,0,-0,None
0,area_other,balance_port.flow,62,62,0,0,None
0,area_pumped_storage_power,generation_power,62,62,0,0,None
0,area_pumped_storage_power,minus_generation,62,62,0,-0,None
0,area_pumped_storage_power,balance_port.flow,62,62,0,0,None
0,area_rest_world,generation_power,62,62,0,0,None
0,area_rest_world,minus_generation,62,62,0,-0,None
0,area_rest_world,balance_port.flow,62,62,0,0,None
0,area_thermal_default,prop_cost,62,62,0,0,None
0,area_thermal_default,balance_port.flow,62,62,0,0,None
0,area_thermal_default,co2_emissions,62,62,0,0,None
0,area_thermal_default,nh3_emissions,62,62,0,0,None
0,area_thermal_default,so2_emissions,62,62,0,0,None
0,area_thermal_default,nox_emissions,62,62,0,0,None
0,area_thermal_default,pm2_5_emissions,62,62,0,0,None
0,area_thermal_default,pm5_emissions,62,62,0,0,None
0,area_thermal_default,pm10_emissions,62,62,0,0,None
0,area_thermal_default,nmvoc_emissions,62,62,0,0,None
0,area_thermal_default,op1_emissions,62,62,0,0,None
0,area_thermal_default,op2_emissions,62,62,0,0,None
0,area_thermal_default,op3_emissions,62,62,0,0,None
0,area_thermal_default,op4_emissions,62,62,0,0,None
0,area_thermal_default,op5_emissions,62,62,0,0,None
0,area_thermal_default,cluster_availability,62,62,0,0,None
0,area_thermal_default,up_margin,62,62,0,0,None
0,area_thermal_default,min_gen_power,62,62,0,0,None
0,area_thermal_default,down_margin,62,62,0,0,None
0,area_thermal_default,profit,62,62,0,0,None
0,area_node,imbalance_cost,63,63,0,0,None
0,area_node,is_significant_loss_of_load,63,63,0,0,None
0,area_node,is_loss_of_load,63,63,0,0,None
0,area_load,actual_load,63,63,0,5390,None
0,area_node,price,63,63,0,0.30000000668341986,None
0,area_node,balance_port.price,63,63,0,0.30000000668341986,None
0,area_node,is_near_loss_of_load,63,63,0,0,None
0,area_load,balance_port.flow,63,63,0,-5390,None
0,area_wind,generation_power,63,63,0,718,None
0,area_wind,minus_generation,63,63,0,-718,None
0,area_wind,balance_port.flow,63,63,0,718,None
0,area_solar,generation_power,63,63,0,0,None
0,area_solar,minus_generation,63,63,0,-0,None
0,area_solar,balance_port.flow,63,63,0,0,None
0,area_run_of_river,generation_power,63,63,0,0,None
0,area_run_of_river,minus_generation,63,63,0,-0,None
0,area_run_of_river,balance_port.flow,63,63,0,0,None
0,area_combined_heat_power,generation_power,63,63,0,0,None
0,area_combined_heat_power,minus_generation,63,63,0,-0,None
0,area_combined_heat_power,balance_port.flow,63,63,0,0,None
0,area_biomass,generation_power,63,63,0,0,None
0,area_biomass,minus_generation,63,63,0,-0,None
0,area_biomass,balance_port.flow,63,63,0,0,None
0,area_biogas,generation_power,63,63,0,0,None
0,area_biogas,minus_generation,63,63,0,-0,None
0,area_biogas,balance_port.flow,63,63,0,0,None
0,area_waste,generation_power,63,63,0,0,None
0,area_waste,minus_generation,63,63,0,-0,None
0,area_waste,balance_port.flow,63,63,0,0,None
0,area_geothermal,generation_power,63,63,0,0,None
0,area_geothermal,minus_generation,63,63,0,-0,None
0,area_geothermal,balance_port.flow,63,63,0,0,None
0,area_other,generation_power,63,63,0,0,None
0,area_other,minus_generation,63,63,0,-0,None
0,area_other,balance_port.flow,63,63,0,0,None
0,area_pumped_storage_power,generation_power,63,63,0,0,None
0,area_pumped_storage_power,minus_generation,63,63,0,-0,None
0,area_pumped_storage_power,balance_port.flow,63,63,0,0,None
0,area_rest_world,generation_power,63,63,0,0,None
0,area_rest_world,minus_generation,63,63,0,-0,None
0,area_rest_world,balance_port.flow,63,63,0,0,None
0,area_thermal_default,prop_cost,63,63,0,0,None
0,area_thermal_default,balance_port.flow,63,63,0,0,None
0,area_thermal_default,co2_emissions,63,63,0,0,None
0,area_thermal_default,nh3_emissions,63,63,0,0,None
0,area_thermal_default,so2_emissions,63,63,0,0,None
0,area_thermal_default,nox_emissions,63,63,0,0,None
0,area_thermal_default,pm2_5_emissions,63,63,0,0,None
0,area_thermal_default,pm5_emissions,63,63,0,0,None
0,area_thermal_default,pm10_emissions,63,63,0,0,None
0,area_thermal_default,nmvoc_emissions,63,63,0,0,None
0,area_thermal_default,op1_emissions,63,63,0,0,None
0,area_thermal_default,op2_emissions,63,63,0,0,None
0,area_thermal_default,op3_emissions,63,63,0,0,None
0,area_thermal_default,op4_emissions,63,63,0,0,None
0,area_thermal_default,op5_emissions,63,63,0,0,None
0,area_thermal_default,cluster_availability,63,63,0,0,None
0,area_thermal_default,up_margin,63,63,0,0,None
0,area_thermal_default,min_gen_power,63,63,0,0,None
0,area_thermal_default,down_margin,63,63,0,0,None
0,area_thermal_default,profit,63,63,0,0,None
0,area_node,imbalance_cost,64,64,0,0,None
0,area_node,is_significant_loss_of_load,64,64,0,0,None
0,area_node,is_loss_of_load,64,64,0,0,None
0,area_load,actual_load,64,64,0,5455,None
0,area_node,price,64,64,0,0.2999999970227002,None
0,area_node,balance_port.price,64,64,0,0.2999999970227002,None
0,area_node,is_near_loss_of_load,64,64,0,0,None
0,area_load,balance_port.flow,64,64,0,-5455,None
0,area_wind,generation_power,64,64,0,597,None
0,area_wind,minus_generation,64,64,0,-597,None
0,area_wind,balance_port.flow,64,64,0,597,None
0,area_solar,generation_power,64,64,0,0,None
0,area_solar,minus_generation,64,64,0,-0,None
0,area_solar,balance_port.flow,64,64,0,0,None
0,area_run_of_river,generation_power,64,64,0,0,None
0,area_run_of_river,minus_generation,64,64,0,-0,None
0,area_run_of_river,balance_port.flow,64,64,0,0,None
0,area_combined_heat_power,generation_power,64,64,0,0,None
0,area_combined_heat_power,minus_generation,64,64,0,-0,None
0,area_combined_heat_power,balance_port.flow,64,64,0,0,None
0,area_biomass,generation_power,64,64,0,0,None
0,area_biomass,minus_generation,64,64,0,-0,None
0,area_biomass,balance_port.flow,64,64,0,0,None
0,area_biogas,generation_power,64,64,0,0,None
0,area_biogas,minus_generation,64,64,0,-0,None
0,area_biogas,balance_port.flow,64,64,0,0,None
0,area_waste,generation_power,64,64,0,0,None
0,area_waste,minus_generation,64,64,0,-0,None
0,area_waste,balance_port.flow,64,64,0,0,None
0,area_geothermal,generation_power,64,64,0,0,None
0,area_geothermal,minus_generation,64,64,0,-0,None
0,area_geothermal,balance_port.flow,64,64,0,0,None
0,area_other,generation_power,64,64,0,0,None
0,area_other,minus_generation,64,64,0,-0,None
0,area_other,balance_port.flow,64,64,0,0,None
0,area_pumped_storage_power,generation_power,64,64,0,0,None
0,area_pumped_storage_power,minus_generation,64,64,0,-0,None
0,area_pumped_storage_power,balance_port.flow,64,64,0,0,None
0,area_rest_world,generation_power,64,64,0,0,None
0,area_rest_world,minus_generation,64,64,0,-0,None
0,area_rest_world,balance_port.flow,64,64,0,0,None
0,area_thermal_default,prop_cost,64,64,0,0,None
0,area_thermal_default,balance_port.flow,64,64,0,0,None
0,area_thermal_default,co2_emissions,64,64,0,0,None
0,area_thermal_default,nh3_emissions,64,64,0,0,None
0,area_thermal_default,so2_emissions,64,64,0,0,None
0,area_thermal_default,nox_emissions,64,64,0,0,None
0,area_thermal_default,pm2_5_emissions,64,64,0,0,None
0,area_thermal_default,pm5_emissions,64,64,0,0,None
0,area_thermal_default,pm10_emissions,64,64,0,0,None
0,area_thermal_default,nmvoc_emissions,64,64,0,0,None
0,area_thermal_default,op1_emissions,64,64,0,0,None
0,area_thermal_default,op2_emissions,64,64,0,0,None
0,area_thermal_default,op3_emissions,64,64,0,0,None
0,area_thermal_default,op4_emissions,64,64,0,0,None
0,area_thermal_default,op5_emissions,64,64,0,0,None
0,area_thermal_default,cluster_availability,64,64,0,0,None
0,area_thermal_default,up_margin,64,64,0,0,None
0,area_thermal_default,min_gen_power,64,64,0,0,None
0,area_thermal_default,down_margin,64,64,0,0,None
0,area_thermal_default,profit,64,64,0,0,None
0,area_node,imbalance_cost,65,65,0,0,None
0,area_node,is_significant_loss_of_load,65,65,0,0,None
0,area_node,is_loss_of_load,65,65,0,0,None
0,area_load,actual_load,65,65,0,5696,None
0,area_node,price,65,65,0,0.30000000569707036,None
0,area_node,balance_port.price,65,65,0,0.30000000569707036,None
0,area_node,is_near_loss_of_load,65,65,0,0,None
0,area_load,balance_port.flow,65,65,0,-5696,None
0,area_wind,generation_power,65,65,0,578,None
0,area_wind,minus_generation,65,65,0,-578,None
0,area_wind,balance_port.flow,65,65,0,578,None
0,area_solar,generation_power,65,65,0,0,None
0,area_solar,minus_generation,65,65,0,-0,None
0,area_solar,balance_port.flow,65,65,0,0,None
0,area_run_of_river,generation_power,65,65,0,0,None
0,area_run_of_river,minus_generation,65,65,0,-0,None
0,area_run_of_river,balance_port.flow,65,65,0,0,None
0,area_combined_heat_power,generation_power,65,65,0,0,None
0,area_combined_heat_power,minus_generation,65,65,0,-0,None
0,area_combined_heat_power,balance_port.flow,65,65,0,0,None
0,area_biomass,generation_power,65,65,0,0,None
0,area_biomass,minus_generation,65,65,0,-0,None
0,area_biomass,balance_port.flow,65,65,0,0,None
0,area_biogas,generation_power,65,65,0,0,None
0,area_biogas,minus_generation,65,65,0,-0,None
0,area_biogas,balance_port.flow,65,65,0,0,None
0,area_waste,generation_power,65,65,0,0,None
0,area_waste,minus_generation,65,65,0,-0,None
0,area_waste,balance_port.flow,65,65,0,0,None
0,area_geothermal,generation_power,65,65,0,0,None
0,area_geothermal,minus_generation,65,65,0,-0,None
0,area_geothermal,balance_port.flow,65,65,0,0,None
0,area_other,generation_power,65,65,0,0,None
0,area_other,minus_generation,65,65,0,-0,None
0,area_other,balance_port.flow,65,65,0,0,None
0,area_pumped_storage_power,generation_power,65,65,0,0,None
0,area_pumped_storage_power,minus_generation,65,65,0,-0,None
0,area_pumped_storage_power,balance_port.flow,65,65,0,0,None
0,area_rest_world,generation_power,65,65,0,0,None
0,area_rest_world,minus_generation,65,65,0,-0,None
0,area_rest_world,balance_port.flow,65,65,0,0,None
0,area_thermal_default,prop_cost,65,65,0,0,None
0,area_thermal_default,balance_port.flow,65,65,0,0,None
0,area_thermal_default,co2_emissions,65,65,0,0,None
0,area_thermal_default,nh3_emissions,65,65,0,0,None
0,area_thermal_default,so2_emissions,65,65,0,0,None
0,area_thermal_default,nox_emissions,65,65,0,0,None
0,area_thermal_default,pm2_5_emissions,65,65,0,0,None
0,area_thermal_default,pm5_emissions,65,65,0,0,None
0,area_thermal_default,pm10_emissions,65,65,0,0,None
0,area_thermal_default,nmvoc_emissions,65,65,0,0,None
0,area_thermal_default,op1_emissions,65,65,0,0,None
0,area_thermal_default,op2_emissions,65,65,0,0,None
0,area_thermal_default,op3_emissions,65,65,0,0,None
0,area_thermal_default,op4_emissions,65,65,0,0,None
0,area_thermal_default,op5_emissions,65,65,0,0,None
0,area_thermal_default,cluster_availability,65,65,0,0,None
0,area_thermal_default,up_margin,65,65,0,0,None
0,area_thermal_default,min_gen_power,65,65,0,0,None
0,area_thermal_default,down_margin,65,65,0,0,None
0,area_thermal_default,profit,65,65,0,0,None
0,area_node,imbalance_cost,66,66,0,0,None
0,area_node,is_significant_loss_of_load,66,66,0,0,None
0,area_node,is_loss_of_load,66,66,0,0,None
0,area_load,actual_load,66,66,0,6139,None
0,area_node,price,66,66,0,0.29999999501039426,None
0,area_node,balance_port.price,66,66,0,0.29999999501039426,None
0,area_node,is_near_loss_of_load,66,66,0,0,None
0,area_load,balance_port.flow,66,66,0,-6139,None
0,area_wind,generation_power,66,66,0,706,None
0,area_wind,minus_generation,66,66,0,-706,None
0,area_wind,balance_port.flow,66,66,0,706,None
0,area_solar,generation_power,66,66,0,0,None
0,area_solar,minus_generation,66,66,0,-0,None
0,area_solar,balance_port.flow,66,66,0,0,None
0,area_run_of_river,generation_power,66,66,0,0,None
0,area_run_of_river,minus_generation,66,66,0,-0,None
0,area_run_of_river,balance_port.flow,66,66,0,0,None
0,area_combined_heat_power,generation_power,66,66,0,0,None
0,area_combined_heat_power,minus_generation,66,66,0,-0,None
0,area_combined_heat_power,balance_port.flow,66,66,0,0,None
0,area_biomass,generation_power,66,66,0,0,None
0,area_biomass,minus_generation,66,66,0,-0,None
0,area_biomass,balance_port.flow,66,66,0,0,None
0,area_biogas,generation_power,66,66,0,0,None
0,area_biogas,minus_generation,66,66,0,-0,None
0,area_biogas,balance_port.flow,66,66,0,0,None
0,area_waste,generation_power,66,66,0,0,None
0,area_waste,minus_generation,66,66,0,-0,None
0,area_waste,balance_port.flow,66,66,0,0,None
0,area_geothermal,generation_power,66,66,0,0,None
0,area_geothermal,minus_generation,66,66,0,-0,None
0,area_geothermal,balance_port.flow,66,66,0,0,None
0,area_other,generation_power,66,66,0,0,None
0,area_other,minus_generation,66,66,0,-0,None
0,area_other,balance_port.flow,66,66,0,0,None
0,area_pumped_storage_power,generation_power,66,66,0,0,None
0,area_pumped_storage_power,minus_generation,66,66,0,-0,None
0,area_pumped_storage_power,balance_port.flow,66,66,0,0,None
0,area_rest_world,generation_power,66,66,0,0,None
0,area_rest_world,minus_generation,66,66,0,-0,None
0,area_rest_world,balance_port.flow,66,66,0,0,None
0,area_thermal_default,prop_cost,66,66,0,0,None
0,area_thermal_default,balance_port.flow,66,66,0,0,None
0,area_thermal_default,co2_emissions,66,66,0,0,None
0,area_thermal_default,nh3_emissions,66,66,0,0,None
0,area_thermal_default,so2_emissions,66,66,0,0,None
0,area_thermal_default,nox_emissions,66,66,0,0,None
0,area_thermal_default,pm2_5_emissions,66,66,0,0,None
0,area_thermal_default,pm5_emissions,66,66,0,0,None
0,area_thermal_default,pm10_emissions,66,66,0,0,None
0,area_thermal_default,nmvoc_emissions,66,66,0,0,None
0,area_thermal_default,op1_emissions,66,66,0,0,None
0,area_thermal_default,op2_emissions,66,66,0,0,None
0,area_thermal_default,op3_emissions,66,66,0,0,None
0,area_thermal_default,op4_emissions,66,66,0,0,None
0,area_thermal_default,op5_emissions,66,66,0,0,None
0,area_thermal_default,cluster_availability,66,66,0,0,None
0,area_thermal_default,up_margin,66,66,0,0,None
0,area_thermal_default,min_gen_power,66,66,0,0,None
0,area_thermal_default,down_margin,66,66,0,0,None
0,area_thermal_default,profit,66,66,0,0,None
0,area_node,imbalance_cost,67,67,0,0,None
0,area_node,is_significant_loss_of_load,67,67,0,0,None
0,area_node,is_loss_of_load,67,67,0,0,None
0,area_load,actual_load,67,67,0,6160,None
0,area_node,price,67,67,0,0.29999999216742235,None
0,area_node,balance_port.price,67,67,0,0.29999999216742235,None
0,area_node,is_near_loss_of_load,67,67,0,0,None
0,area_load,balance_port.flow,67,67,0,-6160,None
0,area_wind,generation_power,67,67,0,974,None
0,area_wind,minus_generation,67,67,0,-974,None
0,area_wind,balance_port.flow,67,67,0,974,None
0,area_solar,generation_power,67,67,0,0,None
0,area_solar,minus_generation,67,67,0,-0,None
0,area_solar,balance_port.flow,67,67,0,0,None
0,area_run_of_river,generation_power,67,67,0,0,None
0,area_run_of_river,minus_generation,67,67,0,-0,None
0,area_run_of_river,balance_port.flow,67,67,0,0,None
0,area_combined_heat_power,generation_power,67,67,0,0,None
0,area_combined_heat_power,minus_generation,67,67,0,-0,None
0,area_combined_heat_power,balance_port.flow,67,67,0,0,None
0,area_biomass,generation_power,67,67,0,0,None
0,area_biomass,minus_generation,67,67,0,-0,None
0,area_biomass,balance_port.flow,67,67,0,0,None
0,area_biogas,generation_power,67,67,0,0,None
0,area_biogas,minus_generation,67,67,0,-0,None
0,area_biogas,balance_port.flow,67,67,0,0,None
0,area_waste,generation_power,67,67,0,0,None
0,area_waste,minus_generation,67,67,0,-0,None
0,area_waste,balance_port.flow,67,67,0,0,None
0,area_geothermal,generation_power,67,67,0,0,None
0,area_geothermal,minus_generation,67,67,0,-0,None
0,area_geothermal,balance_port.flow,67,67,0,0,None
0,area_other,generation_power,67,67,0,0,None
0,area_other,minus_generation,67,67,0,-0,None
0,area_other,balance_port.flow,67,67,0,0,None
0,area_pumped_storage_power,generation_power,67,67,0,0,None
0,area_pumped_storage_power,minus_generation,67,67,0,-0,None
0,area_pumped_storage_power,balance_port.flow,67,67,0,0,None
0,area_rest_world,generation_power,67,67,0,0,None
0,area_rest_world,minus_generation,67,67,0,-0,None
0,area_rest_world,balance_port.flow,67,67,0,0,None
0,area_thermal_default,prop_cost,67,67,0,0,None
0,area_thermal_default,balance_port.flow,67,67,0,0,None
0,area_thermal_default,co2_emissions,67,67,0,0,None
0,area_thermal_default,nh3_emissions,67,67,0,0,None
0,area_thermal_default,so2_emissions,67,67,0,0,None
0,area_thermal_default,nox_emissions,67,67,0,0,None
0,area_thermal_default,pm2_5_emissions,67,67,0,0,None
0,area_thermal_default,pm5_emissions,67,67,0,0,None
0,area_thermal_default,pm10_emissions,67,67,0,0,None
0,area_thermal_default,nmvoc_emissions,67,67,0,0,None
0,area_thermal_default,op1_emissions,67,67,0,0,None
0,area_thermal_default,op2_emissions,67,67,0,0,None
0,area_thermal_default,op3_emissions,67,67,0,0,None
0,area_thermal_default,op4_emissions,67,67,0,0,None
0,area_thermal_default,op5_emissions,67,67,0,0,None
0,area_thermal_default,cluster_availability,67,67,0,0,None
0,area_thermal_default,up_margin,67,67,0,0,None
0,area_thermal_default,min_gen_power,67,67,0,0,None
0,area_thermal_default,down_margin,67,67,0,0,None
0,area_thermal_default,profit,67,67,0,0,None
0,area_node,imbalance_cost,68,68,0,0,None
0,area_node,is_significant_loss_of_load,68,68,0,0,None
0,area_node,is_loss_of_load,68,68,0,0,None
0,area_load,actual_load,68,68,0,5695,None
0,area_node,price,68,68,0,0.3000000014122273,None
0,area_node,balance_port.price,68,68,0,0.3000000014122273,None
0,area_node,is_near_loss_of_load,68,68,0,0,None
0,area_load,balance_port.flow,68,68,0,-5695,None
0,area_wind,generation_power,68,68,0,1287,None
0,area_wind,minus_generation,68,68,0,-1287,None
0,area_wind,balance_port.flow,68,68,0,1287,None
0,area_solar,generation_power,68,68,0,0,None
0,area_solar,minus_generation,68,68,0,-0,None
0,area_solar,balance_port.flow,68,68,0,0,None
0,area_run_of_river,generation_power,68,68,0,0,None
0,area_run_of_river,minus_generation,68,68,0,-0,None
0,area_run_of_river,balance_port.flow,68,68,0,0,None
0,area_combined_heat_power,generation_power,68,68,0,0,None
0,area_combined_heat_power,minus_generation,68,68,0,-0,None
0,area_combined_heat_power,balance_port.flow,68,68,0,0,None
0,area_biomass,generation_power,68,68,0,0,None
0,area_biomass,minus_generation,68,68,0,-0,None
0,area_biomass,balance_port.flow,68,68,0,0,None
0,area_biogas,generation_power,68,68,0,0,None
0,area_biogas,minus_generation,68,68,0,-0,None
0,area_biogas,balance_port.flow,68,68,0,0,None
0,area_waste,generation_power,68,68,0,0,None
0,area_waste,minus_generation,68,68,0,-0,None
0,area_waste,balance_port.flow,68,68,0,0,None
0,area_geothermal,generation_power,68,68,0,0,None
0,area_geothermal,minus_generation,68,68,0,-0,None
0,area_geothermal,balance_port.flow,68,68,0,0,None
0,area_other,generation_power,68,68,0,0,None
0,area_other,minus_generation,68,68,0,-0,None
0,area_other,balance_port.flow,68,68,0,0,None
0,area_pumped_storage_power,generation_power,68,68,0,0,None
0,area_pumped_storage_power,minus_generation,68,68,0,-0,None
0,area_pumped_storage_power,balance_port.flow,68,68,0,0,None
0,area_rest_world,generation_power,68,68,0,0,None
0,area_rest_world,minus_generation,68,68,0,-0,None
0,area_rest_world,balance_port.flow,68,68,0,0,None
0,area_thermal_default,prop_cost,68,68,0,0,None
0,area_thermal_default,balance_port.flow,68,68,0,0,None
0,area_thermal_default,co2_emissions,68,68,0,0,None
0,area_thermal_default,nh3_emissions,68,68,0,0,None
0,area_thermal_default,so2_emissions,68,68,0,0,None
0,area_thermal_default,nox_emissions,68,68,0,0,None
0,area_thermal_default,pm2_5_emissions,68,68,0,0,None
0,area_thermal_default,pm5_emissions,68,68,0,0,None
0,area_thermal_default,pm10_emissions,68,68,0,0,None
0,area_thermal_default,nmvoc_emissions,68,68,0,0,None
0,area_thermal_default,op1_emissions,68,68,0,0,None
0,area_thermal_default,op2_emissions,68,68,0,0,None
0,area_thermal_default,op3_emissions,68,68,0,0,None
0,area_thermal_default,op4_emissions,68,68,0,0,None
0,area_thermal_default,op5_emissions,68,68,0,0,None
0,area_thermal_default,cluster_availability,68,68,0,0,None
0,area_thermal_default,up_margin,68,68,0,0,None
0,area_thermal_default,min_gen_power,68,68,0,0,None
0,area_thermal_default,down_margin,68,68,0,0,None
0,area_thermal_default,profit,68,68,0,0,None
0,area_node,imbalance_cost,69,69,0,0,None
0,area_node,is_significant_loss_of_load,69,69,0,0,None
0,area_node,is_loss_of_load,69,69,0,0,None
0,area_load,actual_load,69,69,0,5474,None
0,area_node,price,69,69,0,0.30000000902820984,None
0,area_node,balance_port.price,69,69,0,0.30000000902820984,None
0,area_node,is_near_loss_of_load,69,69,0,0,None
0,area_load,balance_port.flow,69,69,0,-5474,None
0,area_wind,generation_power,69,69,0,1328,None
0,area_wind,minus_generation,69,69,0,-1328,None
0,area_wind,balance_port.flow,69,69,0,1328,None
0,area_solar,generation_power,69,69,0,0,None
0,area_solar,minus_generation,69,69,0,-0,None
0,area_solar,balance_port.flow,69,69,0,0,None
0,area_run_of_river,generation_power,69,69,0,0,None
0,area_run_of_river,minus_generation,69,69,0,-0,None
0,area_run_of_river,balance_port.flow,69,69,0,0,None
0,area_combined_heat_power,generation_power,69,69,0,0,None
0,area_combined_heat_power,minus_generation,69,69,0,-0,None
0,area_combined_heat_power,balance_port.flow,69,69,0,0,None
0,area_biomass,generation_power,69,69,0,0,None
0,area_biomass,minus_generation,69,69,0,-0,None
0,area_biomass,balance_port.flow,69,69,0,0,None
0,area_biogas,generation_power,69,69,0,0,None
0,area_biogas,minus_generation,69,69,0,-0,None
0,area_biogas,balance_port.flow,69,69,0,0,None
0,area_waste,generation_power,69,69,0,0,None
0,area_waste,minus_generation,69,69,0,-0,None
0,area_waste,balance_port.flow,69,69,0,0,None
0,area_geothermal,generation_power,69,69,0,0,None
0,area_geothermal,minus_generation,69,69,0,-0,None
0,area_geothermal,balance_port.flow,69,69,0,0,None
0,area_other,generation_power,69,69,0,0,None
0,area_other,minus_generation,69,69,0,-0,None
0,area_other,balance_port.flow,69,69,0,0,None
0,area_pumped_storage_power,generation_power,69,69,0,0,None
0,area_pumped_storage_power,minus_generation,69,69,0,-0,None
0,area_pumped_storage_power,balance_port.flow,69,69,0,0,None
0,area_rest_world,generation_power,69,69,0,0,None
0,area_rest_world,minus_generation,69,69,0,-0,None
0,area_rest_world,balance_port.flow,69,69,0,0,None
0,area_thermal_default,prop_cost,69,69,0,0,None
0,area_thermal_default,balance_port.flow,69,69,0,0,None
0,area_thermal_default,co2_emissions,69,69,0,0,None
0,area_thermal_default,nh3_emissions,69,69,0,0,None
0,area_thermal_default,so2_emissions,69,69,0,0,None
0,area_thermal_default,nox_emissions,69,69,0,0,None
0,area_thermal_default,pm2_5_emissions,69,69,0,0,None
0,area_thermal_default,pm5_emissions,69,69,0,0,None
0,area_thermal_default,pm10_emissions,69,69,0,0,None
0,area_thermal_default,nmvoc_emissions,69,69,0,0,None
0,area_thermal_default,op1_emissions,69,69,0,0,None
0,area_thermal_default,op2_emissions,69,69,0,0,None
0,area_thermal_default,op3_emissions,69,69,0,0,None
0,area_thermal_default,op4_emissions,69,69,0,0,None
0,area_thermal_default,op5_emissions,69,69,0,0,None
0,area_thermal_default,cluster_availability,69,69,0,0,None
0,area_thermal_default,up_margin,69,69,0,0,None
0,area_thermal_default,min_gen_power,69,69,0,0,None
0,area_thermal_default,down_margin,69,69,0,0,None
0,area_thermal_default,profit,69,69,0,0,None
0,area_node,imbalance_cost,70,70,0,0,None
0,area_node,is_significant_loss_of_load,70,70,0,0,None
0,area_node,is_loss_of_load,70,70,0,0,None
0,area_load,actual_load,70,70,0,5549,None
0,area_node,price,70,70,0,0.30000000419949063,None
0,area_node,balance_port.price,70,70,0,0.30000000419949063,None
0,area_node,is_near_loss_of_load,70,70,0,0,None
0,area_load,balance_port.flow,70,70,0,-5549,None
0,area_wind,generation_power,70,70,0,1240,None
0,area_wind,minus_generation,70,70,0,-1240,None
0,area_wind,balance_port.flow,70,70,0,1240,None
0,area_solar,generation_power,70,70,0,0,None
0,area_solar,minus_generation,70,70,0,-0,None
0,area_solar,balance_port.flow,70,70,0,0,None
0,area_run_of_river,generation_power,70,70,0,0,None
0,area_run_of_river,minus_generation,70,70,0,-0,None
0,area_run_of_river,balance_port.flow,70,70,0,0,None
0,area_combined_heat_power,generation_power,70,70,0,0,None
0,area_combined_heat_power,minus_generation,70,70,0,-0,None
0,area_combined_heat_power,balance_port.flow,70,70,0,0,None
0,area_biomass,generation_power,70,70,0,0,None
0,area_biomass,minus_generation,70,70,0,-0,None
0,area_biomass,balance_port.flow,70,70,0,0,None
0,area_biogas,generation_power,70,70,0,0,None
0,area_biogas,minus_generation,70,70,0,-0,None
0,area_biogas,balance_port.flow,70,70,0,0,None
0,area_waste,generation_power,70,70,0,0,None
0,area_waste,minus_generation,70,70,0,-0,None
0,area_waste,balance_port.flow,70,70,0,0,None
0,area_geothermal,generation_power,70,70,0,0,None
0,area_geothermal,minus_generation,70,70,0,-0,None
0,area_geothermal,balance_port.flow,70,70,0,0,None
0,area_other,generation_power,70,70,0,0,None
0,area_other,minus_generation,70,70,0,-0,None
0,area_other,balance_port.flow,70,70,0,0,None
0,area_pumped_storage_power,generation_power,70,70,0,0,None
0,area_pumped_storage_power,minus_generation,70,70,0,-0,None
0,area_pumped_storage_power,balance_port.flow,70,70,0,0,None
0,area_rest_world,generation_power,70,70,0,0,None
0,area_rest_world,minus_generation,70,70,0,-0,None
0,area_rest_world,balance_port.flow,70,70,0,0,None
0,area_thermal_default,prop_cost,70,70,0,0,None
0,area_thermal_default,balance_port.flow,70,70,0,0,None
0,area_thermal_default,co2_emissions,70,70,0,0,None
0,area_thermal_default,nh3_emissions,70,70,0,0,None
0,area_thermal_default,so2_emissions,70,70,0,0,None
0,area_thermal_default,nox_emissions,70,70,0,0,None
0,area_thermal_default,pm2_5_emissions,70,70,0,0,None
0,area_thermal_default,pm5_emissions,70,70,0,0,None
0,area_thermal_default,pm10_emissions,70,70,0,0,None
0,area_thermal_default,nmvoc_emissions,70,70,0,0,None
0,area_thermal_default,op1_emissions,70,70,0,0,None
0,area_thermal_default,op2_emissions,70,70,0,0,None
0,area_thermal_default,op3_emissions,70,70,0,0,None
0,area_thermal_default,op4_emissions,70,70,0,0,None
0,area_thermal_default,op5_emissions,70,70,0,0,None
0,area_thermal_default,cluster_availability,70,70,0,0,None
0,area_thermal_default,up_margin,70,70,0,0,None
0,area_thermal_default,min_gen_power,70,70,0,0,None
0,area_thermal_default,down_margin,70,70,0,0,None
0,area_thermal_default,profit,70,70,0,0,None
0,area_node,imbalance_cost,71,71,0,0,None
0,area_node,is_significant_loss_of_load,71,71,0,0,None
0,area_node,is_loss_of_load,71,71,0,0,None
0,area_load,actual_load,71,71,0,5327,None
0,area_node,price,71,71,0,0.30000000186111503,None
0,area_node,balance_port.price,71,71,0,0.30000000186111503,None
0,area_node,is_near_loss_of_load,71,71,0,0,None
0,area_load,balance_port.flow,71,71,0,-5327,None
0,area_wind,generation_power,71,71,0,1143,None
0,area_wind,minus_generation,71,71,0,-1143,None
0,area_wind,balance_port.flow,71,71,0,1143,None
0,area_solar,generation_power,71,71,0,0,None
0,area_solar,minus_generation,71,71,0,-0,None
0,area_solar,balance_port.flow,71,71,0,0,None
0,area_run_of_river,generation_power,71,71,0,0,None
0,area_run_of_river,minus_generation,71,71,0,-0,None
0,area_run_of_river,balance_port.flow,71,71,0,0,None
0,area_combined_heat_power,generation_power,71,71,0,0,None
0,area_combined_heat_power,minus_generation,71,71,0,-0,None
0,area_combined_heat_power,balance_port.flow,71,71,0,0,None
0,area_biomass,generation_power,71,71,0,0,None
0,area_biomass,minus_generation,71,71,0,-0,None
0,area_biomass,balance_port.flow,71,71,0,0,None
0,area_biogas,generation_power,71,71,0,0,None
0,area_biogas,minus_generation,71,71,0,-0,None
0,area_biogas,balance_port.flow,71,71,0,0,None
0,area_waste,generation_power,71,71,0,0,None
0,area_waste,minus_generation,71,71,0,-0,None
0,area_waste,balance_port.flow,71,71,0,0,None
0,area_geothermal,generation_power,71,71,0,0,None
0,area_geothermal,minus_generation,71,71,0,-0,None
0,area_geothermal,balance_port.flow,71,71,0,0,None
0,area_other,generation_power,71,71,0,0,None
0,area_other,minus_generation,71,71,0,-0,None
0,area_other,balance_port.flow,71,71,0,0,None
0,area_pumped_storage_power,generation_power,71,71,0,0,None
0,area_pumped_storage_power,minus_generation,71,71,0,-0,None
0,area_pumped_storage_power,balance_port.flow,71,71,0,0,None
0,area_rest_world,generation_power,71,71,0,0,None
0,area_rest_world,minus_generation,71,71,0,-0,None
0,area_rest_world,balance_port.flow,71,71,0,0,None
0,area_thermal_default,prop_cost,71,71,0,0,None
0,area_thermal_default,balance_port.flow,71,71,0,0,None
0,area_thermal_default,co2_emissions,71,71,0,0,None
0,area_thermal_default,nh3_emissions,71,71,0,0,None
0,area_thermal_default,so2_emissions,71,71,0,0,None
0,area_thermal_default,nox_emissions,71,71,0,0,None
0,area_thermal_default,pm2_5_emissions,71,71,0,0,None
0,area_thermal_default,pm5_emissions,71,71,0,0,None
0,area_thermal_default,pm10_emissions,71,71,0,0,None
0,area_thermal_default,nmvoc_emissions,71,71,0,0,None
0,area_thermal_default,op1_emissions,71,71,0,0,None
0,area_thermal_default,op2_emissions,71,71,0,0,None
0,area_thermal_default,op3_emissions,71,71,0,0,None
0,area_thermal_default,op4_emissions,71,71,0,0,None
0,area_thermal_default,op5_emissions,71,71,0,0,None
0,area_thermal_default,cluster_availability,71,71,0,0,None
0,area_thermal_default,up_margin,71,71,0,0,None
0,area_thermal_default,min_gen_power,71,71,0,0,None
0,area_thermal_default,down_margin,71,71,0,0,None
0,area_thermal_default,profit,71,71,0,0,None
0,area_node,imbalance_cost,72,72,0,0,None
0,area_node,is_significant_loss_of_load,72,72,0,0,None
0,area_node,is_loss_of_load,72,72,0,0,None
0,area_load,actual_load,72,72,0,5021,None
0,area_node,price,72,72,0,0.3000000004345995,None
0,area_node,balance_port.price,72,72,0,0.3000000004345995,None
0,area_node,is_near_loss_of_load,72,72,0,0,None
0,area_load,balance_port.flow,72,72,0,-5021,None
0,area_wind,generation_power,72,72,0,1105,None
0,area_wind,minus_generation,72,72,0,-1105,None
0,area_wind,balance_port.flow,72,72,0,1105,None
0,area_solar,generation_power,72,72,0,0,None
0,area_solar,minus_generation,72,72,0,-0,None
0,area_solar,balance_port.flow,72,72,0,0,None
0,area_run_of_river,generation_power,72,72,0,0,None
0,area_run_of_river,minus_generation,72,72,0,-0,None
0,area_run_of_river,balance_port.flow,72,72,0,0,None
0,area_combined_heat_power,generation_power,72,72,0,0,None
0,area_combined_heat_power,minus_generation,72,72,0,-0,None
0,area_combined_heat_power,balance_port.flow,72,72,0,0,None
0,area_biomass,generation_power,72,72,0,0,None
0,area_biomass,minus_generation,72,72,0,-0,None
0,area_biomass,balance_port.flow,72,72,0,0,None
0,area_biogas,generation_power,72,72,0,0,None
0,area_biogas,minus_generation,72,72,0,-0,None
0,area_biogas,balance_port.flow,72,72,0,0,None
0,area_waste,generation_power,72,72,0,0,None
0,area_waste,minus_generation,72,72,0,-0,None
0,area_waste,balance_port.flow,72,72,0,0,None
0,area_geothermal,generation_power,72,72,0,0,None
0,area_geothermal,minus_generation,72,72,0,-0,None
0,area_geothermal,balance_port.flow,72,72,0,0,None
0,area_other,generation_power,72,72,0,0,None
0,area_other,minus_generation,72,72,0,-0,None
0,area_other,balance_port.flow,72,72,0,0,None
0,area_pumped_storage_power,generation_power,72,72,0,0,None
0,area_pumped_storage_power,minus_generation,72,72,0,-0,None
0,area_pumped_storage_power,balance_port.flow,72,72,0,0,None
0,area_rest_world,generation_power,72,72,0,0,None
0,area_rest_world,minus_generation,72,72,0,-0,None
0,area_rest_world,balance_port.flow,72,72,0,0,None
0,area_thermal_default,prop_cost,72,72,0,0,None
0,area_thermal_default,balance_port.flow,72,72,0,0,None
0,area_thermal_default,co2_emissions,72,72,0,0,None
0,area_thermal_default,nh3_emissions,72,72,0,0,None
0,area_thermal_default,so2_emissions,72,72,0,0,None
0,area_thermal_default,nox_emissions,72,72,0,0,None
0,area_thermal_default,pm2_5_emissions,72,72,0,0,None
0,area_thermal_default,pm5_emissions,72,72,0,0,None
0,area_thermal_default,pm10_emissions,72,72,0,0,None
0,area_thermal_default,nmvoc_emissions,72,72,0,0,None
0,area_thermal_default,op1_emissions,72,72,0,0,None
0,area_thermal_default,op2_emissions,72,72,0,0,None
0,area_thermal_default,op3_emissions,72,72,0,0,None
0,area_thermal_default,op4_emissions,72,72,0,0,None
0,area_thermal_default,op5_emissions,72,72,0,0,None
0,area_thermal_default,cluster_availability,72,72,0,0,None
0,area_thermal_default,up_margin,72,72,0,0,None
0,area_thermal_default,min_gen_power,72,72,0,0,None
0,area_thermal_default,down_margin,72,72,0,0,None
0,area_thermal_default,profit,72,72,0,0,None
0,area_node,imbalance_cost,73,73,0,0,None
0,area_node,is_significant_loss_of_load,73,73,0,0,None
0,area_node,is_loss_of_load,73,73,0,0,None
0,area_load,actual_load,73,73,0,4564,None
0,area_node,price,73,73,0,0.30000000489198475,None
0,area_node,balance_port.price,73,73,0,0.30000000489198475,None
0,area_node,is_near_loss_of_load,73,73,0,0,None
0,area_load,balance_port.flow,73,73,0,-4564,None
0,area_wind,generation_power,73,73,0,1254,None
0,area_wind,minus_generation,73,73,0,-1254,None
0,area_wind,balance_port.flow,73,73,0,1254,None
0,area_solar,generation_power,73,73,0,0,None
0,area_solar,minus_generation,73,73,0,-0,None
0,area_solar,balance_port.flow,73,73,0,0,None
0,area_run_of_river,generation_power,73,73,0,0,None
0,area_run_of_river,minus_generation,73,73,0,-0,None
0,area_run_of_river,balance_port.flow,73,73,0,0,None
0,area_combined_heat_power,generation_power,73,73,0,0,None
0,area_combined_heat_power,minus_generation,73,73,0,-0,None
0,area_combined_heat_power,balance_port.flow,73,73,0,0,None
0,area_biomass,generation_power,73,73,0,0,None
0,area_biomass,minus_generation,73,73,0,-0,None
0,area_biomass,balance_port.flow,73,73,0,0,None
0,area_biogas,generation_power,73,73,0,0,None
0,area_biogas,minus_generation,73,73,0,-0,None
0,area_biogas,balance_port.flow,73,73,0,0,None
0,area_waste,generation_power,73,73,0,0,None
0,area_waste,minus_generation,73,73,0,-0,None
0,area_waste,balance_port.flow,73,73,0,0,None
0,area_geothermal,generation_power,73,73,0,0,None
0,area_geothermal,minus_generation,73,73,0,-0,None
0,area_geothermal,balance_port.flow,73,73,0,0,None
0,area_other,generation_power,73,73,0,0,None
0,area_other,minus_generation,73,73,0,-0,None
0,area_other,balance_port.flow,73,73,0,0,None
0,area_pumped_storage_power,generation_power,73,73,0,0,None
0,area_pumped_storage_power,minus_generation,73,73,0,-0,None
0,area_pumped_storage_power,balance_port.flow,73,73,0,0,None
0,area_rest_world,generation_power,73,73,0,0,None
0,area_rest_world,minus_generation,73,73,0,-0,None
0,area_rest_world,balance_port.flow,73,73,0,0,None
0,area_thermal_default,prop_cost,73,73,0,0,None
0,area_thermal_default,balance_port.flow,73,73,0,0,None
0,area_thermal_default,co2_emissions,73,73,0,0,None
0,area_thermal_default,nh3_emissions,73,73,0,0,None
0,area_thermal_default,so2_emissions,73,73,0,0,None
0,area_thermal_default,nox_emissions,73,73,0,0,None
0,area_thermal_default,pm2_5_emissions,73,73,0,0,None
0,area_thermal_default,pm5_emissions,73,73,0,0,None
0,area_thermal_default,pm10_emissions,73,73,0,0,None
0,area_thermal_default,nmvoc_emissions,73,73,0,0,None
0,area_thermal_default,op1_emissions,73,73,0,0,None
0,area_thermal_default,op2_emissions,73,73,0,0,None
0,area_thermal_default,op3_emissions,73,73,0,0,None
0,area_thermal_default,op4_emissions,73,73,0,0,None
0,area_thermal_default,op5_emissions,73,73,0,0,None
0,area_thermal_default,cluster_availability,73,73,0,0,None
0,area_thermal_default,up_margin,73,73,0,0,None
0,area_thermal_default,min_gen_power,73,73,0,0,None
0,area_thermal_default,down_margin,73,73,0,0,None
0,area_thermal_default,profit,73,73,0,0,None
0,area_node,imbalance_cost,74,74,0,0,None
0,area_node,is_significant_loss_of_load,74,74,0,0,None
0,area_node,is_loss_of_load,74,74,0,0,None
0,area_load,actual_load,74,74,0,4391,None
0,area_node,price,74,74,0,0.2999999976513519,None
0,area_node,balance_port.price,74,74,0,0.2999999976513519,None
0,area_node,is_near_loss_of_load,74,74,0,0,None
0,area_load,balance_port.flow,74,74,0,-4391,None
0,area_wind,generation_power,74,74,0,1199,None
0,area_wind,minus_generation,74,74,0,-1199,None
0,area_wind,balance_port.flow,74,74,0,1199,None
0,area_solar,generation_power,74,74,0,0,None
0,area_solar,minus_generation,74,74,0,-0,None
0,area_solar,balance_port.flow,74,74,0,0,None
0,area_run_of_river,generation_power,74,74,0,0,None
0,area_run_of_river,minus_generation,74,74,0,-0,None
0,area_run_of_river,balance_port.flow,74,74,0,0,None
0,area_combined_heat_power,generation_power,74,74,0,0,None
0,area_combined_heat_power,minus_generation,74,74,0,-0,None
0,area_combined_heat_power,balance_port.flow,74,74,0,0,None
0,area_biomass,generation_power,74,74,0,0,None
0,area_biomass,minus_generation,74,74,0,-0,None
0,area_biomass,balance_port.flow,74,74,0,0,None
0,area_biogas,generation_power,74,74,0,0,None
0,area_biogas,minus_generation,74,74,0,-0,None
0,area_biogas,balance_port.flow,74,74,0,0,None
0,area_waste,generation_power,74,74,0,0,None
0,area_waste,minus_generation,74,74,0,-0,None
0,area_waste,balance_port.flow,74,74,0,0,None
0,area_geothermal,generation_power,74,74,0,0,None
0,area_geothermal,minus_generation,74,74,0,-0,None
0,area_geothermal,balance_port.flow,74,74,0,0,None
0,area_other,generation_power,74,74,0,0,None
0,area_other,minus_generation,74,74,0,-0,None
0,area_other,balance_port.flow,74,74,0,0,None
0,area_pumped_storage_power,generation_power,74,74,0,0,None
0,area_pumped_storage_power,minus_generation,74,74,0,-0,None
0,area_pumped_storage_power,balance_port.flow,74,74,0,0,None
0,area_rest_world,generation_power,74,74,0,0,None
0,area_rest_world,minus_generation,74,74,0,-0,None
0,area_rest_world,balance_port.flow,74,74,0,0,None
0,area_thermal_default,prop_cost,74,74,0,0,None
0,area_thermal_default,balance_port.flow,74,74,0,0,None
0,area_thermal_default,co2_emissions,74,74,0,0,None
0,area_thermal_default,nh3_emissions,74,74,0,0,None
0,area_thermal_default,so2_emissions,74,74,0,0,None
0,area_thermal_default,nox_emissions,74,74,0,0,None
0,area_thermal_default,pm2_5_emissions,74,74,0,0,None
0,area_thermal_default,pm5_emissions,74,74,0,0,None
0,area_thermal_default,pm10_emissions,74,74,0,0,None
0,area_thermal_default,nmvoc_emissions,74,74,0,0,None
0,area_thermal_default,op1_emissions,74,74,0,0,None
0,area_thermal_default,op2_emissions,74,74,0,0,None
0,area_thermal_default,op3_emissions,74,74,0,0,None
0,area_thermal_default,op4_emissions,74,74,0,0,None
0,area_thermal_default,op5_emissions,74,74,0,0,None
0,area_thermal_default,cluster_availability,74,74,0,0,None
0,area_thermal_default,up_margin,74,74,0,0,None
0,area_thermal_default,min_gen_power,74,74,0,0,None
0,area_thermal_default,down_margin,74,74,0,0,None
0,area_thermal_default,profit,74,74,0,0,None
0,area_node,imbalance_cost,75,75,0,0,None
0,area_node,is_significant_loss_of_load,75,75,0,0,None
0,area_node,is_loss_of_load,75,75,0,0,None
0,area_load,actual_load,75,75,0,4176,None
0,area_node,price,75,75,0,0.3000000019697455,None
0,area_node,balance_port.price,75,75,0,0.3000000019697455,None
0,area_node,is_near_loss_of_load,75,75,0,0,None
0,area_load,balance_port.flow,75,75,0,-4176,None
0,area_wind,generation_power,75,75,0,1149,None
0,area_wind,minus_generation,75,75,0,-1149,None
0,area_wind,balance_port.flow,75,75,0,1149,None
0,area_solar,generation_power,75,75,0,0,None
0,area_solar,minus_generation,75,75,0,-0,None
0,area_solar,balance_port.flow,75,75,0,0,None
0,area_run_of_river,generation_power,75,75,0,0,None
0,area_run_of_river,minus_generation,75,75,0,-0,None
0,area_run_of_river,balance_port.flow,75,75,0,0,None
0,area_combined_heat_power,generation_power,75,75,0,0,None
0,area_combined_heat_power,minus_generation,75,75,0,-0,None
0,area_combined_heat_power,balance_port.flow,75,75,0,0,None
0,area_biomass,generation_power,75,75,0,0,None
0,area_biomass,minus_generation,75,75,0,-0,None
0,area_biomass,balance_port.flow,75,75,0,0,None
0,area_biogas,generation_power,75,75,0,0,None
0,area_biogas,minus_generation,75,75,0,-0,None
0,area_biogas,balance_port.flow,75,75,0,0,None
0,area_waste,generation_power,75,75,0,0,None
0,area_waste,minus_generation,75,75,0,-0,None
0,area_waste,balance_port.flow,75,75,0,0,None
0,area_geothermal,generation_power,75,75,0,0,None
0,area_geothermal,minus_generation,75,75,0,-0,None
0,area_geothermal,balance_port.flow,75,75,0,0,None
0,area_other,generation_power,75,75,0,0,None
0,area_other,minus_generation,75,75,0,-0,None
0,area_other,balance_port.flow,75,75,0,0,None
0,area_pumped_storage_power,generation_power,75,75,0,0,None
0,area_pumped_storage_power,minus_generation,75,75,0,-0,None
0,area_pumped_storage_power,balance_port.flow,75,75,0,0,None
0,area_rest_world,generation_power,75,75,0,0,None
0,area_rest_world,minus_generation,75,75,0,-0,None
0,area_rest_world,balance_port.flow,75,75,0,0,None
0,area_thermal_default,prop_cost,75,75,0,0,None
0,area_thermal_default,balance_port.flow,75,75,0,0,None
0,area_thermal_default,co2_emissions,75,75,0,0,None
0,area_thermal_default,nh3_emissions,75,75,0,0,None
0,area_thermal_default,so2_emissions,75,75,0,0,None
0,area_thermal_default,nox_emissions,75,75,0,0,None
0,area_thermal_default,pm2_5_emissions,75,75,0,0,None
0,area_thermal_default,pm5_emissions,75,75,0,0,None
0,area_thermal_default,pm10_emissions,75,75,0,0,None
0,area_thermal_default,nmvoc_emissions,75,75,0,0,None
0,area_thermal_default,op1_emissions,75,75,0,0,None
0,area_thermal_default,op2_emissions,75,75,0,0,None
0,area_thermal_default,op3_emissions,75,75,0,0,None
0,area_thermal_default,op4_emissions,75,75,0,0,None
0,area_thermal_default,op5_emissions,75,75,0,0,None
0,area_thermal_default,cluster_availability,75,75,0,0,None
0,area_thermal_default,up_margin,75,75,0,0,None
0,area_thermal_default,min_gen_power,75,75,0,0,None
0,area_thermal_default,down_margin,75,75,0,0,None
0,area_thermal_default,profit,75,75,0,0,None
0,area_node,imbalance_cost,76,76,0,0,None
0,area_node,is_significant_loss_of_load,76,76,0,0,None
0,area_node,is_loss_of_load,76,76,0,0,None
0,area_load,actual_load,76,76,0,4160,None
0,area_node,price,76,76,0,0.3000000064048765,None
0,area_node,balance_port.price,76,76,0,0.3000000064048765,None
0,area_node,is_near_loss_of_load,76,76,0,0,None
0,area_load,balance_port.flow,76,76,0,-4160,None
0,area_wind,generation_power,76,76,0,1180,None
0,area_wind,minus_generation,76,76,0,-1180,None
0,area_wind,balance_port.flow,76,76,0,1180,None
0,area_solar,generation_power,76,76,0,0,None
0,area_solar,minus_generation,76,76,0,-0,None
0,area_solar,balance_port.flow,76,76,0,0,None
0,area_run_of_river,generation_power,76,76,0,0,None
0,area_run_of_river,minus_generation,76,76,0,-0,None
0,area_run_of_river,balance_port.flow,76,76,0,0,None
0,area_combined_heat_power,generation_power,76,76,0,0,None
0,area_combined_heat_power,minus_generation,76,76,0,-0,None
0,area_combined_heat_power,balance_port.flow,76,76,0,0,None
0,area_biomass,generation_power,76,76,0,0,None
0,area_biomass,minus_generation,76,76,0,-0,None
0,area_biomass,balance_port.flow,76,76,0,0,None
0,area_biogas,generation_power,76,76,0,0,None
0,area_biogas,minus_generation,76,76,0,-0,None
0,area_biogas,balance_port.flow,76,76,0,0,None
0,area_waste,generation_power,76,76,0,0,None
0,area_waste,minus_generation,76,76,0,-0,None
0,area_waste,balance_port.flow,76,76,0,0,None
0,area_geothermal,generation_power,76,76,0,0,None
0,area_geothermal,minus_generation,76,76,0,-0,None
0,area_geothermal,balance_port.flow,76,76,0,0,None
0,area_other,generation_power,76,76,0,0,None
0,area_other,minus_generation,76,76,0,-0,None
0,area_other,balance_port.flow,76,76,0,0,None
0,area_pumped_storage_power,generation_power,76,76,0,0,None
0,area_pumped_storage_power,minus_generation,76,76,0,-0,None
0,area_pumped_storage_power,balance_port.flow,76,76,0,0,None
0,area_rest_world,generation_power,76,76,0,0,None
0,area_rest_world,minus_generation,76,76,0,-0,None
0,area_rest_world,balance_port.flow,76,76,0,0,None
0,area_thermal_default,prop_cost,76,76,0,0,None
0,area_thermal_default,balance_port.flow,76,76,0,0,None
0,area_thermal_default,co2_emissions,76,76,0,0,None
0,area_thermal_default,nh3_emissions,76,76,0,0,None
0,area_thermal_default,so2_emissions,76,76,0,0,None
0,area_thermal_default,nox_emissions,76,76,0,0,None
0,area_thermal_default,pm2_5_emissions,76,76,0,0,None
0,area_thermal_default,pm5_emissions,76,76,0,0,None
0,area_thermal_default,pm10_emissions,76,76,0,0,None
0,area_thermal_default,nmvoc_emissions,76,76,0,0,None
0,area_thermal_default,op1_emissions,76,76,0,0,None
0,area_thermal_default,op2_emissions,76,76,0,0,None
0,area_thermal_default,op3_emissions,76,76,0,0,None
0,area_thermal_default,op4_emissions,76,76,0,0,None
0,area_thermal_default,op5_emissions,76,76,0,0,None
0,area_thermal_default,cluster_availability,76,76,0,0,None
0,area_thermal_default,up_margin,76,76,0,0,None
0,area_thermal_default,min_gen_power,76,76,0,0,None
0,area_thermal_default,down_margin,76,76,0,0,None
0,area_thermal_default,profit,76,76,0,0,None
0,area_node,imbalance_cost,77,77,0,0,None
0,area_node,is_significant_loss_of_load,77,77,0,0,None
0,area_node,is_loss_of_load,77,77,0,0,None
0,area_load,actual_load,77,77,0,4413,None
0,area_node,price,77,77,0,0.29999999147945666,None
0,area_node,balance_port.price,77,77,0,0.29999999147945666,None
0,area_node,is_near_loss_of_load,77,77,0,0,None
0,area_load,balance_port.flow,77,77,0,-4413,None
0,area_wind,generation_power,77,77,0,1426,None
0,area_wind,minus_generation,77,77,0,-1426,None
0,area_wind,balance_port.flow,77,77,0,1426,None
0,area_solar,generation_power,77,77,0,0,None
0,area_solar,minus_generation,77,77,0,-0,None
0,area_solar,balance_port.flow,77,77,0,0,None
0,area_run_of_river,generation_power,77,77,0,0,None
0,area_run_of_river,minus_generation,77,77,0,-0,None
0,area_run_of_river,balance_port.flow,77,77,0,0,None
0,area_combined_heat_power,generation_power,77,77,0,0,None
0,area_combined_heat_power,minus_generation,77,77,0,-0,None
0,area_combined_heat_power,balance_port.flow,77,77,0,0,None
0,area_biomass,generation_power,77,77,0,0,None
0,area_biomass,minus_generation,77,77,0,-0,None
0,area_biomass,balance_port.flow,77,77,0,0,None
0,area_biogas,generation_power,77,77,0,0,None
0,area_biogas,minus_generation,77,77,0,-0,None
0,area_biogas,balance_port.flow,77,77,0,0,None
0,area_waste,generation_power,77,77,0,0,None
0,area_waste,minus_generation,77,77,0,-0,None
0,area_waste,balance_port.flow,77,77,0,0,None
0,area_geothermal,generation_power,77,77,0,0,None
0,area_geothermal,minus_generation,77,77,0,-0,None
0,area_geothermal,balance_port.flow,77,77,0,0,None
0,area_other,generation_power,77,77,0,0,None
0,area_other,minus_generation,77,77,0,-0,None
0,area_other,balance_port.flow,77,77,0,0,None
0,area_pumped_storage_power,generation_power,77,77,0,0,None
0,area_pumped_storage_power,minus_generation,77,77,0,-0,None
0,area_pumped_storage_power,balance_port.flow,77,77,0,0,None
0,area_rest_world,generation_power,77,77,0,0,None
0,area_rest_world,minus_generation,77,77,0,-0,None
0,area_rest_world,balance_port.flow,77,77,0,0,None
0,area_thermal_default,prop_cost,77,77,0,0,None
0,area_thermal_default,balance_port.flow,77,77,0,0,None
0,area_thermal_default,co2_emissions,77,77,0,0,None
0,area_thermal_default,nh3_emissions,77,77,0,0,None
0,area_thermal_default,so2_emissions,77,77,0,0,None
0,area_thermal_default,nox_emissions,77,77,0,0,None
0,area_thermal_default,pm2_5_emissions,77,77,0,0,None
0,area_thermal_default,pm5_emissions,77,77,0,0,None
0,area_thermal_default,pm10_emissions,77,77,0,0,None
0,area_thermal_default,nmvoc_emissions,77,77,0,0,None
0,area_thermal_default,op1_emissions,77,77,0,0,None
0,area_thermal_default,op2_emissions,77,77,0,0,None
0,area_thermal_default,op3_emissions,77,77,0,0,None
0,area_thermal_default,op4_emissions,77,77,0,0,None
0,area_thermal_default,op5_emissions,77,77,0,0,None
0,area_thermal_default,cluster_availability,77,77,0,0,None
0,area_thermal_default,up_margin,77,77,0,0,None
0,area_thermal_default,min_gen_power,77,77,0,0,None
0,area_thermal_default,down_margin,77,77,0,0,None
0,area_thermal_default,profit,77,77,0,0,None
0,area_node,imbalance_cost,78,78,0,0,None
0,area_node,is_significant_loss_of_load,78,78,0,0,None
0,area_node,is_loss_of_load,78,78,0,0,None
0,area_load,actual_load,78,78,0,5001,None
0,area_node,price,78,78,0,0.3000000056979374,None
0,area_node,balance_port.price,78,78,0,0.3000000056979374,None
0,area_node,is_near_loss_of_load,78,78,0,0,None
0,area_load,balance_port.flow,78,78,0,-5001,None
0,area_wind,generation_power,78,78,0,1629,None
0,area_wind,minus_generation,78,78,0,-1629,None
0,area_wind,balance_port.flow,78,78,0,1629,None
0,area_solar,generation_power,78,78,0,0,None
0,area_solar,minus_generation,78,78,0,-0,None
0,area_solar,balance_port.flow,78,78,0,0,None
0,area_run_of_river,generation_power,78,78,0,0,None
0,area_run_of_river,minus_generation,78,78,0,-0,None
0,area_run_of_river,balance_port.flow,78,78,0,0,None
0,area_combined_heat_power,generation_power,78,78,0,0,None
0,area_combined_heat_power,minus_generation,78,78,0,-0,None
0,area_combined_heat_power,balance_port.flow,78,78,0,0,None
0,area_biomass,generation_power,78,78,0,0,None
0,area_biomass,minus_generation,78,78,0,-0,None
0,area_biomass,balance_port.flow,78,78,0,0,None
0,area_biogas,generation_power,78,78,0,0,None
0,area_biogas,minus_generation,78,78,0,-0,None
0,area_biogas,balance_port.flow,78,78,0,0,None
0,area_waste,generation_power,78,78,0,0,None
0,area_waste,minus_generation,78,78,0,-0,None
0,area_waste,balance_port.flow,78,78,0,0,None
0,area_geothermal,generation_power,78,78,0,0,None
0,area_geothermal,minus_generation,78,78,0,-0,None
0,area_geothermal,balance_port.flow,78,78,0,0,None
0,area_other,generation_power,78,78,0,0,None
0,area_other,minus_generation,78,78,0,-0,None
0,area_other,balance_port.flow,78,78,0,0,None
0,area_pumped_storage_power,generation_power,78,78,0,0,None
0,area_pumped_storage_power,minus_generation,78,78,0,-0,None
0,area_pumped_storage_power,balance_port.flow,78,78,0,0,None
0,area_rest_world,generation_power,78,78,0,0,None
0,area_rest_world,minus_generation,78,78,0,-0,None
0,area_rest_world,balance_port.flow,78,78,0,0,None
0,area_thermal_default,prop_cost,78,78,0,0,None
0,area_thermal_default,balance_port.flow,78,78,0,0,None
0,area_thermal_default,co2_emissions,78,78,0,0,None
0,area_thermal_default,nh3_emissions,78,78,0,0,None
0,area_thermal_default,so2_emissions,78,78,0,0,None
0,area_thermal_default,nox_emissions,78,78,0,0,None
0,area_thermal_default,pm2_5_emissions,78,78,0,0,None
0,area_thermal_default,pm5_emissions,78,78,0,0,None
0,area_thermal_default,pm10_emissions,78,78,0,0,None
0,area_thermal_default,nmvoc_emissions,78,78,0,0,None
0,area_thermal_default,op1_emissions,78,78,0,0,None
0,area_thermal_default,op2_emissions,78,78,0,0,None
0,area_thermal_default,op3_emissions,78,78,0,0,None
0,area_thermal_default,op4_emissions,78,78,0,0,None
0,area_thermal_default,op5_emissions,78,78,0,0,None
0,area_thermal_default,cluster_availability,78,78,0,0,None
0,area_thermal_default,up_margin,78,78,0,0,None
0,area_thermal_default,min_gen_power,78,78,0,0,None
0,area_thermal_default,down_margin,78,78,0,0,None
0,area_thermal_default,profit,78,78,0,0,None
0,area_node,imbalance_cost,79,79,0,0,None
0,area_node,is_significant_loss_of_load,79,79,0,0,None
0,area_node,is_loss_of_load,79,79,0,0,None
0,area_load,actual_load,79,79,0,5605,None
0,area_node,price,79,79,0,0.29999999604081823,None
0,area_node,balance_port.price,79,79,0,0.29999999604081823,None
0,area_node,is_near_loss_of_load,79,79,0,0,None
0,area_load,balance_port.flow,79,79,0,-5605,None
0,area_wind,generation_power,79,79,0,1984,None
0,area_wind,minus_generation,79,79,0,-1984,None
0,area_wind,balance_port.flow,79,79,0,1984,None
0,area_solar,generation_power,79,79,0,0,None
0,area_solar,minus_generation,79,79,0,-0,None
0,area_solar,balance_port.flow,79,79,0,0,None
0,area_run_of_river,generation_power,79,79,0,0,None
0,area_run_of_river,minus_generation,79,79,0,-0,None
0,area_run_of_river,balance_port.flow,79,79,0,0,None
0,area_combined_heat_power,generation_power,79,79,0,0,None
0,area_combined_heat_power,minus_generation,79,79,0,-0,None
0,area_combined_heat_power,balance_port.flow,79,79,0,0,None
0,area_biomass,generation_power,79,79,0,0,None
0,area_biomass,minus_generation,79,79,0,-0,None
0,area_biomass,balance_port.flow,79,79,0,0,None
0,area_biogas,generation_power,79,79,0,0,None
0,area_biogas,minus_generation,79,79,0,-0,None
0,area_biogas,balance_port.flow,79,79,0,0,None
0,area_waste,generation_power,79,79,0,0,None
0,area_waste,minus_generation,79,79,0,-0,None
0,area_waste,balance_port.flow,79,79,0,0,None
0,area_geothermal,generation_power,79,79,0,0,None
0,area_geothermal,minus_generation,79,79,0,-0,None
0,area_geothermal,balance_port.flow,79,79,0,0,None
0,area_other,generation_power,79,79,0,0,None
0,area_other,minus_generation,79,79,0,-0,None
0,area_other,balance_port.flow,79,79,0,0,None
0,area_pumped_storage_power,generation_power,79,79,0,0,None
0,area_pumped_storage_power,minus_generation,79,79,0,-0,None
0,area_pumped_storage_power,balance_port.flow,79,79,0,0,None
0,area_rest_world,generation_power,79,79,0,0,None
0,area_rest_world,minus_generation,79,79,0,-0,None
0,area_rest_world,balance_port.flow,79,79,0,0,None
0,area_thermal_default,prop_cost,79,79,0,0,None
0,area_thermal_default,balance_port.flow,79,79,0,0,None
0,area_thermal_default,co2_emissions,79,79,0,0,None
0,area_thermal_default,nh3_emissions,79,79,0,0,None
0,area_thermal_default,so2_emissions,79,79,0,0,None
0,area_thermal_default,nox_emissions,79,79,0,0,None
0,area_thermal_default,pm2_5_emissions,79,79,0,0,None
0,area_thermal_default,pm5_emissions,79,79,0,0,None
0,area_thermal_default,pm10_emissions,79,79,0,0,None
0,area_thermal_default,nmvoc_emissions,79,79,0,0,None
0,area_thermal_default,op1_emissions,79,79,0,0,None
0,area_thermal_default,op2_emissions,79,79,0,0,None
0,area_thermal_default,op3_emissions,79,79,0,0,None
0,area_thermal_default,op4_emissions,79,79,0,0,None
0,area_thermal_default,op5_emissions,79,79,0,0,None
0,area_thermal_default,cluster_availability,79,79,0,0,None
0,area_thermal_default,up_margin,79,79,0,0,None
0,area_thermal_default,min_gen_power,79,79,0,0,None
0,area_thermal_default,down_margin,79,79,0,0,None
0,area_thermal_default,profit,79,79,0,0,None
0,area_node,imbalance_cost,80,80,0,0,None
0,area_node,is_significant_loss_of_load,80,80,0,0,None
0,area_node,is_loss_of_load,80,80,0,0,None
0,area_load,actual_load,80,80,0,5884,None
0,area_node,price,80,80,0,0.29999999533520244,None
0,area_node,balance_port.price,80,80,0,0.29999999533520244,None
0,area_node,is_near_loss_of_load,80,80,0,0,None
0,area_load,balance_port.flow,80,80,0,-5884,None
0,area_wind,generation_power,80,80,0,1959,None
0,area_wind,minus_generation,80,80,0,-1959,None
0,area_wind,balance_port.flow,80,80,0,1959,None
0,area_solar,generation_power,80,80,0,0,None
0,area_solar,minus_generation,80,80,0,-0,None
0,area_solar,balance_port.flow,80,80,0,0,None
0,area_run_of_river,generation_power,80,80,0,0,None
0,area_run_of_river,minus_generation,80,80,0,-0,None
0,area_run_of_river,balance_port.flow,80,80,0,0,None
0,area_combined_heat_power,generation_power,80,80,0,0,None
0,area_combined_heat_power,minus_generation,80,80,0,-0,None
0,area_combined_heat_power,balance_port.flow,80,80,0,0,None
0,area_biomass,generation_power,80,80,0,0,None
0,area_biomass,minus_generation,80,80,0,-0,None
0,area_biomass,balance_port.flow,80,80,0,0,None
0,area_biogas,generation_power,80,80,0,0,None
0,area_biogas,minus_generation,80,80,0,-0,None
0,area_biogas,balance_port.flow,80,80,0,0,None
0,area_waste,generation_power,80,80,0,0,None
0,area_waste,minus_generation,80,80,0,-0,None
0,area_waste,balance_port.flow,80,80,0,0,None
0,area_geothermal,generation_power,80,80,0,0,None
0,area_geothermal,minus_generation,80,80,0,-0,None
0,area_geothermal,balance_port.flow,80,80,0,0,None
0,area_other,generation_power,80,80,0,0,None
0,area_other,minus_generation,80,80,0,-0,None
0,area_other,balance_port.flow,80,80,0,0,None
0,area_pumped_storage_power,generation_power,80,80,0,0,None
0,area_pumped_storage_power,minus_generation,80,80,0,-0,None
0,area_pumped_storage_power,balance_port.flow,80,80,0,0,None
0,area_rest_world,generation_power,80,80,0,0,None
0,area_rest_world,minus_generation,80,80,0,-0,None
0,area_rest_world,balance_port.flow,80,80,0,0,None
0,area_thermal_default,prop_cost,80,80,0,0,None
0,area_thermal_default,balance_port.flow,80,80,0,0,None
0,area_thermal_default,co2_emissions,80,80,0,0,None
0,area_thermal_default,nh3_emissions,80,80,0,0,None
0,area_thermal_default,so2_emissions,80,80,0,0,None
0,area_thermal_default,nox_emissions,80,80,0,0,None
0,area_thermal_default,pm2_5_emissions,80,80,0,0,None
0,area_thermal_default,pm5_emissions,80,80,0,0,None
0,area_thermal_default,pm10_emissions,80,80,0,0,None
0,area_thermal_default,nmvoc_emissions,80,80,0,0,None
0,area_thermal_default,op1_emissions,80,80,0,0,None
0,area_thermal_default,op2_emissions,80,80,0,0,None
0,area_thermal_default,op3_emissions,80,80,0,0,None
0,area_thermal_default,op4_emissions,80,80,0,0,None
0,area_thermal_default,op5_emissions,80,80,0,0,None
0,area_thermal_default,cluster_availability,80,80,0,0,None
0,area_thermal_default,up_margin,80,80,0,0,None
0,area_thermal_default,min_gen_power,80,80,0,0,None
0,area_thermal_default,down_margin,80,80,0,0,None
0,area_thermal_default,profit,80,80,0,0,None
0,area_node,imbalance_cost,81,81,0,0,None
0,area_node,is_significant_loss_of_load,81,81,0,0,None
0,area_node,is_loss_of_load,81,81,0,0,None
0,area_load,actual_load,81,81,0,6027,None
0,area_node,price,81,81,0,0.3000000092557373,None
0,area_node,balance_port.price,81,81,0,0.3000000092557373,None
0,area_node,is_near_loss_of_load,81,81,0,0,None
0,area_load,balance_port.flow,81,81,0,-6027,None
0,area_wind,generation_power,81,81,0,1576,None
0,area_wind,minus_generation,81,81,0,-1576,None
0,area_wind,balance_port.flow,81,81,0,1576,None
0,area_solar,generation_power,81,81,0,0,None
0,area_solar,minus_generation,81,81,0,-0,None
0,area_solar,balance_port.flow,81,81,0,0,None
0,area_run_of_river,generation_power,81,81,0,0,None
0,area_run_of_river,minus_generation,81,81,0,-0,None
0,area_run_of_river,balance_port.flow,81,81,0,0,None
0,area_combined_heat_power,generation_power,81,81,0,0,None
0,area_combined_heat_power,minus_generation,81,81,0,-0,None
0,area_combined_heat_power,balance_port.flow,81,81,0,0,None
0,area_biomass,generation_power,81,81,0,0,None
0,area_biomass,minus_generation,81,81,0,-0,None
0,area_biomass,balance_port.flow,81,81,0,0,None
0,area_biogas,generation_power,81,81,0,0,None
0,area_biogas,minus_generation,81,81,0,-0,None
0,area_biogas,balance_port.flow,81,81,0,0,None
0,area_waste,generation_power,81,81,0,0,None
0,area_waste,minus_generation,81,81,0,-0,None
0,area_waste,balance_port.flow,81,81,0,0,None
0,area_geothermal,generation_power,81,81,0,0,None
0,area_geothermal,minus_generation,81,81,0,-0,None
0,area_geothermal,balance_port.flow,81,81,0,0,None
0,area_other,generation_power,81,81,0,0,None
0,area_other,minus_generation,81,81,0,-0,None
0,area_other,balance_port.flow,81,81,0,0,None
0,area_pumped_storage_power,generation_power,81,81,0,0,None
0,area_pumped_storage_power,minus_generation,81,81,0,-0,None
0,area_pumped_storage_power,balance_port.flow,81,81,0,0,None
0,area_rest_world,generation_power,81,81,0,0,None
0,area_rest_world,minus_generation,81,81,0,-0,None
0,area_rest_world,balance_port.flow,81,81,0,0,None
0,area_thermal_default,prop_cost,81,81,0,0,None
0,area_thermal_default,balance_port.flow,81,81,0,0,None
0,area_thermal_default,co2_emissions,81,81,0,0,None
0,area_thermal_default,nh3_emissions,81,81,0,0,None
0,area_thermal_default,so2_emissions,81,81,0,0,None
0,area_thermal_default,nox_emissions,81,81,0,0,None
0,area_thermal_default,pm2_5_emissions,81,81,0,0,None
0,area_thermal_default,pm5_emissions,81,81,0,0,None
0,area_thermal_default,pm10_emissions,81,81,0,0,None
0,area_thermal_default,nmvoc_emissions,81,81,0,0,None
0,area_thermal_default,op1_emissions,81,81,0,0,None
0,area_thermal_default,op2_emissions,81,81,0,0,None
0,area_thermal_default,op3_emissions,81,81,0,0,None
0,area_thermal_default,op4_emissions,81,81,0,0,None
0,area_thermal_default,op5_emissions,81,81,0,0,None
0,area_thermal_default,cluster_availability,81,81,0,0,None
0,area_thermal_default,up_margin,81,81,0,0,None
0,area_thermal_default,min_gen_power,81,81,0,0,None
0,area_thermal_default,down_margin,81,81,0,0,None
0,area_thermal_default,profit,81,81,0,0,None
0,area_node,imbalance_cost,82,82,0,0,None
0,area_node,is_significant_loss_of_load,82,82,0,0,None
0,area_node,is_loss_of_load,82,82,0,0,None
0,area_load,actual_load,82,82,0,5859,None
0,area_node,price,82,82,0,0.3000000052595751,None
0,area_node,balance_port.price,82,82,0,0.3000000052595751,None
0,area_node,is_near_loss_of_load,82,82,0,0,None
0,area_load,balance_port.flow,82,82,0,-5859,None
0,area_wind,generation_power,82,82,0,1557,None
0,area_wind,minus_generation,82,82,0,-1557,None
0,area_wind,balance_port.flow,82,82,0,1557,None
0,area_solar,generation_power,82,82,0,0,None
0,area_solar,minus_generation,82,82,0,-0,None
0,area_solar,balance_port.flow,82,82,0,0,None
0,area_run_of_river,generation_power,82,82,0,0,None
0,area_run_of_river,minus_generation,82,82,0,-0,None
0,area_run_of_river,balance_port.flow,82,82,0,0,None
0,area_combined_heat_power,generation_power,82,82,0,0,None
0,area_combined_heat_power,minus_generation,82,82,0,-0,None
0,area_combined_heat_power,balance_port.flow,82,82,0,0,None
0,area_biomass,generation_power,82,82,0,0,None
0,area_biomass,minus_generation,82,82,0,-0,None
0,area_biomass,balance_port.flow,82,82,0,0,None
0,area_biogas,generation_power,82,82,0,0,None
0,area_biogas,minus_generation,82,82,0,-0,None
0,area_biogas,balance_port.flow,82,82,0,0,None
0,area_waste,generation_power,82,82,0,0,None
0,area_waste,minus_generation,82,82,0,-0,None
0,area_waste,balance_port.flow,82,82,0,0,None
0,area_geothermal,generation_power,82,82,0,0,None
0,area_geothermal,minus_generation,82,82,0,-0,None
0,area_geothermal,balance_port.flow,82,82,0,0,None
0,area_other,generation_power,82,82,0,0,None
0,area_other,minus_generation,82,82,0,-0,None
0,area_other,balance_port.flow,82,82,0,0,None
0,area_pumped_storage_power,generation_power,82,82,0,0,None
0,area_pumped_storage_power,minus_generation,82,82,0,-0,None
0,area_pumped_storage_power,balance_port.flow,82,82,0,0,None
0,area_rest_world,generation_power,82,82,0,0,None
0,area_rest_world,minus_generation,82,82,0,-0,None
0,area_rest_world,balance_port.flow,82,82,0,0,None
0,area_thermal_default,prop_cost,82,82,0,0,None
0,area_thermal_default,balance_port.flow,82,82,0,0,None
0,area_thermal_default,co2_emissions,82,82,0,0,None
0,area_thermal_default,nh3_emissions,82,82,0,0,None
0,area_thermal_default,so2_emissions,82,82,0,0,None
0,area_thermal_default,nox_emissions,82,82,0,0,None
0,area_thermal_default,pm2_5_emissions,82,82,0,0,None
0,area_thermal_default,pm5_emissions,82,82,0,0,None
0,area_thermal_default,pm10_emissions,82,82,0,0,None
0,area_thermal_default,nmvoc_emissions,82,82,0,0,None
0,area_thermal_default,op1_emissions,82,82,0,0,None
0,area_thermal_default,op2_emissions,82,82,0,0,None
0,area_thermal_default,op3_emissions,82,82,0,0,None
0,area_thermal_default,op4_emissions,82,82,0,0,None
0,area_thermal_default,op5_emissions,82,82,0,0,None
0,area_thermal_default,cluster_availability,82,82,0,0,None
0,area_thermal_default,up_margin,82,82,0,0,None
0,area_thermal_default,min_gen_power,82,82,0,0,None
0,area_thermal_default,down_margin,82,82,0,0,None
0,area_thermal_default,profit,82,82,0,0,None
0,area_node,imbalance_cost,83,83,0,0,None
0,area_node,is_significant_loss_of_load,83,83,0,0,None
0,area_node,is_loss_of_load,83,83,0,0,None
0,area_load,actual_load,83,83,0,5890,None
0,area_node,price,83,83,0,0.30000000084487305,None
0,area_node,balance_port.price,83,83,0,0.30000000084487305,None
0,area_node,is_near_loss_of_load,83,83,0,0,None
0,area_load,balance_port.flow,83,83,0,-5890,None
0,area_wind,generation_power,83,83,0,1403,None
0,area_wind,minus_generation,83,83,0,-1403,None
0,area_wind,balance_port.flow,83,83,0,1403,None
0,area_solar,generation_power,83,83,0,0,None
0,area_solar,minus_generation,83,83,0,-0,None
0,area_solar,balance_port.flow,83,83,0,0,None
0,area_run_of_river,generation_power,83,83,0,0,None
0,area_run_of_river,minus_generation,83,83,0,-0,None
0,area_run_of_river,balance_port.flow,83,83,0,0,None
0,area_combined_heat_power,generation_power,83,83,0,0,None
0,area_combined_heat_power,minus_generation,83,83,0,-0,None
0,area_combined_heat_power,balance_port.flow,83,83,0,0,None
0,area_biomass,generation_power,83,83,0,0,None
0,area_biomass,minus_generation,83,83,0,-0,None
0,area_biomass,balance_port.flow,83,83,0,0,None
0,area_biogas,generation_power,83,83,0,0,None
0,area_biogas,minus_generation,83,83,0,-0,None
0,area_biogas,balance_port.flow,83,83,0,0,None
0,area_waste,generation_power,83,83,0,0,None
0,area_waste,minus_generation,83,83,0,-0,None
0,area_waste,balance_port.flow,83,83,0,0,None
0,area_geothermal,generation_power,83,83,0,0,None
0,area_geothermal,minus_generation,83,83,0,-0,None
0,area_geothermal,balance_port.flow,83,83,0,0,None
0,area_other,generation_power,83,83,0,0,None
0,area_other,minus_generation,83,83,0,-0,None
0,area_other,balance_port.flow,83,83,0,0,None
0,area_pumped_storage_power,generation_power,83,83,0,0,None
0,area_pumped_storage_power,minus_generation,83,83,0,-0,None
0,area_pumped_storage_power,balance_port.flow,83,83,0,0,None
0,area_rest_world,generation_power,83,83,0,0,None
0,area_rest_world,minus_generation,83,83,0,-0,None
0,area_rest_world,balance_port.flow,83,83,0,0,None
0,area_thermal_default,prop_cost,83,83,0,0,None
0,area_thermal_default,balance_port.flow,83,83,0,0,None
0,area_thermal_default,co2_emissions,83,83,0,0,None
0,area_thermal_default,nh3_emissions,83,83,0,0,None
0,area_thermal_default,so2_emissions,83,83,0,0,None
0,area_thermal_default,nox_emissions,83,83,0,0,None
0,area_thermal_default,pm2_5_emissions,83,83,0,0,None
0,area_thermal_default,pm5_emissions,83,83,0,0,None
0,area_thermal_default,pm10_emissions,83,83,0,0,None
0,area_thermal_default,nmvoc_emissions,83,83,0,0,None
0,area_thermal_default,op1_emissions,83,83,0,0,None
0,area_thermal_default,op2_emissions,83,83,0,0,None
0,area_thermal_default,op3_emissions,83,83,0,0,None
0,area_thermal_default,op4_emissions,83,83,0,0,None
0,area_thermal_default,op5_emissions,83,83,0,0,None
0,area_thermal_default,cluster_availability,83,83,0,0,None
0,area_thermal_default,up_margin,83,83,0,0,None
0,area_thermal_default,min_gen_power,83,83,0,0,None
0,area_thermal_default,down_margin,83,83,0,0,None
0,area_thermal_default,profit,83,83,0,0,None
0,area_node,imbalance_cost,84,84,0,0,None
0,area_node,is_significant_loss_of_load,84,84,0,0,None
0,area_node,is_loss_of_load,84,84,0,0,None
0,area_load,actual_load,84,84,0,5645,None
0,area_node,price,84,84,0,0.2999999984929923,None
0,area_node,balance_port.price,84,84,0,0.2999999984929923,None
0,area_node,is_near_loss_of_load,84,84,0,0,None
0,area_load,balance_port.flow,84,84,0,-5645,None
0,area_wind,generation_power,84,84,0,1378,None
0,area_wind,minus_generation,84,84,0,-1378,None
0,area_wind,balance_port.flow,84,84,0,1378,None
0,area_solar,generation_power,84,84,0,0,None
0,area_solar,minus_generation,84,84,0,-0,None
0,area_solar,balance_port.flow,84,84,0,0,None
0,area_run_of_river,generation_power,84,84,0,0,None
0,area_run_of_river,minus_generation,84,84,0,-0,None
0,area_run_of_river,balance_port.flow,84,84,0,0,None
0,area_combined_heat_power,generation_power,84,84,0,0,None
0,area_combined_heat_power,minus_generation,84,84,0,-0,None
0,area_combined_heat_power,balance_port.flow,84,84,0,0,None
0,area_biomass,generation_power,84,84,0,0,None
0,area_biomass,minus_generation,84,84,0,-0,None
0,area_biomass,balance_port.flow,84,84,0,0,None
0,area_biogas,generation_power,84,84,0,0,None
0,area_biogas,minus_generation,84,84,0,-0,None
0,area_biogas,balance_port.flow,84,84,0,0,None
0,area_waste,generation_power,84,84,0,0,None
0,area_waste,minus_generation,84,84,0,-0,None
0,area_waste,balance_port.flow,84,84,0,0,None
0,area_geothermal,generation_power,84,84,0,0,None
0,area_geothermal,minus_generation,84,84,0,-0,None
0,area_geothermal,balance_port.flow,84,84,0,0,None
0,area_other,generation_power,84,84,0,0,None
0,area_other,minus_generation,84,84,0,-0,None
0,area_other,balance_port.flow,84,84,0,0,None
0,area_pumped_storage_power,generation_power,84,84,0,0,None
0,area_pumped_storage_power,minus_generation,84,84,0,-0,None
0,area_pumped_storage_power,balance_port.flow,84,84,0,0,None
0,area_rest_world,generation_power,84,84,0,0,None
0,area_rest_world,minus_generation,84,84,0,-0,None
0,area_rest_world,balance_port.flow,84,84,0,0,None
0,area_thermal_default,prop_cost,84,84,0,0,None
0,area_thermal_default,balance_port.flow,84,84,0,0,None
0,area_thermal_default,co2_emissions,84,84,0,0,None
0,area_thermal_default,nh3_emissions,84,84,0,0,None
0,area_thermal_default,so2_emissions,84,84,0,0,None
0,area_thermal_default,nox_emissions,84,84,0,0,None
0,area_thermal_default,pm2_5_emissions,84,84,0,0,None
0,area_thermal_default,pm5_emissions,84,84,0,0,None
0,area_thermal_default,pm10_emissions,84,84,0,0,None
0,area_thermal_default,nmvoc_emissions,84,84,0,0,None
0,area_thermal_default,op1_emissions,84,84,0,0,None
0,area_thermal_default,op2_emissions,84,84,0,0,None
0,area_thermal_default,op3_emissions,84,84,0,0,None
0,area_thermal_default,op4_emissions,84,84,0,0,None
0,area_thermal_default,op5_emissions,84,84,0,0,None
0,area_thermal_default,cluster_availability,84,84,0,0,None
0,area_thermal_default,up_margin,84,84,0,0,None
0,area_thermal_default,min_gen_power,84,84,0,0,None
0,area_thermal_default,down_margin,84,84,0,0,None
0,area_thermal_default,profit,84,84,0,0,None
0,area_node,imbalance_cost,85,85,0,0,None
0,area_node,is_significant_loss_of_load,85,85,0,0,None
0,area_node,is_loss_of_load,85,85,0,0,None
0,area_load,actual_load,85,85,0,5489,None
0,area_node,price,85,85,0,0.30000000676938865,None
0,area_node,balance_port.price,85,85,0,0.30000000676938865,None
0,area_node,is_near_loss_of_load,85,85,0,0,None
0,area_load,balance_port.flow,85,85,0,-5489,None
0,area_wind,generation_power,85,85,0,1564,None
0,area_wind,minus_generation,85,85,0,-1564,None
0,area_wind,balance_port.flow,85,85,0,1564,None
0,area_solar,generation_power,85,85,0,0,None
0,area_solar,minus_generation,85,85,0,-0,None
0,area_solar,balance_port.flow,85,85,0,0,None
0,area_run_of_river,generation_power,85,85,0,0,None
0,area_run_of_river,minus_generation,85,85,0,-0,None
0,area_run_of_river,balance_port.flow,85,85,0,0,None
0,area_combined_heat_power,generation_power,85,85,0,0,None
0,area_combined_heat_power,minus_generation,85,85,0,-0,None
0,area_combined_heat_power,balance_port.flow,85,85,0,0,None
0,area_biomass,generation_power,85,85,0,0,None
0,area_biomass,minus_generation,85,85,0,-0,None
0,area_biomass,balance_port.flow,85,85,0,0,None
0,area_biogas,generation_power,85,85,0,0,None
0,area_biogas,minus_generation,85,85,0,-0,None
0,area_biogas,balance_port.flow,85,85,0,0,None
0,area_waste,generation_power,85,85,0,0,None
0,area_waste,minus_generation,85,85,0,-0,None
0,area_waste,balance_port.flow,85,85,0,0,None
0,area_geothermal,generation_power,85,85,0,0,None
0,area_geothermal,minus_generation,85,85,0,-0,None
0,area_geothermal,balance_port.flow,85,85,0,0,None
0,area_other,generation_power,85,85,0,0,None
0,area_other,minus_generation,85,85,0,-0,None
0,area_other,balance_port.flow,85,85,0,0,None
0,area_pumped_storage_power,generation_power,85,85,0,0,None
0,area_pumped_storage_power,minus_generation,85,85,0,-0,None
0,area_pumped_storage_power,balance_port.flow,85,85,0,0,None
0,area_rest_world,generation_power,85,85,0,0,None
0,area_rest_world,minus_generation,85,85,0,-0,None
0,area_rest_world,balance_port.flow,85,85,0,0,None
0,area_thermal_default,prop_cost,85,85,0,0,None
0,area_thermal_default,balance_port.flow,85,85,0,0,None
0,area_thermal_default,co2_emissions,85,85,0,0,None
0,area_thermal_default,nh3_emissions,85,85,0,0,None
0,area_thermal_default,so2_emissions,85,85,0,0,None
0,area_thermal_default,nox_emissions,85,85,0,0,None
0,area_thermal_default,pm2_5_emissions,85,85,0,0,None
0,area_thermal_default,pm5_emissions,85,85,0,0,None
0,area_thermal_default,pm10_emissions,85,85,0,0,None
0,area_thermal_default,nmvoc_emissions,85,85,0,0,None
0,area_thermal_default,op1_emissions,85,85,0,0,None
0,area_thermal_default,op2_emissions,85,85,0,0,None
0,area_thermal_default,op3_emissions,85,85,0,0,None
0,area_thermal_default,op4_emissions,85,85,0,0,None
0,area_thermal_default,op5_emissions,85,85,0,0,None
0,area_thermal_default,cluster_availability,85,85,0,0,None
0,area_thermal_default,up_margin,85,85,0,0,None
0,area_thermal_default,min_gen_power,85,85,0,0,None
0,area_thermal_default,down_margin,85,85,0,0,None
0,area_thermal_default,profit,85,85,0,0,None
0,area_node,imbalance_cost,86,86,0,0,None
0,area_node,is_significant_loss_of_load,86,86,0,0,None
0,area_node,is_loss_of_load,86,86,0,0,None
0,area_load,actual_load,86,86,0,5374,None
0,area_node,price,86,86,0,0.30000000465237914,None
0,area_node,balance_port.price,86,86,0,0.30000000465237914,None
0,area_node,is_near_loss_of_load,86,86,0,0,None
0,area_load,balance_port.flow,86,86,0,-5374,None
0,area_wind,generation_power,86,86,0,1639,None
0,area_wind,minus_generation,86,86,0,-1639,None
0,area_wind,balance_port.flow,86,86,0,1639,None
0,area_solar,generation_power,86,86,0,0,None
0,area_solar,minus_generation,86,86,0,-0,None
0,area_solar,balance_port.flow,86,86,0,0,None
0,area_run_of_river,generation_power,86,86,0,0,None
0,area_run_of_river,minus_generation,86,86,0,-0,None
0,area_run_of_river,balance_port.flow,86,86,0,0,None
0,area_combined_heat_power,generation_power,86,86,0,0,None
0,area_combined_heat_power,minus_generation,86,86,0,-0,None
0,area_combined_heat_power,balance_port.flow,86,86,0,0,None
0,area_biomass,generation_power,86,86,0,0,None
0,area_biomass,minus_generation,86,86,0,-0,None
0,area_biomass,balance_port.flow,86,86,0,0,None
0,area_biogas,generation_power,86,86,0,0,None
0,area_biogas,minus_generation,86,86,0,-0,None
0,area_biogas,balance_port.flow,86,86,0,0,None
0,area_waste,generation_power,86,86,0,0,None
0,area_waste,minus_generation,86,86,0,-0,None
0,area_waste,balance_port.flow,86,86,0,0,None
0,area_geothermal,generation_power,86,86,0,0,None
0,area_geothermal,minus_generation,86,86,0,-0,None
0,area_geothermal,balance_port.flow,86,86,0,0,None
0,area_other,generation_power,86,86,0,0,None
0,area_other,minus_generation,86,86,0,-0,None
0,area_other,balance_port.flow,86,86,0,0,None
0,area_pumped_storage_power,generation_power,86,86,0,0,None
0,area_pumped_storage_power,minus_generation,86,86,0,-0,None
0,area_pumped_storage_power,balance_port.flow,86,86,0,0,None
0,area_rest_world,generation_power,86,86,0,0,None
0,area_rest_world,minus_generation,86,86,0,-0,None
0,area_rest_world,balance_port.flow,86,86,0,0,None
0,area_thermal_default,prop_cost,86,86,0,0,None
0,area_thermal_default,balance_port.flow,86,86,0,0,None
0,area_thermal_default,co2_emissions,86,86,0,0,None
0,area_thermal_default,nh3_emissions,86,86,0,0,None
0,area_thermal_default,so2_emissions,86,86,0,0,None
0,area_thermal_default,nox_emissions,86,86,0,0,None
0,area_thermal_default,pm2_5_emissions,86,86,0,0,None
0,area_thermal_default,pm5_emissions,86,86,0,0,None
0,area_thermal_default,pm10_emissions,86,86,0,0,None
0,area_thermal_default,nmvoc_emissions,86,86,0,0,None
0,area_thermal_default,op1_emissions,86,86,0,0,None
0,area_thermal_default,op2_emissions,86,86,0,0,None
0,area_thermal_default,op3_emissions,86,86,0,0,None
0,area_thermal_default,op4_emissions,86,86,0,0,None
0,area_thermal_default,op5_emissions,86,86,0,0,None
0,area_thermal_default,cluster_availability,86,86,0,0,None
0,area_thermal_default,up_margin,86,86,0,0,None
0,area_thermal_default,min_gen_power,86,86,0,0,None
0,area_thermal_default,down_margin,86,86,0,0,None
0,area_thermal_default,profit,86,86,0,0,None
0,area_node,imbalance_cost,87,87,0,0,None
0,area_node,is_significant_loss_of_load,87,87,0,0,None
0,area_node,is_loss_of_load,87,87,0,0,None
0,area_load,actual_load,87,87,0,5296,None
0,area_node,price,87,87,0,0.3000000060785224,None
0,area_node,balance_port.price,87,87,0,0.3000000060785224,None
0,area_node,is_near_loss_of_load,87,87,0,0,None
0,area_load,balance_port.flow,87,87,0,-5296,None
0,area_wind,generation_power,87,87,0,1673,None
0,area_wind,minus_generation,87,87,0,-1673,None
0,area_wind,balance_port.flow,87,87,0,1673,None
0,area_solar,generation_power,87,87,0,0,None
0,area_solar,minus_generation,87,87,0,-0,None
0,area_solar,balance_port.flow,87,87,0,0,None
0,area_run_of_river,generation_power,87,87,0,0,None
0,area_run_of_river,minus_generation,87,87,0,-0,None
0,area_run_of_river,balance_port.flow,87,87,0,0,None
0,area_combined_heat_power,generation_power,87,87,0,0,None
0,area_combined_heat_power,minus_generation,87,87,0,-0,None
0,area_combined_heat_power,balance_port.flow,87,87,0,0,None
0,area_biomass,generation_power,87,87,0,0,None
0,area_biomass,minus_generation,87,87,0,-0,None
0,area_biomass,balance_port.flow,87,87,0,0,None
0,area_biogas,generation_power,87,87,0,0,None
0,area_biogas,minus_generation,87,87,0,-0,None
0,area_biogas,balance_port.flow,87,87,0,0,None
0,area_waste,generation_power,87,87,0,0,None
0,area_waste,minus_generation,87,87,0,-0,None
0,area_waste,balance_port.flow,87,87,0,0,None
0,area_geothermal,generation_power,87,87,0,0,None
0,area_geothermal,minus_generation,87,87,0,-0,None
0,area_geothermal,balance_port.flow,87,87,0,0,None
0,area_other,generation_power,87,87,0,0,None
0,area_other,minus_generation,87,87,0,-0,None
0,area_other,balance_port.flow,87,87,0,0,None
0,area_pumped_storage_power,generation_power,87,87,0,0,None
0,area_pumped_storage_power,minus_generation,87,87,0,-0,None
0,area_pumped_storage_power,balance_port.flow,87,87,0,0,None
0,area_rest_world,generation_power,87,87,0,0,None
0,area_rest_world,minus_generation,87,87,0,-0,None
0,area_rest_world,balance_port.flow,87,87,0,0,None
0,area_thermal_default,prop_cost,87,87,0,0,None
0,area_thermal_default,balance_port.flow,87,87,0,0,None
0,area_thermal_default,co2_emissions,87,87,0,0,None
0,area_thermal_default,nh3_emissions,87,87,0,0,None
0,area_thermal_default,so2_emissions,87,87,0,0,None
0,area_thermal_default,nox_emissions,87,87,0,0,None
0,area_thermal_default,pm2_5_emissions,87,87,0,0,None
0,area_thermal_default,pm5_emissions,87,87,0,0,None
0,area_thermal_default,pm10_emissions,87,87,0,0,None
0,area_thermal_default,nmvoc_emissions,87,87,0,0,None
0,area_thermal_default,op1_emissions,87,87,0,0,None
0,area_thermal_default,op2_emissions,87,87,0,0,None
0,area_thermal_default,op3_emissions,87,87,0,0,None
0,area_thermal_default,op4_emissions,87,87,0,0,None
0,area_thermal_default,op5_emissions,87,87,0,0,None
0,area_thermal_default,cluster_availability,87,87,0,0,None
0,area_thermal_default,up_margin,87,87,0,0,None
0,area_thermal_default,min_gen_power,87,87,0,0,None
0,area_thermal_default,down_margin,87,87,0,0,None
0,area_thermal_default,profit,87,87,0,0,None
0,area_node,imbalance_cost,88,88,0,0,None
0,area_node,is_significant_loss_of_load,88,88,0,0,None
0,area_node,is_loss_of_load,88,88,0,0,None
0,area_load,actual_load,88,88,0,5221,None
0,area_node,price,88,88,0,0.29999999275966416,None
0,area_node,balance_port.price,88,88,0,0.29999999275966416,None
0,area_node,is_near_loss_of_load,88,88,0,0,None
0,area_load,balance_port.flow,88,88,0,-5221,None
0,area_wind,generation_power,88,88,0,1644,None
0,area_wind,minus_generation,88,88,0,-1644,None
0,area_wind,balance_port.flow,88,88,0,1644,None
0,area_solar,generation_power,88,88,0,0,None
0,area_solar,minus_generation,88,88,0,-0,None
0,area_solar,balance_port.flow,88,88,0,0,None
0,area_run_of_river,generation_power,88,88,0,0,None
0,area_run_of_river,minus_generation,88,88,0,-0,None
0,area_run_of_river,balance_port.flow,88,88,0,0,None
0,area_combined_heat_power,generation_power,88,88,0,0,None
0,area_combined_heat_power,minus_generation,88,88,0,-0,None
0,area_combined_heat_power,balance_port.flow,88,88,0,0,None
0,area_biomass,generation_power,88,88,0,0,None
0,area_biomass,minus_generation,88,88,0,-0,None
0,area_biomass,balance_port.flow,88,88,0,0,None
0,area_biogas,generation_power,88,88,0,0,None
0,area_biogas,minus_generation,88,88,0,-0,None
0,area_biogas,balance_port.flow,88,88,0,0,None
0,area_waste,generation_power,88,88,0,0,None
0,area_waste,minus_generation,88,88,0,-0,None
0,area_waste,balance_port.flow,88,88,0,0,None
0,area_geothermal,generation_power,88,88,0,0,None
0,area_geothermal,minus_generation,88,88,0,-0,None
0,area_geothermal,balance_port.flow,88,88,0,0,None
0,area_other,generation_power,88,88,0,0,None
0,area_other,minus_generation,88,88,0,-0,None
0,area_other,balance_port.flow,88,88,0,0,None
0,area_pumped_storage_power,generation_power,88,88,0,0,None
0,area_pumped_storage_power,minus_generation,88,88,0,-0,None
0,area_pumped_storage_power,balance_port.flow,88,88,0,0,None
0,area_rest_world,generation_power,88,88,0,0,None
0,area_rest_world,minus_generation,88,88,0,-0,None
0,area_rest_world,balance_port.flow,88,88,0,0,None
0,area_thermal_default,prop_cost,88,88,0,0,None
0,area_thermal_default,balance_port.flow,88,88,0,0,None
0,area_thermal_default,co2_emissions,88,88,0,0,None
0,area_thermal_default,nh3_emissions,88,88,0,0,None
0,area_thermal_default,so2_emissions,88,88,0,0,None
0,area_thermal_default,nox_emissions,88,88,0,0,None
0,area_thermal_default,pm2_5_emissions,88,88,0,0,None
0,area_thermal_default,pm5_emissions,88,88,0,0,None
0,area_thermal_default,pm10_emissions,88,88,0,0,None
0,area_thermal_default,nmvoc_emissions,88,88,0,0,None
0,area_thermal_default,op1_emissions,88,88,0,0,None
0,area_thermal_default,op2_emissions,88,88,0,0,None
0,area_thermal_default,op3_emissions,88,88,0,0,None
0,area_thermal_default,op4_emissions,88,88,0,0,None
0,area_thermal_default,op5_emissions,88,88,0,0,None
0,area_thermal_default,cluster_availability,88,88,0,0,None
0,area_thermal_default,up_margin,88,88,0,0,None
0,area_thermal_default,min_gen_power,88,88,0,0,None
0,area_thermal_default,down_margin,88,88,0,0,None
0,area_thermal_default,profit,88,88,0,0,None
0,area_node,imbalance_cost,89,89,0,0,None
0,area_node,is_significant_loss_of_load,89,89,0,0,None
0,area_node,is_loss_of_load,89,89,0,0,None
0,area_load,actual_load,89,89,0,5563,None
0,area_node,price,89,89,0,0.2999999978441503,None
0,area_node,balance_port.price,89,89,0,0.2999999978441503,None
0,area_node,is_near_loss_of_load,89,89,0,0,None
0,area_load,balance_port.flow,89,89,0,-5563,None
0,area_wind,generation_power,89,89,0,1504,None
0,area_wind,minus_generation,89,89,0,-1504,None
0,area_wind,balance_port.flow,89,89,0,1504,None
0,area_solar,generation_power,89,89,0,0,None
0,area_solar,minus_generation,89,89,0,-0,None
0,area_solar,balance_port.flow,89,89,0,0,None
0,area_run_of_river,generation_power,89,89,0,0,None
0,area_run_of_river,minus_generation,89,89,0,-0,None
0,area_run_of_river,balance_port.flow,89,89,0,0,None
0,area_combined_heat_power,generation_power,89,89,0,0,None
0,area_combined_heat_power,minus_generation,89,89,0,-0,None
0,area_combined_heat_power,balance_port.flow,89,89,0,0,None
0,area_biomass,generation_power,89,89,0,0,None
0,area_biomass,minus_generation,89,89,0,-0,None
0,area_biomass,balance_port.flow,89,89,0,0,None
0,area_biogas,generation_power,89,89,0,0,None
0,area_biogas,minus_generation,89,89,0,-0,None
0,area_biogas,balance_port.flow,89,89,0,0,None
0,area_waste,generation_power,89,89,0,0,None
0,area_waste,minus_generation,89,89,0,-0,None
0,area_waste,balance_port.flow,89,89,0,0,None
0,area_geothermal,generation_power,89,89,0,0,None
0,area_geothermal,minus_generation,89,89,0,-0,None
0,area_geothermal,balance_port.flow,89,89,0,0,None
0,area_other,generation_power,89,89,0,0,None
0,area_other,minus_generation,89,89,0,-0,None
0,area_other,balance_port.flow,89,89,0,0,None
0,area_pumped_storage_power,generation_power,89,89,0,0,None
0,area_pumped_storage_power,minus_generation,89,89,0,-0,None
0,area_pumped_storage_power,balance_port.flow,89,89,0,0,None
0,area_rest_world,generation_power,89,89,0,0,None
0,area_rest_world,minus_generation,89,89,0,-0,None
0,area_rest_world,balance_port.flow,89,89,0,0,None
0,area_thermal_default,prop_cost,89,89,0,0,None
0,area_thermal_default,balance_port.flow,89,89,0,0,None
0,area_thermal_default,co2_emissions,89,89,0,0,None
0,area_thermal_default,nh3_emissions,89,89,0,0,None
0,area_thermal_default,so2_emissions,89,89,0,0,None
0,area_thermal_default,nox_emissions,89,89,0,0,None
0,area_thermal_default,pm2_5_emissions,89,89,0,0,None
0,area_thermal_default,pm5_emissions,89,89,0,0,None
0,area_thermal_default,pm10_emissions,89,89,0,0,None
0,area_thermal_default,nmvoc_emissions,89,89,0,0,None
0,area_thermal_default,op1_emissions,89,89,0,0,None
0,area_thermal_default,op2_emissions,89,89,0,0,None
0,area_thermal_default,op3_emissions,89,89,0,0,None
0,area_thermal_default,op4_emissions,89,89,0,0,None
0,area_thermal_default,op5_emissions,89,89,0,0,None
0,area_thermal_default,cluster_availability,89,89,0,0,None
0,area_thermal_default,up_margin,89,89,0,0,None
0,area_thermal_default,min_gen_power,89,89,0,0,None
0,area_thermal_default,down_margin,89,89,0,0,None
0,area_thermal_default,profit,89,89,0,0,None
0,area_node,imbalance_cost,90,90,0,0,None
0,area_node,is_significant_loss_of_load,90,90,0,0,None
0,area_node,is_loss_of_load,90,90,0,0,None
0,area_load,actual_load,90,90,0,5984,None
0,area_node,price,90,90,0,0.2999999914803992,None
0,area_node,balance_port.price,90,90,0,0.2999999914803992,None
0,area_node,is_near_loss_of_load,90,90,0,0,None
0,area_load,balance_port.flow,90,90,0,-5984,None
0,area_wind,generation_power,90,90,0,1623,None
0,area_wind,minus_generation,90,90,0,-1623,None
0,area_wind,balance_port.flow,90,90,0,1623,None
0,area_solar,generation_power,90,90,0,0,None
0,area_solar,minus_generation,90,90,0,-0,None
0,area_solar,balance_port.flow,90,90,0,0,None
0,area_run_of_river,generation_power,90,90,0,0,None
0,area_run_of_river,minus_generation,90,90,0,-0,None
0,area_run_of_river,balance_port.flow,90,90,0,0,None
0,area_combined_heat_power,generation_power,90,90,0,0,None
0,area_combined_heat_power,minus_generation,90,90,0,-0,None
0,area_combined_heat_power,balance_port.flow,90,90,0,0,None
0,area_biomass,generation_power,90,90,0,0,None
0,area_biomass,minus_generation,90,90,0,-0,None
0,area_biomass,balance_port.flow,90,90,0,0,None
0,area_biogas,generation_power,90,90,0,0,None
0,area_biogas,minus_generation,90,90,0,-0,None
0,area_biogas,balance_port.flow,90,90,0,0,None
0,area_waste,generation_power,90,90,0,0,None
0,area_waste,minus_generation,90,90,0,-0,None
0,area_waste,balance_port.flow,90,90,0,0,None
0,area_geothermal,generation_power,90,90,0,0,None
0,area_geothermal,minus_generation,90,90,0,-0,None
0,area_geothermal,balance_port.flow,90,90,0,0,None
0,area_other,generation_power,90,90,0,0,None
0,area_other,minus_generation,90,90,0,-0,None
0,area_other,balance_port.flow,90,90,0,0,None
0,area_pumped_storage_power,generation_power,90,90,0,0,None
0,area_pumped_storage_power,minus_generation,90,90,0,-0,None
0,area_pumped_storage_power,balance_port.flow,90,90,0,0,None
0,area_rest_world,generation_power,90,90,0,0,None
0,area_rest_world,minus_generation,90,90,0,-0,None
0,area_rest_world,balance_port.flow,90,90,0,0,None
0,area_thermal_default,prop_cost,90,90,0,0,None
0,area_thermal_default,balance_port.flow,90,90,0,0,None
0,area_thermal_default,co2_emissions,90,90,0,0,None
0,area_thermal_default,nh3_emissions,90,90,0,0,None
0,area_thermal_default,so2_emissions,90,90,0,0,None
0,area_thermal_default,nox_emissions,90,90,0,0,None
0,area_thermal_default,pm2_5_emissions,90,90,0,0,None
0,area_thermal_default,pm5_emissions,90,90,0,0,None
0,area_thermal_default,pm10_emissions,90,90,0,0,None
0,area_thermal_default,nmvoc_emissions,90,90,0,0,None
0,area_thermal_default,op1_emissions,90,90,0,0,None
0,area_thermal_default,op2_emissions,90,90,0,0,None
0,area_thermal_default,op3_emissions,90,90,0,0,None
0,area_thermal_default,op4_emissions,90,90,0,0,None
0,area_thermal_default,op5_emissions,90,90,0,0,None
0,area_thermal_default,cluster_availability,90,90,0,0,None
0,area_thermal_default,up_margin,90,90,0,0,None
0,area_thermal_default,min_gen_power,90,90,0,0,None
0,area_thermal_default,down_margin,90,90,0,0,None
0,area_thermal_default,profit,90,90,0,0,None
0,area_node,imbalance_cost,91,91,0,0,None
0,area_node,is_significant_loss_of_load,91,91,0,0,None
0,area_node,is_loss_of_load,91,91,0,0,None
0,area_load,actual_load,91,91,0,5887,None
0,area_node,price,91,91,0,0.3000000062017944,None
0,area_node,balance_port.price,91,91,0,0.3000000062017944,None
0,area_node,is_near_loss_of_load,91,91,0,0,None
0,area_load,balance_port.flow,91,91,0,-5887,None
0,area_wind,generation_power,91,91,0,1673,None
0,area_wind,minus_generation,91,91,0,-1673,None
0,area_wind,balance_port.flow,91,91,0,1673,None
0,area_solar,generation_power,91,91,0,0,None
0,area_solar,minus_generation,91,91,0,-0,None
0,area_solar,balance_port.flow,91,91,0,0,None
0,area_run_of_river,generation_power,91,91,0,0,None
0,area_run_of_river,minus_generation,91,91,0,-0,None
0,area_run_of_river,balance_port.flow,91,91,0,0,None
0,area_combined_heat_power,generation_power,91,91,0,0,None
0,area_combined_heat_power,minus_generation,91,91,0,-0,None
0,area_combined_heat_power,balance_port.flow,91,91,0,0,None
0,area_biomass,generation_power,91,91,0,0,None
0,area_biomass,minus_generation,91,91,0,-0,None
0,area_biomass,balance_port.flow,91,91,0,0,None
0,area_biogas,generation_power,91,91,0,0,None
0,area_biogas,minus_generation,91,91,0,-0,None
0,area_biogas,balance_port.flow,91,91,0,0,None
0,area_waste,generation_power,91,91,0,0,None
0,area_waste,minus_generation,91,91,0,-0,None
0,area_waste,balance_port.flow,91,91,0,0,None
0,area_geothermal,generation_power,91,91,0,0,None
0,area_geothermal,minus_generation,91,91,0,-0,None
0,area_geothermal,balance_port.flow,91,91,0,0,None
0,area_other,generation_power,91,91,0,0,None
0,area_other,minus_generation,91,91,0,-0,None
0,area_other,balance_port.flow,91,91,0,0,None
0,area_pumped_storage_power,generation_power,91,91,0,0,None
0,area_pumped_storage_power,minus_generation,91,91,0,-0,None
0,area_pumped_storage_power,balance_port.flow,91,91,0,0,None
0,area_rest_world,generation_power,91,91,0,0,None
0,area_rest_world,minus_generation,91,91,0,-0,None
0,area_rest_world,balance_port.flow,91,91,0,0,None
0,area_thermal_default,prop_cost,91,91,0,0,None
0,area_thermal_default,balance_port.flow,91,91,0,0,None
0,area_thermal_default,co2_emissions,91,91,0,0,None
0,area_thermal_default,nh3_emissions,91,91,0,0,None
0,area_thermal_default,so2_emissions,91,91,0,0,None
0,area_thermal_default,nox_emissions,91,91,0,0,None
0,area_thermal_default,pm2_5_emissions,91,91,0,0,None
0,area_thermal_default,pm5_emissions,91,91,0,0,None
0,area_thermal_default,pm10_emissions,91,91,0,0,None
0,area_thermal_default,nmvoc_emissions,91,91,0,0,None
0,area_thermal_default,op1_emissions,91,91,0,0,None
0,area_thermal_default,op2_emissions,91,91,0,0,None
0,area_thermal_default,op3_emissions,91,91,0,0,None
0,area_thermal_default,op4_emissions,91,91,0,0,None
0,area_thermal_default,op5_emissions,91,91,0,0,None
0,area_thermal_default,cluster_availability,91,91,0,0,None
0,area_thermal_default,up_margin,91,91,0,0,None
0,area_thermal_default,min_gen_power,91,91,0,0,None
0,area_thermal_default,down_margin,91,91,0,0,None
0,area_thermal_default,profit,91,91,0,0,None
0,area_node,imbalance_cost,92,92,0,0,None
0,area_node,is_significant_loss_of_load,92,92,0,0,None
0,area_node,is_loss_of_load,92,92,0,0,None
0,area_load,actual_load,92,92,0,5577,None
0,area_node,price,92,92,0,0.30000000259278564,None
0,area_node,balance_port.price,92,92,0,0.30000000259278564,None
0,area_node,is_near_loss_of_load,92,92,0,0,None
0,area_load,balance_port.flow,92,92,0,-5577,None
0,area_wind,generation_power,92,92,0,1546,None
0,area_wind,minus_generation,92,92,0,-1546,None
0,area_wind,balance_port.flow,92,92,0,1546,None
0,area_solar,generation_power,92,92,0,0,None
0,area_solar,minus_generation,92,92,0,-0,None
0,area_solar,balance_port.flow,92,92,0,0,None
0,area_run_of_river,generation_power,92,92,0,0,None
0,area_run_of_river,minus_generation,92,92,0,-0,None
0,area_run_of_river,balance_port.flow,92,92,0,0,None
0,area_combined_heat_power,generation_power,92,92,0,0,None
0,area_combined_heat_power,minus_generation,92,92,0,-0,None
0,area_combined_heat_power,balance_port.flow,92,92,0,0,None
0,area_biomass,generation_power,92,92,0,0,None
0,area_biomass,minus_generation,92,92,0,-0,None
0,area_biomass,balance_port.flow,92,92,0,0,None
0,area_biogas,generation_power,92,92,0,0,None
0,area_biogas,minus_generation,92,92,0,-0,None
0,area_biogas,balance_port.flow,92,92,0,0,None
0,area_waste,generation_power,92,92,0,0,None
0,area_waste,minus_generation,92,92,0,-0,None
0,area_waste,balance_port.flow,92,92,0,0,None
0,area_geothermal,generation_power,92,92,0,0,None
0,area_geothermal,minus_generation,92,92,0,-0,None
0,area_geothermal,balance_port.flow,92,92,0,0,None
0,area_other,generation_power,92,92,0,0,None
0,area_other,minus_generation,92,92,0,-0,None
0,area_other,balance_port.flow,92,92,0,0,None
0,area_pumped_storage_power,generation_power,92,92,0,0,None
0,area_pumped_storage_power,minus_generation,92,92,0,-0,None
0,area_pumped_storage_power,balance_port.flow,92,92,0,0,None
0,area_rest_world,generation_power,92,92,0,0,None
0,area_rest_world,minus_generation,92,92,0,-0,None
0,area_rest_world,balance_port.flow,92,92,0,0,None
0,area_thermal_default,prop_cost,92,92,0,0,None
0,area_thermal_default,balance_port.flow,92,92,0,0,None
0,area_thermal_default,co2_emissions,92,92,0,0,None
0,area_thermal_default,nh3_emissions,92,92,0,0,None
0,area_thermal_default,so2_emissions,92,92,0,0,None
0,area_thermal_default,nox_emissions,92,92,0,0,None
0,area_thermal_default,pm2_5_emissions,92,92,0,0,None
0,area_thermal_default,pm5_emissions,92,92,0,0,None
0,area_thermal_default,pm10_emissions,92,92,0,0,None
0,area_thermal_default,nmvoc_emissions,92,92,0,0,None
0,area_thermal_default,op1_emissions,92,92,0,0,None
0,area_thermal_default,op2_emissions,92,92,0,0,None
0,area_thermal_default,op3_emissions,92,92,0,0,None
0,area_thermal_default,op4_emissions,92,92,0,0,None
0,area_thermal_default,op5_emissions,92,92,0,0,None
0,area_thermal_default,cluster_availability,92,92,0,0,None
0,area_thermal_default,up_margin,92,92,0,0,None
0,area_thermal_default,min_gen_power,92,92,0,0,None
0,area_thermal_default,down_margin,92,92,0,0,None
0,area_thermal_default,profit,92,92,0,0,None
0,area_node,imbalance_cost,93,93,0,0,None
0,area_node,is_significant_loss_of_load,93,93,0,0,None
0,area_node,is_loss_of_load,93,93,0,0,None
0,area_load,actual_load,93,93,0,5128,None
0,area_node,price,93,93,0,0.30000000619423883,None
0,area_node,balance_port.price,93,93,0,0.30000000619423883,None
0,area_node,is_near_loss_of_load,93,93,0,0,None
0,area_load,balance_port.flow,93,93,0,-5128,None
0,area_wind,generation_power,93,93,0,1297,None
0,area_wind,minus_generation,93,93,0,-1297,None
0,area_wind,balance_port.flow,93,93,0,1297,None
0,area_solar,generation_power,93,93,0,0,None
0,area_solar,minus_generation,93,93,0,-0,None
0,area_solar,balance_port.flow,93,93,0,0,None
0,area_run_of_river,generation_power,93,93,0,0,None
0,area_run_of_river,minus_generation,93,93,0,-0,None
0,area_run_of_river,balance_port.flow,93,93,0,0,None
0,area_combined_heat_power,generation_power,93,93,0,0,None
0,area_combined_heat_power,minus_generation,93,93,0,-0,None
0,area_combined_heat_power,balance_port.flow,93,93,0,0,None
0,area_biomass,generation_power,93,93,0,0,None
0,area_biomass,minus_generation,93,93,0,-0,None
0,area_biomass,balance_port.flow,93,93,0,0,None
0,area_biogas,generation_power,93,93,0,0,None
0,area_biogas,minus_generation,93,93,0,-0,None
0,area_biogas,balance_port.flow,93,93,0,0,None
0,area_waste,generation_power,93,93,0,0,None
0,area_waste,minus_generation,93,93,0,-0,None
0,area_waste,balance_port.flow,93,93,0,0,None
0,area_geothermal,generation_power,93,93,0,0,None
0,area_geothermal,minus_generation,93,93,0,-0,None
0,area_geothermal,balance_port.flow,93,93,0,0,None
0,area_other,generation_power,93,93,0,0,None
0,area_other,minus_generation,93,93,0,-0,None
0,area_other,balance_port.flow,93,93,0,0,None
0,area_pumped_storage_power,generation_power,93,93,0,0,None
0,area_pumped_storage_power,minus_generation,93,93,0,-0,None
0,area_pumped_storage_power,balance_port.flow,93,93,0,0,None
0,area_rest_world,generation_power,93,93,0,0,None
0,area_rest_world,minus_generation,93,93,0,-0,None
0,area_rest_world,balance_port.flow,93,93,0,0,None
0,area_thermal_default,prop_cost,93,93,0,0,None
0,area_thermal_default,balance_port.flow,93,93,0,0,None
0,area_thermal_default,co2_emissions,93,93,0,0,None
0,area_thermal_default,nh3_emissions,93,93,0,0,None
0,area_thermal_default,so2_emissions,93,93,0,0,None
0,area_thermal_default,nox_emissions,93,93,0,0,None
0,area_thermal_default,pm2_5_emissions,93,93,0,0,None
0,area_thermal_default,pm5_emissions,93,93,0,0,None
0,area_thermal_default,pm10_emissions,93,93,0,0,None
0,area_thermal_default,nmvoc_emissions,93,93,0,0,None
0,area_thermal_default,op1_emissions,93,93,0,0,None
0,area_thermal_default,op2_emissions,93,93,0,0,None
0,area_thermal_default,op3_emissions,93,93,0,0,None
0,area_thermal_default,op4_emissions,93,93,0,0,None
0,area_thermal_default,op5_emissions,93,93,0,0,None
0,area_thermal_default,cluster_availability,93,93,0,0,None
0,area_thermal_default,up_margin,93,93,0,0,None
0,area_thermal_default,min_gen_power,93,93,0,0,None
0,area_thermal_default,down_margin,93,93,0,0,None
0,area_thermal_default,profit,93,93,0,0,None
0,area_node,imbalance_cost,94,94,0,0,None
0,area_node,is_significant_loss_of_load,94,94,0,0,None
0,area_node,is_loss_of_load,94,94,0,0,None
0,area_load,actual_load,94,94,0,5194,None
0,area_node,price,94,94,0,0.2999999933822863,None
0,area_node,balance_port.price,94,94,0,0.2999999933822863,None
0,area_node,is_near_loss_of_load,94,94,0,0,None
0,area_load,balance_port.flow,94,94,0,-5194,None
0,area_wind,generation_power,94,94,0,1020,None
0,area_wind,minus_generation,94,94,0,-1020,None
0,area_wind,balance_port.flow,94,94,0,1020,None
0,area_solar,generation_power,94,94,0,0,None
0,area_solar,minus_generation,94,94,0,-0,None
0,area_solar,balance_port.flow,94,94,0,0,None
0,area_run_of_river,generation_power,94,94,0,0,None
0,area_run_of_river,minus_generation,94,94,0,-0,None
0,area_run_of_river,balance_port.flow,94,94,0,0,None
0,area_combined_heat_power,generation_power,94,94,0,0,None
0,area_combined_heat_power,minus_generation,94,94,0,-0,None
0,area_combined_heat_power,balance_port.flow,94,94,0,0,None
0,area_biomass,generation_power,94,94,0,0,None
0,area_biomass,minus_generation,94,94,0,-0,None
0,area_biomass,balance_port.flow,94,94,0,0,None
0,area_biogas,generation_power,94,94,0,0,None
0,area_biogas,minus_generation,94,94,0,-0,None
0,area_biogas,balance_port.flow,94,94,0,0,None
0,area_waste,generation_power,94,94,0,0,None
0,area_waste,minus_generation,94,94,0,-0,None
0,area_waste,balance_port.flow,94,94,0,0,None
0,area_geothermal,generation_power,94,94,0,0,None
0,area_geothermal,minus_generation,94,94,0,-0,None
0,area_geothermal,balance_port.flow,94,94,0,0,None
0,area_other,generation_power,94,94,0,0,None
0,area_other,minus_generation,94,94,0,-0,None
0,area_other,balance_port.flow,94,94,0,0,None
0,area_pumped_storage_power,generation_power,94,94,0,0,None
0,area_pumped_storage_power,minus_generation,94,94,0,-0,None
0,area_pumped_storage_power,balance_port.flow,94,94,0,0,None
0,area_rest_world,generation_power,94,94,0,0,None
0,area_rest_world,minus_generation,94,94,0,-0,None
0,area_rest_world,balance_port.flow,94,94,0,0,None
0,area_thermal_default,prop_cost,94,94,0,0,None
0,area_thermal_default,balance_port.flow,94,94,0,0,None
0,area_thermal_default,co2_emissions,94,94,0,0,None
0,area_thermal_default,nh3_emissions,94,94,0,0,None
0,area_thermal_default,so2_emissions,94,94,0,0,None
0,area_thermal_default,nox_emissions,94,94,0,0,None
0,area_thermal_default,pm2_5_emissions,94,94,0,0,None
0,area_thermal_default,pm5_emissions,94,94,0,0,None
0,area_thermal_default,pm10_emissions,94,94,0,0,None
0,area_thermal_default,nmvoc_emissions,94,94,0,0,None
0,area_thermal_default,op1_emissions,94,94,0,0,None
0,area_thermal_default,op2_emissions,94,94,0,0,None
0,area_thermal_default,op3_emissions,94,94,0,0,None
0,area_thermal_default,op4_emissions,94,94,0,0,None
0,area_thermal_default,op5_emissions,94,94,0,0,None
0,area_thermal_default,cluster_availability,94,94,0,0,None
0,area_thermal_default,up_margin,94,94,0,0,None
0,area_thermal_default,min_gen_power,94,94,0,0,None
0,area_thermal_default,down_margin,94,94,0,0,None
0,area_thermal_default,profit,94,94,0,0,None
0,area_node,imbalance_cost,95,95,0,0,None
0,area_node,is_significant_loss_of_load,95,95,0,0,None
0,area_node,is_loss_of_load,95,95,0,0,None
0,area_load,actual_load,95,95,0,5076,None
0,area_node,price,95,95,0,0.3000000048813952,None
0,area_node,balance_port.price,95,95,0,0.3000000048813952,None
0,area_node,is_near_loss_of_load,95,95,0,0,None
0,area_load,balance_port.flow,95,95,0,-5076,None
0,area_wind,generation_power,95,95,0,960,None
0,area_wind,minus_generation,95,95,0,-960,None
0,area_wind,balance_port.flow,95,95,0,960,None
0,area_solar,generation_power,95,95,0,0,None
0,area_solar,minus_generation,95,95,0,-0,None
0,area_solar,balance_port.flow,95,95,0,0,None
0,area_run_of_river,generation_power,95,95,0,0,None
0,area_run_of_river,minus_generation,95,95,0,-0,None
0,area_run_of_river,balance_port.flow,95,95,0,0,None
0,area_combined_heat_power,generation_power,95,95,0,0,None
0,area_combined_heat_power,minus_generation,95,95,0,-0,None
0,area_combined_heat_power,balance_port.flow,95,95,0,0,None
0,area_biomass,generation_power,95,95,0,0,None
0,area_biomass,minus_generation,95,95,0,-0,None
0,area_biomass,balance_port.flow,95,95,0,0,None
0,area_biogas,generation_power,95,95,0,0,None
0,area_biogas,minus_generation,95,95,0,-0,None
0,area_biogas,balance_port.flow,95,95,0,0,None
0,area_waste,generation_power,95,95,0,0,None
0,area_waste,minus_generation,95,95,0,-0,None
0,area_waste,balance_port.flow,95,95,0,0,None
0,area_geothermal,generation_power,95,95,0,0,None
0,area_geothermal,minus_generation,95,95,0,-0,None
0,area_geothermal,balance_port.flow,95,95,0,0,None
0,area_other,generation_power,95,95,0,0,None
0,area_other,minus_generation,95,95,0,-0,None
0,area_other,balance_port.flow,95,95,0,0,None
0,area_pumped_storage_power,generation_power,95,95,0,0,None
0,area_pumped_storage_power,minus_generation,95,95,0,-0,None
0,area_pumped_storage_power,balance_port.flow,95,95,0,0,None
0,area_rest_world,generation_power,95,95,0,0,None
0,area_rest_world,minus_generation,95,95,0,-0,None
0,area_rest_world,balance_port.flow,95,95,0,0,None
0,area_thermal_default,prop_cost,95,95,0,0,None
0,area_thermal_default,balance_port.flow,95,95,0,0,None
0,area_thermal_default,co2_emissions,95,95,0,0,None
0,area_thermal_default,nh3_emissions,95,95,0,0,None
0,area_thermal_default,so2_emissions,95,95,0,0,None
0,area_thermal_default,nox_emissions,95,95,0,0,None
0,area_thermal_default,pm2_5_emissions,95,95,0,0,None
0,area_thermal_default,pm5_emissions,95,95,0,0,None
0,area_thermal_default,pm10_emissions,95,95,0,0,None
0,area_thermal_default,nmvoc_emissions,95,95,0,0,None
0,area_thermal_default,op1_emissions,95,95,0,0,None
0,area_thermal_default,op2_emissions,95,95,0,0,None
0,area_thermal_default,op3_emissions,95,95,0,0,None
0,area_thermal_default,op4_emissions,95,95,0,0,None
0,area_thermal_default,op5_emissions,95,95,0,0,None
0,area_thermal_default,cluster_availability,95,95,0,0,None
0,area_thermal_default,up_margin,95,95,0,0,None
0,area_thermal_default,min_gen_power,95,95,0,0,None
0,area_thermal_default,down_margin,95,95,0,0,None
0,area_thermal_default,profit,95,95,0,0,None
0,area_node,imbalance_cost,96,96,0,0,None
0,area_node,is_significant_loss_of_load,96,96,0,0,None
0,area_node,is_loss_of_load,96,96,0,0,None
0,area_load,actual_load,96,96,0,4756,None
0,area_node,price,96,96,0,0.30000000557810136,None
0,area_node,balance_port.price,96,96,0,0.30000000557810136,None
0,area_node,is_near_loss_of_load,96,96,0,0,None
0,area_load,balance_port.flow,96,96,0,-4756,None
0,area_wind,generation_power,96,96,0,901,None
0,area_wind,minus_generation,96,96,0,-901,None
0,area_wind,balance_port.flow,96,96,0,901,None
0,area_solar,generation_power,96,96,0,0,None
0,area_solar,minus_generation,96,96,0,-0,None
0,area_solar,balance_port.flow,96,96,0,0,None
0,area_run_of_river,generation_power,96,96,0,0,None
0,area_run_of_river,minus_generation,96,96,0,-0,None
0,area_run_of_river,balance_port.flow,96,96,0,0,None
0,area_combined_heat_power,generation_power,96,96,0,0,None
0,area_combined_heat_power,minus_generation,96,96,0,-0,None
0,area_combined_heat_power,balance_port.flow,96,96,0,0,None
0,area_biomass,generation_power,96,96,0,0,None
0,area_biomass,minus_generation,96,96,0,-0,None
0,area_biomass,balance_port.flow,96,96,0,0,None
0,area_biogas,generation_power,96,96,0,0,None
0,area_biogas,minus_generation,96,96,0,-0,None
0,area_biogas,balance_port.flow,96,96,0,0,None
0,area_waste,generation_power,96,96,0,0,None
0,area_waste,minus_generation,96,96,0,-0,None
0,area_waste,balance_port.flow,96,96,0,0,None
0,area_geothermal,generation_power,96,96,0,0,None
0,area_geothermal,minus_generation,96,96,0,-0,None
0,area_geothermal,balance_port.flow,96,96,0,0,None
0,area_other,generation_power,96,96,0,0,None
0,area_other,minus_generation,96,96,0,-0,None
0,area_other,balance_port.flow,96,96,0,0,None
0,area_pumped_storage_power,generation_power,96,96,0,0,None
0,area_pumped_storage_power,minus_generation,96,96,0,-0,None
0,area_pumped_storage_power,balance_port.flow,96,96,0,0,None
0,area_rest_world,generation_power,96,96,0,0,None
0,area_rest_world,minus_generation,96,96,0,-0,None
0,area_rest_world,balance_port.flow,96,96,0,0,None
0,area_thermal_default,prop_cost,96,96,0,0,None
0,area_thermal_default,balance_port.flow,96,96,0,0,None
0,area_thermal_default,co2_emissions,96,96,0,0,None
0,area_thermal_default,nh3_emissions,96,96,0,0,None
0,area_thermal_default,so2_emissions,96,96,0,0,None
0,area_thermal_default,nox_emissions,96,96,0,0,None
0,area_thermal_default,pm2_5_emissions,96,96,0,0,None
0,area_thermal_default,pm5_emissions,96,96,0,0,None
0,area_thermal_default,pm10_emissions,96,96,0,0,None
0,area_thermal_default,nmvoc_emissions,96,96,0,0,None
0,area_thermal_default,op1_emissions,96,96,0,0,None
0,area_thermal_default,op2_emissions,96,96,0,0,None
0,area_thermal_default,op3_emissions,96,96,0,0,None
0,area_thermal_default,op4_emissions,96,96,0,0,None
0,area_thermal_default,op5_emissions,96,96,0,0,None
0,area_thermal_default,cluster_availability,96,96,0,0,None
0,area_thermal_default,up_margin,96,96,0,0,None
0,area_thermal_default,min_gen_power,96,96,0,0,None
0,area_thermal_default,down_margin,96,96,0,0,None
0,area_thermal_default,profit,96,96,0,0,None
0,area_node,imbalance_cost,97,97,0,0,None
0,area_node,is_significant_loss_of_load,97,97,0,0,None
0,area_node,is_loss_of_load,97,97,0,0,None
0,area_load,actual_load,97,97,0,4329,None
0,area_node,price,97,97,0,0.29999999405340855,None
0,area_node,balance_port.price,97,97,0,0.29999999405340855,None
0,area_node,is_near_loss_of_load,97,97,0,0,None
0,area_load,balance_port.flow,97,97,0,-4329,None
0,area_wind,generation_power,97,97,0,745,None
0,area_wind,minus_generation,97,97,0,-745,None
0,area_wind,balance_port.flow,97,97,0,745,None
0,area_solar,generation_power,97,97,0,0,None
0,area_solar,minus_generation,97,97,0,-0,None
0,area_solar,balance_port.flow,97,97,0,0,None
0,area_run_of_river,generation_power,97,97,0,0,None
0,area_run_of_river,minus_generation,97,97,0,-0,None
0,area_run_of_river,balance_port.flow,97,97,0,0,None
0,area_combined_heat_power,generation_power,97,97,0,0,None
0,area_combined_heat_power,minus_generation,97,97,0,-0,None
0,area_combined_heat_power,balance_port.flow,97,97,0,0,None
0,area_biomass,generation_power,97,97,0,0,None
0,area_biomass,minus_generation,97,97,0,-0,None
0,area_biomass,balance_port.flow,97,97,0,0,None
0,area_biogas,generation_power,97,97,0,0,None
0,area_biogas,minus_generation,97,97,0,-0,None
0,area_biogas,balance_port.flow,97,97,0,0,None
0,area_waste,generation_power,97,97,0,0,None
0,area_waste,minus_generation,97,97,0,-0,None
0,area_waste,balance_port.flow,97,97,0,0,None
0,area_geothermal,generation_power,97,97,0,0,None
0,area_geothermal,minus_generation,97,97,0,-0,None
0,area_geothermal,balance_port.flow,97,97,0,0,None
0,area_other,generation_power,97,97,0,0,None
0,area_other,minus_generation,97,97,0,-0,None
0,area_other,balance_port.flow,97,97,0,0,None
0,area_pumped_storage_power,generation_power,97,97,0,0,None
0,area_pumped_storage_power,minus_generation,97,97,0,-0,None
0,area_pumped_storage_power,balance_port.flow,97,97,0,0,None
0,area_rest_world,generation_power,97,97,0,0,None
0,area_rest_world,minus_generation,97,97,0,-0,None
0,area_rest_world,balance_port.flow,97,97,0,0,None
0,area_thermal_default,prop_cost,97,97,0,0,None
0,area_thermal_default,balance_port.flow,97,97,0,0,None
0,area_thermal_default,co2_emissions,97,97,0,0,None
0,area_thermal_default,nh3_emissions,97,97,0,0,None
0,area_thermal_default,so2_emissions,97,97,0,0,None
0,area_thermal_default,nox_emissions,97,97,0,0,None
0,area_thermal_default,pm2_5_emissions,97,97,0,0,None
0,area_thermal_default,pm5_emissions,97,97,0,0,None
0,area_thermal_default,pm10_emissions,97,97,0,0,None
0,area_thermal_default,nmvoc_emissions,97,97,0,0,None
0,area_thermal_default,op1_emissions,97,97,0,0,None
0,area_thermal_default,op2_emissions,97,97,0,0,None
0,area_thermal_default,op3_emissions,97,97,0,0,None
0,area_thermal_default,op4_emissions,97,97,0,0,None
0,area_thermal_default,op5_emissions,97,97,0,0,None
0,area_thermal_default,cluster_availability,97,97,0,0,None
0,area_thermal_default,up_margin,97,97,0,0,None
0,area_thermal_default,min_gen_power,97,97,0,0,None
0,area_thermal_default,down_margin,97,97,0,0,None
0,area_thermal_default,profit,97,97,0,0,None
0,area_node,imbalance_cost,98,98,0,0,None
0,area_node,is_significant_loss_of_load,98,98,0,0,None
0,area_node,is_loss_of_load,98,98,0,0,None
0,area_load,actual_load,98,98,0,4140,None
0,area_node,price,98,98,0,0.29999999627561574,None
0,area_node,balance_port.price,98,98,0,0.29999999627561574,None
0,area_node,is_near_loss_of_load,98,98,0,0,None
0,area_load,balance_port.flow,98,98,0,-4140,None
0,area_wind,generation_power,98,98,0,514,None
0,area_wind,minus_generation,98,98,0,-514,None
0,area_wind,balance_port.flow,98,98,0,514,None
0,area_solar,generation_power,98,98,0,0,None
0,area_solar,minus_generation,98,98,0,-0,None
0,area_solar,balance_port.flow,98,98,0,0,None
0,area_run_of_river,generation_power,98,98,0,0,None
0,area_run_of_river,minus_generation,98,98,0,-0,None
0,area_run_of_river,balance_port.flow,98,98,0,0,None
0,area_combined_heat_power,generation_power,98,98,0,0,None
0,area_combined_heat_power,minus_generation,98,98,0,-0,None
0,area_combined_heat_power,balance_port.flow,98,98,0,0,None
0,area_biomass,generation_power,98,98,0,0,None
0,area_biomass,minus_generation,98,98,0,-0,None
0,area_biomass,balance_port.flow,98,98,0,0,None
0,area_biogas,generation_power,98,98,0,0,None
0,area_biogas,minus_generation,98,98,0,-0,None
0,area_biogas,balance_port.flow,98,98,0,0,None
0,area_waste,generation_power,98,98,0,0,None
0,area_waste,minus_generation,98,98,0,-0,None
0,area_waste,balance_port.flow,98,98,0,0,None
0,area_geothermal,generation_power,98,98,0,0,None
0,area_geothermal,minus_generation,98,98,0,-0,None
0,area_geothermal,balance_port.flow,98,98,0,0,None
0,area_other,generation_power,98,98,0,0,None
0,area_other,minus_generation,98,98,0,-0,None
0,area_other,balance_port.flow,98,98,0,0,None
0,area_pumped_storage_power,generation_power,98,98,0,0,None
0,area_pumped_storage_power,minus_generation,98,98,0,-0,None
0,area_pumped_storage_power,balance_port.flow,98,98,0,0,None
0,area_rest_world,generation_power,98,98,0,0,None
0,area_rest_world,minus_generation,98,98,0,-0,None
0,area_rest_world,balance_port.flow,98,98,0,0,None
0,area_thermal_default,prop_cost,98,98,0,0,None
0,area_thermal_default,balance_port.flow,98,98,0,0,None
0,area_thermal_default,co2_emissions,98,98,0,0,None
0,area_thermal_default,nh3_emissions,98,98,0,0,None
0,area_thermal_default,so2_emissions,98,98,0,0,None
0,area_thermal_default,nox_emissions,98,98,0,0,None
0,area_thermal_default,pm2_5_emissions,98,98,0,0,None
0,area_thermal_default,pm5_emissions,98,98,0,0,None
0,area_thermal_default,pm10_emissions,98,98,0,0,None
0,area_thermal_default,nmvoc_emissions,98,98,0,0,None
0,area_thermal_default,op1_emissions,98,98,0,0,None
0,area_thermal_default,op2_emissions,98,98,0,0,None
0,area_thermal_default,op3_emissions,98,98,0,0,None
0,area_thermal_default,op4_emissions,98,98,0,0,None
0,area_thermal_default,op5_emissions,98,98,0,0,None
0,area_thermal_default,cluster_availability,98,98,0,0,None
0,area_thermal_default,up_margin,98,98,0,0,None
0,area_thermal_default,min_gen_power,98,98,0,0,None
0,area_thermal_default,down_margin,98,98,0,0,None
0,area_thermal_default,profit,98,98,0,0,None
0,area_node,imbalance_cost,99,99,0,0,None
0,area_node,is_significant_loss_of_load,99,99,0,0,None
0,area_node,is_loss_of_load,99,99,0,0,None
0,area_load,actual_load,99,99,0,4036,None
0,area_node,price,99,99,0,0.3000000015586935,None
0,area_node,balance_port.price,99,99,0,0.3000000015586935,None
0,area_node,is_near_loss_of_load,99,99,0,0,None
0,area_load,balance_port.flow,99,99,0,-4036,None
0,area_wind,generation_power,99,99,0,362,None
0,area_wind,minus_generation,99,99,0,-362,None
0,area_wind,balance_port.flow,99,99,0,362,None
0,area_solar,generation_power,99,99,0,0,None
0,area_solar,minus_generation,99,99,0,-0,None
0,area_solar,balance_port.flow,99,99,0,0,None
0,area_run_of_river,generation_power,99,99,0,0,None
0,area_run_of_river,minus_generation,99,99,0,-0,None
0,area_run_of_river,balance_port.flow,99,99,0,0,None
0,area_combined_heat_power,generation_power,99,99,0,0,None
0,area_combined_heat_power,minus_generation,99,99,0,-0,None
0,area_combined_heat_power,balance_port.flow,99,99,0,0,None
0,area_biomass,generation_power,99,99,0,0,None
0,area_biomass,minus_generation,99,99,0,-0,None
0,area_biomass,balance_port.flow,99,99,0,0,None
0,area_biogas,generation_power,99,99,0,0,None
0,area_biogas,minus_generation,99,99,0,-0,None
0,area_biogas,balance_port.flow,99,99,0,0,None
0,area_waste,generation_power,99,99,0,0,None
0,area_waste,minus_generation,99,99,0,-0,None
0,area_waste,balance_port.flow,99,99,0,0,None
0,area_geothermal,generation_power,99,99,0,0,None
0,area_geothermal,minus_generation,99,99,0,-0,None
0,area_geothermal,balance_port.flow,99,99,0,0,None
0,area_other,generation_power,99,99,0,0,None
0,area_other,minus_generation,99,99,0,-0,None
0,area_other,balance_port.flow,99,99,0,0,None
0,area_pumped_storage_power,generation_power,99,99,0,0,None
0,area_pumped_storage_power,minus_generation,99,99,0,-0,None
0,area_pumped_storage_power,balance_port.flow,99,99,0,0,None
0,area_rest_world,generation_power,99,99,0,0,None
0,area_rest_world,minus_generation,99,99,0,-0,None
0,area_rest_world,balance_port.flow,99,99,0,0,None
0,area_thermal_default,prop_cost,99,99,0,0,None
0,area_thermal_default,balance_port.flow,99,99,0,0,None
0,area_thermal_default,co2_emissions,99,99,0,0,None
0,area_thermal_default,nh3_emissions,99,99,0,0,None
0,area_thermal_default,so2_emissions,99,99,0,0,None
0,area_thermal_default,nox_emissions,99,99,0,0,None
0,area_thermal_default,pm2_5_emissions,99,99,0,0,None
0,area_thermal_default,pm5_emissions,99,99,0,0,None
0,area_thermal_default,pm10_emissions,99,99,0,0,None
0,area_thermal_default,nmvoc_emissions,99,99,0,0,None
0,area_thermal_default,op1_emissions,99,99,0,0,None
0,area_thermal_default,op2_emissions,99,99,0,0,None
0,area_thermal_default,op3_emissions,99,99,0,0,None
0,area_thermal_default,op4_emissions,99,99,0,0,None
0,area_thermal_default,op5_emissions,99,99,0,0,None
0,area_thermal_default,cluster_availability,99,99,0,0,None
0,area_thermal_default,up_margin,99,99,0,0,None
0,area_thermal_default,min_gen_power,99,99,0,0,None
0,area_thermal_default,down_margin,99,99,0,0,None
0,area_thermal_default,profit,99,99,0,0,None
0,area_node,imbalance_cost,100,100,0,0,None
0,area_node,is_significant_loss_of_load,100,100,0,0,None
0,area_node,is_loss_of_load,100,100,0,0,None
0,area_load,actual_load,100,100,0,3953,None
0,area_node,price,100,100,0,0.30000000864837373,None
0,area_node,balance_port.price,100,100,0,0.30000000864837373,None
0,area_node,is_near_loss_of_load,100,100,0,0,None
0,area_load,balance_port.flow,100,100,0,-3953,None
0,area_wind,generation_power,100,100,0,365,None
0,area_wind,minus_generation,100,100,0,-365,None
0,area_wind,balance_port.flow,100,100,0,365,None
0,area_solar,generation_power,100,100,0,0,None
0,area_solar,minus_generation,100,100,0,-0,None
0,area_solar,balance_port.flow,100,100,0,0,None
0,area_run_of_river,generation_power,100,100,0,0,None
0,area_run_of_river,minus_generation,100,100,0,-0,None
0,area_run_of_river,balance_port.flow,100,100,0,0,None
0,area_combined_heat_power,generation_power,100,100,0,0,None
0,area_combined_heat_power,minus_generation,100,100,0,-0,None
0,area_combined_heat_power,balance_port.flow,100,100,0,0,None
0,area_biomass,generation_power,100,100,0,0,None
0,area_biomass,minus_generation,100,100,0,-0,None
0,area_biomass,balance_port.flow,100,100,0,0,None
0,area_biogas,generation_power,100,100,0,0,None
0,area_biogas,minus_generation,100,100,0,-0,None
0,area_biogas,balance_port.flow,100,100,0,0,None
0,area_waste,generation_power,100,100,0,0,None
0,area_waste,minus_generation,100,100,0,-0,None
0,area_waste,balance_port.flow,100,100,0,0,None
0,area_geothermal,generation_power,100,100,0,0,None
0,area_geothermal,minus_generation,100,100,0,-0,None
0,area_geothermal,balance_port.flow,100,100,0,0,None
0,area_other,generation_power,100,100,0,0,None
0,area_other,minus_generation,100,100,0,-0,None
0,area_other,balance_port.flow,100,100,0,0,None
0,area_pumped_storage_power,generation_power,100,100,0,0,None
0,area_pumped_storage_power,minus_generation,100,100,0,-0,None
0,area_pumped_storage_power,balance_port.flow,100,100,0,0,None
0,area_rest_world,generation_power,100,100,0,0,None
0,area_rest_world,minus_generation,100,100,0,-0,None
0,area_rest_world,balance_port.flow,100,100,0,0,None
0,area_thermal_default,prop_cost,100,100,0,0,None
0,area_thermal_default,balance_port.flow,100,100,0,0,None
0,area_thermal_default,co2_emissions,100,100,0,0,None
0,area_thermal_default,nh3_emissions,100,100,0,0,None
0,area_thermal_default,so2_emissions,100,100,0,0,None
0,area_thermal_default,nox_emissions,100,100,0,0,None
0,area_thermal_default,pm2_5_emissions,100,100,0,0,None
0,area_thermal_default,pm5_emissions,100,100,0,0,None
0,area_thermal_default,pm10_emissions,100,100,0,0,None
0,area_thermal_default,nmvoc_emissions,100,100,0,0,None
0,area_thermal_default,op1_emissions,100,100,0,0,None
0,area_thermal_default,op2_emissions,100,100,0,0,None
0,area_thermal_default,op3_emissions,100,100,0,0,None
0,area_thermal_default,op4_emissions,100,100,0,0,None
0,area_thermal_default,op5_emissions,100,100,0,0,None
0,area_thermal_default,cluster_availability,100,100,0,0,None
0,area_thermal_default,up_margin,100,100,0,0,None
0,area_thermal_default,min_gen_power,100,100,0,0,None
0,area_thermal_default,down_margin,100,100,0,0,None
0,area_thermal_default,profit,100,100,0,0,None
0,area_node,imbalance_cost,101,101,0,0,None
0,area_node,is_significant_loss_of_load,101,101,0,0,None
0,area_node,is_loss_of_load,101,101,0,0,None
0,area_load,actual_load,101,101,0,4210,None
0,area_node,price,101,101,0,0.29999999611391887,None
0,area_node,balance_port.price,101,101,0,0.29999999611391887,None
0,area_node,is_near_loss_of_load,101,101,0,0,None
0,area_load,balance_port.flow,101,101,0,-4210,None
0,area_wind,generation_power,101,101,0,319,None
0,area_wind,minus_generation,101,101,0,-319,None
0,area_wind,balance_port.flow,101,101,0,319,None
0,area_solar,generation_power,101,101,0,0,None
0,area_solar,minus_generation,101,101,0,-0,None
0,area_solar,balance_port.flow,101,101,0,0,None
0,area_run_of_river,generation_power,101,101,0,0,None
0,area_run_of_river,minus_generation,101,101,0,-0,None
0,area_run_of_river,balance_port.flow,101,101,0,0,None
0,area_combined_heat_power,generation_power,101,101,0,0,None
0,area_combined_heat_power,minus_generation,101,101,0,-0,None
0,area_combined_heat_power,balance_port.flow,101,101,0,0,None
0,area_biomass,generation_power,101,101,0,0,None
0,area_biomass,minus_generation,101,101,0,-0,None
0,area_biomass,balance_port.flow,101,101,0,0,None
0,area_biogas,generation_power,101,101,0,0,None
0,area_biogas,minus_generation,101,101,0,-0,None
0,area_biogas,balance_port.flow,101,101,0,0,None
0,area_waste,generation_power,101,101,0,0,None
0,area_waste,minus_generation,101,101,0,-0,None
0,area_waste,balance_port.flow,101,101,0,0,None
0,area_geothermal,generation_power,101,101,0,0,None
0,area_geothermal,minus_generation,101,101,0,-0,None
0,area_geothermal,balance_port.flow,101,101,0,0,None
0,area_other,generation_power,101,101,0,0,None
0,area_other,minus_generation,101,101,0,-0,None
0,area_other,balance_port.flow,101,101,0,0,None
0,area_pumped_storage_power,generation_power,101,101,0,0,None
0,area_pumped_storage_power,minus_generation,101,101,0,-0,None
0,area_pumped_storage_power,balance_port.flow,101,101,0,0,None
0,area_rest_world,generation_power,101,101,0,0,None
0,area_rest_world,minus_generation,101,101,0,-0,None
0,area_rest_world,balance_port.flow,101,101,0,0,None
0,area_thermal_default,prop_cost,101,101,0,0,None
0,area_thermal_default,balance_port.flow,101,101,0,0,None
0,area_thermal_default,co2_emissions,101,101,0,0,None
0,area_thermal_default,nh3_emissions,101,101,0,0,None
0,area_thermal_default,so2_emissions,101,101,0,0,None
0,area_thermal_default,nox_emissions,101,101,0,0,None
0,area_thermal_default,pm2_5_emissions,101,101,0,0,None
0,area_thermal_default,pm5_emissions,101,101,0,0,None
0,area_thermal_default,pm10_emissions,101,101,0,0,None
0,area_thermal_default,nmvoc_emissions,101,101,0,0,None
0,area_thermal_default,op1_emissions,101,101,0,0,None
0,area_thermal_default,op2_emissions,101,101,0,0,None
0,area_thermal_default,op3_emissions,101,101,0,0,None
0,area_thermal_default,op4_emissions,101,101,0,0,None
0,area_thermal_default,op5_emissions,101,101,0,0,None
0,area_thermal_default,cluster_availability,101,101,0,0,None
0,area_thermal_default,up_margin,101,101,0,0,None
0,area_thermal_default,min_gen_power,101,101,0,0,None
0,area_thermal_default,down_margin,101,101,0,0,None
0,area_thermal_default,profit,101,101,0,0,None
0,area_node,imbalance_cost,102,102,0,0,None
0,area_node,is_significant_loss_of_load,102,102,0,0,None
0,area_node,is_loss_of_load,102,102,0,0,None
0,area_load,actual_load,102,102,0,4747,None
0,area_node,price,102,102,0,0.30000000684394257,None
0,area_node,balance_port.price,102,102,0,0.30000000684394257,None
0,area_node,is_near_loss_of_load,102,102,0,0,None
0,area_load,balance_port.flow,102,102,0,-4747,None
0,area_wind,generation_power,102,102,0,479,None
0,area_wind,minus_generation,102,102,0,-479,None
0,area_wind,balance_port.flow,102,102,0,479,None
0,area_solar,generation_power,102,102,0,0,None
0,area_solar,minus_generation,102,102,0,-0,None
0,area_solar,balance_port.flow,102,102,0,0,None
0,area_run_of_river,generation_power,102,102,0,0,None
0,area_run_of_river,minus_generation,102,102,0,-0,None
0,area_run_of_river,balance_port.flow,102,102,0,0,None
0,area_combined_heat_power,generation_power,102,102,0,0,None
0,area_combined_heat_power,minus_generation,102,102,0,-0,None
0,area_combined_heat_power,balance_port.flow,102,102,0,0,None
0,area_biomass,generation_power,102,102,0,0,None
0,area_biomass,minus_generation,102,102,0,-0,None
0,area_biomass,balance_port.flow,102,102,0,0,None
0,area_biogas,generation_power,102,102,0,0,None
0,area_biogas,minus_generation,102,102,0,-0,None
0,area_biogas,balance_port.flow,102,102,0,0,None
0,area_waste,generation_power,102,102,0,0,None
0,area_waste,minus_generation,102,102,0,-0,None
0,area_waste,balance_port.flow,102,102,0,0,None
0,area_geothermal,generation_power,102,102,0,0,None
0,area_geothermal,minus_generation,102,102,0,-0,None
0,area_geothermal,balance_port.flow,102,102,0,0,None
0,area_other,generation_power,102,102,0,0,None
0,area_other,minus_generation,102,102,0,-0,None
0,area_other,balance_port.flow,102,102,0,0,None
0,area_pumped_storage_power,generation_power,102,102,0,0,None
0,area_pumped_storage_power,minus_generation,102,102,0,-0,None
0,area_pumped_storage_power,balance_port.flow,102,102,0,0,None
0,area_rest_world,generation_power,102,102,0,0,None
0,area_rest_world,minus_generation,102,102,0,-0,None
0,area_rest_world,balance_port.flow,102,102,0,0,None
0,area_thermal_default,prop_cost,102,102,0,0,None
0,area_thermal_default,balance_port.flow,102,102,0,0,None
0,area_thermal_default,co2_emissions,102,102,0,0,None
0,area_thermal_default,nh3_emissions,102,102,0,0,None
0,area_thermal_default,so2_emissions,102,102,0,0,None
0,area_thermal_default,nox_emissions,102,102,0,0,None
0,area_thermal_default,pm2_5_emissions,102,102,0,0,None
0,area_thermal_default,pm5_emissions,102,102,0,0,None
0,area_thermal_default,pm10_emissions,102,102,0,0,None
0,area_thermal_default,nmvoc_emissions,102,102,0,0,None
0,area_thermal_default,op1_emissions,102,102,0,0,None
0,area_thermal_default,op2_emissions,102,102,0,0,None
0,area_thermal_default,op3_emissions,102,102,0,0,None
0,area_thermal_default,op4_emissions,102,102,0,0,None
0,area_thermal_default,op5_emissions,102,102,0,0,None
0,area_thermal_default,cluster_availability,102,102,0,0,None
0,area_thermal_default,up_margin,102,102,0,0,None
0,area_thermal_default,min_gen_power,102,102,0,0,None
0,area_thermal_default,down_margin,102,102,0,0,None
0,area_thermal_default,profit,102,102,0,0,None
0,area_node,imbalance_cost,103,103,0,0,None
0,area_node,is_significant_loss_of_load,103,103,0,0,None
0,area_node,is_loss_of_load,103,103,0,0,None
0,area_load,actual_load,103,103,0,5507,None
0,area_node,price,103,103,0,0.29999999836826147,None
0,area_node,balance_port.price,103,103,0,0.29999999836826147,None
0,area_node,is_near_loss_of_load,103,103,0,0,None
0,area_load,balance_port.flow,103,103,0,-5507,None
0,area_wind,generation_power,103,103,0,526,None
0,area_wind,minus_generation,103,103,0,-526,None
0,area_wind,balance_port.flow,103,103,0,526,None
0,area_solar,generation_power,103,103,0,0,None
0,area_solar,minus_generation,103,103,0,-0,None
0,area_solar,balance_port.flow,103,103,0,0,None
0,area_run_of_river,generation_power,103,103,0,0,None
0,area_run_of_river,minus_generation,103,103,0,-0,None
0,area_run_of_river,balance_port.flow,103,103,0,0,None
0,area_combined_heat_power,generation_power,103,103,0,0,None
0,area_combined_heat_power,minus_generation,103,103,0,-0,None
0,area_combined_heat_power,balance_port.flow,103,103,0,0,None
0,area_biomass,generation_power,103,103,0,0,None
0,area_biomass,minus_generation,103,103,0,-0,None
0,area_biomass,balance_port.flow,103,103,0,0,None
0,area_biogas,generation_power,103,103,0,0,None
0,area_biogas,minus_generation,103,103,0,-0,None
0,area_biogas,balance_port.flow,103,103,0,0,None
0,area_waste,generation_power,103,103,0,0,None
0,area_waste,minus_generation,103,103,0,-0,None
0,area_waste,balance_port.flow,103,103,0,0,None
0,area_geothermal,generation_power,103,103,0,0,None
0,area_geothermal,minus_generation,103,103,0,-0,None
0,area_geothermal,balance_port.flow,103,103,0,0,None
0,area_other,generation_power,103,103,0,0,None
0,area_other,minus_generation,103,103,0,-0,None
0,area_other,balance_port.flow,103,103,0,0,None
0,area_pumped_storage_power,generation_power,103,103,0,0,None
0,area_pumped_storage_power,minus_generation,103,103,0,-0,None
0,area_pumped_storage_power,balance_port.flow,103,103,0,0,None
0,area_rest_world,generation_power,103,103,0,0,None
0,area_rest_world,minus_generation,103,103,0,-0,None
0,area_rest_world,balance_port.flow,103,103,0,0,None
0,area_thermal_default,prop_cost,103,103,0,0,None
0,area_thermal_default,balance_port.flow,103,103,0,0,None
0,area_thermal_default,co2_emissions,103,103,0,0,None
0,area_thermal_default,nh3_emissions,103,103,0,0,None
0,area_thermal_default,so2_emissions,103,103,0,0,None
0,area_thermal_default,nox_emissions,103,103,0,0,None
0,area_thermal_default,pm2_5_emissions,103,103,0,0,None
0,area_thermal_default,pm5_emissions,103,103,0,0,None
0,area_thermal_default,pm10_emissions,103,103,0,0,None
0,area_thermal_default,nmvoc_emissions,103,103,0,0,None
0,area_thermal_default,op1_emissions,103,103,0,0,None
0,area_thermal_default,op2_emissions,103,103,0,0,None
0,area_thermal_default,op3_emissions,103,103,0,0,None
0,area_thermal_default,op4_emissions,103,103,0,0,None
0,area_thermal_default,op5_emissions,103,103,0,0,None
0,area_thermal_default,cluster_availability,103,103,0,0,None
0,area_thermal_default,up_margin,103,103,0,0,None
0,area_thermal_default,min_gen_power,103,103,0,0,None
0,area_thermal_default,down_margin,103,103,0,0,None
0,area_thermal_default,profit,103,103,0,0,None
0,area_node,imbalance_cost,104,104,0,0,None
0,area_node,is_significant_loss_of_load,104,104,0,0,None
0,area_node,is_loss_of_load,104,104,0,0,None
0,area_load,actual_load,104,104,0,5855,None
0,area_node,price,104,104,0,0.3000000062457418,None
0,area_node,balance_port.price,104,104,0,0.3000000062457418,None
0,area_node,is_near_loss_of_load,104,104,0,0,None
0,area_load,balance_port.flow,104,104,0,-5855,None
0,area_wind,generation_power,104,104,0,617,None
0,area_wind,minus_generation,104,104,0,-617,None
0,area_wind,balance_port.flow,104,104,0,617,None
0,area_solar,generation_power,104,104,0,0,None
0,area_solar,minus_generation,104,104,0,-0,None
0,area_solar,balance_port.flow,104,104,0,0,None
0,area_run_of_river,generation_power,104,104,0,0,None
0,area_run_of_river,minus_generation,104,104,0,-0,None
0,area_run_of_river,balance_port.flow,104,104,0,0,None
0,area_combined_heat_power,generation_power,104,104,0,0,None
0,area_combined_heat_power,minus_generation,104,104,0,-0,None
0,area_combined_heat_power,balance_port.flow,104,104,0,0,None
0,area_biomass,generation_power,104,104,0,0,None
0,area_biomass,minus_generation,104,104,0,-0,None
0,area_biomass,balance_port.flow,104,104,0,0,None
0,area_biogas,generation_power,104,104,0,0,None
0,area_biogas,minus_generation,104,104,0,-0,None
0,area_biogas,balance_port.flow,104,104,0,0,None
0,area_waste,generation_power,104,104,0,0,None
0,area_waste,minus_generation,104,104,0,-0,None
0,area_waste,balance_port.flow,104,104,0,0,None
0,area_geothermal,generation_power,104,104,0,0,None
0,area_geothermal,minus_generation,104,104,0,-0,None
0,area_geothermal,balance_port.flow,104,104,0,0,None
0,area_other,generation_power,104,104,0,0,None
0,area_other,minus_generation,104,104,0,-0,None
0,area_other,balance_port.flow,104,104,0,0,None
0,area_pumped_storage_power,generation_power,104,104,0,0,None
0,area_pumped_storage_power,minus_generation,104,104,0,-0,None
0,area_pumped_storage_power,balance_port.flow,104,104,0,0,None
0,area_rest_world,generation_power,104,104,0,0,None
0,area_rest_world,minus_generation,104,104,0,-0,None
0,area_rest_world,balance_port.flow,104,104,0,0,None
0,area_thermal_default,prop_cost,104,104,0,0,None
0,area_thermal_default,balance_port.flow,104,104,0,0,None
0,area_thermal_default,co2_emissions,104,104,0,0,None
0,area_thermal_default,nh3_emissions,104,104,0,0,None
0,area_thermal_default,so2_emissions,104,104,0,0,None
0,area_thermal_default,nox_emissions,104,104,0,0,None
0,area_thermal_default,pm2_5_emissions,104,104,0,0,None
0,area_thermal_default,pm5_emissions,104,104,0,0,None
0,area_thermal_default,pm10_emissions,104,104,0,0,None
0,area_thermal_default,nmvoc_emissions,104,104,0,0,None
0,area_thermal_default,op1_emissions,104,104,0,0,None
0,area_thermal_default,op2_emissions,104,104,0,0,None
0,area_thermal_default,op3_emissions,104,104,0,0,None
0,area_thermal_default,op4_emissions,104,104,0,0,None
0,area_thermal_default,op5_emissions,104,104,0,0,None
0,area_thermal_default,cluster_availability,104,104,0,0,None
0,area_thermal_default,up_margin,104,104,0,0,None
0,area_thermal_default,min_gen_power,104,104,0,0,None
0,area_thermal_default,down_margin,104,104,0,0,None
0,area_thermal_default,profit,104,104,0,0,None
0,area_node,imbalance_cost,105,105,0,0,None
0,area_node,is_significant_loss_of_load,105,105,0,0,None
0,area_node,is_loss_of_load,105,105,0,0,None
0,area_load,actual_load,105,105,0,5834,None
0,area_node,price,105,105,0,0.2999999962359014,None
0,area_node,balance_port.price,105,105,0,0.2999999962359014,None
0,area_node,is_near_loss_of_load,105,105,0,0,None
0,area_load,balance_port.flow,105,105,0,-5834,None
0,area_wind,generation_power,105,105,0,651,None
0,area_wind,minus_generation,105,105,0,-651,None
0,area_wind,balance_port.flow,105,105,0,651,None
0,area_solar,generation_power,105,105,0,0,None
0,area_solar,minus_generation,105,105,0,-0,None
0,area_solar,balance_port.flow,105,105,0,0,None
0,area_run_of_river,generation_power,105,105,0,0,None
0,area_run_of_river,minus_generation,105,105,0,-0,None
0,area_run_of_river,balance_port.flow,105,105,0,0,None
0,area_combined_heat_power,generation_power,105,105,0,0,None
0,area_combined_heat_power,minus_generation,105,105,0,-0,None
0,area_combined_heat_power,balance_port.flow,105,105,0,0,None
0,area_biomass,generation_power,105,105,0,0,None
0,area_biomass,minus_generation,105,105,0,-0,None
0,area_biomass,balance_port.flow,105,105,0,0,None
0,area_biogas,generation_power,105,105,0,0,None
0,area_biogas,minus_generation,105,105,0,-0,None
0,area_biogas,balance_port.flow,105,105,0,0,None
0,area_waste,generation_power,105,105,0,0,None
0,area_waste,minus_generation,105,105,0,-0,None
0,area_waste,balance_port.flow,105,105,0,0,None
0,area_geothermal,generation_power,105,105,0,0,None
0,area_geothermal,minus_generation,105,105,0,-0,None
0,area_geothermal,balance_port.flow,105,105,0,0,None
0,area_other,generation_power,105,105,0,0,None
0,area_other,minus_generation,105,105,0,-0,None
0,area_other,balance_port.flow,105,105,0,0,None
0,area_pumped_storage_power,generation_power,105,105,0,0,None
0,area_pumped_storage_power,minus_generation,105,105,0,-0,None
0,area_pumped_storage_power,balance_port.flow,105,105,0,0,None
0,area_rest_world,generation_power,105,105,0,0,None
0,area_rest_world,minus_generation,105,105,0,-0,None
0,area_rest_world,balance_port.flow,105,105,0,0,None
0,area_thermal_default,prop_cost,105,105,0,0,None
0,area_thermal_default,balance_port.flow,105,105,0,0,None
0,area_thermal_default,co2_emissions,105,105,0,0,None
0,area_thermal_default,nh3_emissions,105,105,0,0,None
0,area_thermal_default,so2_emissions,105,105,0,0,None
0,area_thermal_default,nox_emissions,105,105,0,0,None
0,area_thermal_default,pm2_5_emissions,105,105,0,0,None
0,area_thermal_default,pm5_emissions,105,105,0,0,None
0,area_thermal_default,pm10_emissions,105,105,0,0,None
0,area_thermal_default,nmvoc_emissions,105,105,0,0,None
0,area_thermal_default,op1_emissions,105,105,0,0,None
0,area_thermal_default,op2_emissions,105,105,0,0,None
0,area_thermal_default,op3_emissions,105,105,0,0,None
0,area_thermal_default,op4_emissions,105,105,0,0,None
0,area_thermal_default,op5_emissions,105,105,0,0,None
0,area_thermal_default,cluster_availability,105,105,0,0,None
0,area_thermal_default,up_margin,105,105,0,0,None
0,area_thermal_default,min_gen_power,105,105,0,0,None
0,area_thermal_default,down_margin,105,105,0,0,None
0,area_thermal_default,profit,105,105,0,0,None
0,area_node,imbalance_cost,106,106,0,0,None
0,area_node,is_significant_loss_of_load,106,106,0,0,None
0,area_node,is_loss_of_load,106,106,0,0,None
0,area_load,actual_load,106,106,0,5845,None
0,area_node,price,106,106,0,0.29999999328398225,None
0,area_node,balance_port.price,106,106,0,0.29999999328398225,None
0,area_node,is_near_loss_of_load,106,106,0,0,None
0,area_load,balance_port.flow,106,106,0,-5845,None
0,area_wind,generation_power,106,106,0,630,None
0,area_wind,minus_generation,106,106,0,-630,None
0,area_wind,balance_port.flow,106,106,0,630,None
0,area_solar,generation_power,106,106,0,0,None
0,area_solar,minus_generation,106,106,0,-0,None
0,area_solar,balance_port.flow,106,106,0,0,None
0,area_run_of_river,generation_power,106,106,0,0,None
0,area_run_of_river,minus_generation,106,106,0,-0,None
0,area_run_of_river,balance_port.flow,106,106,0,0,None
0,area_combined_heat_power,generation_power,106,106,0,0,None
0,area_combined_heat_power,minus_generation,106,106,0,-0,None
0,area_combined_heat_power,balance_port.flow,106,106,0,0,None
0,area_biomass,generation_power,106,106,0,0,None
0,area_biomass,minus_generation,106,106,0,-0,None
0,area_biomass,balance_port.flow,106,106,0,0,None
0,area_biogas,generation_power,106,106,0,0,None
0,area_biogas,minus_generation,106,106,0,-0,None
0,area_biogas,balance_port.flow,106,106,0,0,None
0,area_waste,generation_power,106,106,0,0,None
0,area_waste,minus_generation,106,106,0,-0,None
0,area_waste,balance_port.flow,106,106,0,0,None
0,area_geothermal,generation_power,106,106,0,0,None
0,area_geothermal,minus_generation,106,106,0,-0,None
0,area_geothermal,balance_port.flow,106,106,0,0,None
0,area_other,generation_power,106,106,0,0,None
0,area_other,minus_generation,106,106,0,-0,None
0,area_other,balance_port.flow,106,106,0,0,None
0,area_pumped_storage_power,generation_power,106,106,0,0,None
0,area_pumped_storage_power,minus_generation,106,106,0,-0,None
0,area_pumped_storage_power,balance_port.flow,106,106,0,0,None
0,area_rest_world,generation_power,106,106,0,0,None
0,area_rest_world,minus_generation,106,106,0,-0,None
0,area_rest_world,balance_port.flow,106,106,0,0,None
0,area_thermal_default,prop_cost,106,106,0,0,None
0,area_thermal_default,balance_port.flow,106,106,0,0,None
0,area_thermal_default,co2_emissions,106,106,0,0,None
0,area_thermal_default,nh3_emissions,106,106,0,0,None
0,area_thermal_default,so2_emissions,106,106,0,0,None
0,area_thermal_default,nox_emissions,106,106,0,0,None
0,area_thermal_default,pm2_5_emissions,106,106,0,0,None
0,area_thermal_default,pm5_emissions,106,106,0,0,None
0,area_thermal_default,pm10_emissions,106,106,0,0,None
0,area_thermal_default,nmvoc_emissions,106,106,0,0,None
0,area_thermal_default,op1_emissions,106,106,0,0,None
0,area_thermal_default,op2_emissions,106,106,0,0,None
0,area_thermal_default,op3_emissions,106,106,0,0,None
0,area_thermal_default,op4_emissions,106,106,0,0,None
0,area_thermal_default,op5_emissions,106,106,0,0,None
0,area_thermal_default,cluster_availability,106,106,0,0,None
0,area_thermal_default,up_margin,106,106,0,0,None
0,area_thermal_default,min_gen_power,106,106,0,0,None
0,area_thermal_default,down_margin,106,106,0,0,None
0,area_thermal_default,profit,106,106,0,0,None
0,area_node,imbalance_cost,107,107,0,0,None
0,area_node,is_significant_loss_of_load,107,107,0,0,None
0,area_node,is_loss_of_load,107,107,0,0,None
0,area_load,actual_load,107,107,0,5787,None
0,area_node,price,107,107,0,0.3000000060058837,None
0,area_node,balance_port.price,107,107,0,0.3000000060058837,None
0,area_node,is_near_loss_of_load,107,107,0,0,None
0,area_load,balance_port.flow,107,107,0,-5787,None
0,area_wind,generation_power,107,107,0,753,None
0,area_wind,minus_generation,107,107,0,-753,None
0,area_wind,balance_port.flow,107,107,0,753,None
0,area_solar,generation_power,107,107,0,0,None
0,area_solar,minus_generation,107,107,0,-0,None
0,area_solar,balance_port.flow,107,107,0,0,None
0,area_run_of_river,generation_power,107,107,0,0,None
0,area_run_of_river,minus_generation,107,107,0,-0,None
0,area_run_of_river,balance_port.flow,107,107,0,0,None
0,area_combined_heat_power,generation_power,107,107,0,0,None
0,area_combined_heat_power,minus_generation,107,107,0,-0,None
0,area_combined_heat_power,balance_port.flow,107,107,0,0,None
0,area_biomass,generation_power,107,107,0,0,None
0,area_biomass,minus_generation,107,107,0,-0,None
0,area_biomass,balance_port.flow,107,107,0,0,None
0,area_biogas,generation_power,107,107,0,0,None
0,area_biogas,minus_generation,107,107,0,-0,None
0,area_biogas,balance_port.flow,107,107,0,0,None
0,area_waste,generation_power,107,107,0,0,None
0,area_waste,minus_generation,107,107,0,-0,None
0,area_waste,balance_port.flow,107,107,0,0,None
0,area_geothermal,generation_power,107,107,0,0,None
0,area_geothermal,minus_generation,107,107,0,-0,None
0,area_geothermal,balance_port.flow,107,107,0,0,None
0,area_other,generation_power,107,107,0,0,None
0,area_other,minus_generation,107,107,0,-0,None
0,area_other,balance_port.flow,107,107,0,0,None
0,area_pumped_storage_power,generation_power,107,107,0,0,None
0,area_pumped_storage_power,minus_generation,107,107,0,-0,None
0,area_pumped_storage_power,balance_port.flow,107,107,0,0,None
0,area_rest_world,generation_power,107,107,0,0,None
0,area_rest_world,minus_generation,107,107,0,-0,None
0,area_rest_world,balance_port.flow,107,107,0,0,None
0,area_thermal_default,prop_cost,107,107,0,0,None
0,area_thermal_default,balance_port.flow,107,107,0,0,None
0,area_thermal_default,co2_emissions,107,107,0,0,None
0,area_thermal_default,nh3_emissions,107,107,0,0,None
0,area_thermal_default,so2_emissions,107,107,0,0,None
0,area_thermal_default,nox_emissions,107,107,0,0,None
0,area_thermal_default,pm2_5_emissions,107,107,0,0,None
0,area_thermal_default,pm5_emissions,107,107,0,0,None
0,area_thermal_default,pm10_emissions,107,107,0,0,None
0,area_thermal_default,nmvoc_emissions,107,107,0,0,None
0,area_thermal_default,op1_emissions,107,107,0,0,None
0,area_thermal_default,op2_emissions,107,107,0,0,None
0,area_thermal_default,op3_emissions,107,107,0,0,None
0,area_thermal_default,op4_emissions,107,107,0,0,None
0,area_thermal_default,op5_emissions,107,107,0,0,None
0,area_thermal_default,cluster_availability,107,107,0,0,None
0,area_thermal_default,up_margin,107,107,0,0,None
0,area_thermal_default,min_gen_power,107,107,0,0,None
0,area_thermal_default,down_margin,107,107,0,0,None
0,area_thermal_default,profit,107,107,0,0,None
0,area_node,imbalance_cost,108,108,0,0,None
0,area_node,is_significant_loss_of_load,108,108,0,0,None
0,area_node,is_loss_of_load,108,108,0,0,None
0,area_load,actual_load,108,108,0,5837,None
0,area_node,price,108,108,0,0.300000004906983,None
0,area_node,balance_port.price,108,108,0,0.300000004906983,None
0,area_node,is_near_loss_of_load,108,108,0,0,None
0,area_load,balance_port.flow,108,108,0,-5837,None
0,area_wind,generation_power,108,108,0,930,None
0,area_wind,minus_generation,108,108,0,-930,None
0,area_wind,balance_port.flow,108,108,0,930,None
0,area_solar,generation_power,108,108,0,0,None
0,area_solar,minus_generation,108,108,0,-0,None
0,area_solar,balance_port.flow,108,108,0,0,None
0,area_run_of_river,generation_power,108,108,0,0,None
0,area_run_of_river,minus_generation,108,108,0,-0,None
0,area_run_of_river,balance_port.flow,108,108,0,0,None
0,area_combined_heat_power,generation_power,108,108,0,0,None
0,area_combined_heat_power,minus_generation,108,108,0,-0,None
0,area_combined_heat_power,balance_port.flow,108,108,0,0,None
0,area_biomass,generation_power,108,108,0,0,None
0,area_biomass,minus_generation,108,108,0,-0,None
0,area_biomass,balance_port.flow,108,108,0,0,None
0,area_biogas,generation_power,108,108,0,0,None
0,area_biogas,minus_generation,108,108,0,-0,None
0,area_biogas,balance_port.flow,108,108,0,0,None
0,area_waste,generation_power,108,108,0,0,None
0,area_waste,minus_generation,108,108,0,-0,None
0,area_waste,balance_port.flow,108,108,0,0,None
0,area_geothermal,generation_power,108,108,0,0,None
0,area_geothermal,minus_generation,108,108,0,-0,None
0,area_geothermal,balance_port.flow,108,108,0,0,None
0,area_other,generation_power,108,108,0,0,None
0,area_other,minus_generation,108,108,0,-0,None
0,area_other,balance_port.flow,108,108,0,0,None
0,area_pumped_storage_power,generation_power,108,108,0,0,None
0,area_pumped_storage_power,minus_generation,108,108,0,-0,None
0,area_pumped_storage_power,balance_port.flow,108,108,0,0,None
0,area_rest_world,generation_power,108,108,0,0,None
0,area_rest_world,minus_generation,108,108,0,-0,None
0,area_rest_world,balance_port.flow,108,108,0,0,None
0,area_thermal_default,prop_cost,108,108,0,0,None
0,area_thermal_default,balance_port.flow,108,108,0,0,None
0,area_thermal_default,co2_emissions,108,108,0,0,None
0,area_thermal_default,nh3_emissions,108,108,0,0,None
0,area_thermal_default,so2_emissions,108,108,0,0,None
0,area_thermal_default,nox_emissions,108,108,0,0,None
0,area_thermal_default,pm2_5_emissions,108,108,0,0,None
0,area_thermal_default,pm5_emissions,108,108,0,0,None
0,area_thermal_default,pm10_emissions,108,108,0,0,None
0,area_thermal_default,nmvoc_emissions,108,108,0,0,None
0,area_thermal_default,op1_emissions,108,108,0,0,None
0,area_thermal_default,op2_emissions,108,108,0,0,None
0,area_thermal_default,op3_emissions,108,108,0,0,None
0,area_thermal_default,op4_emissions,108,108,0,0,None
0,area_thermal_default,op5_emissions,108,108,0,0,None
0,area_thermal_default,cluster_availability,108,108,0,0,None
0,area_thermal_default,up_margin,108,108,0,0,None
0,area_thermal_default,min_gen_power,108,108,0,0,None
0,area_thermal_default,down_margin,108,108,0,0,None
0,area_thermal_default,profit,108,108,0,0,None
0,area_node,imbalance_cost,109,109,0,0,None
0,area_node,is_significant_loss_of_load,109,109,0,0,None
0,area_node,is_loss_of_load,109,109,0,0,None
0,area_load,actual_load,109,109,0,5734,None
0,area_node,price,109,109,0,0.29999999476230627,None
0,area_node,balance_port.price,109,109,0,0.29999999476230627,None
0,area_node,is_near_loss_of_load,109,109,0,0,None
0,area_load,balance_port.flow,109,109,0,-5734,None
0,area_wind,generation_power,109,109,0,1189,None
0,area_wind,minus_generation,109,109,0,-1189,None
0,area_wind,balance_port.flow,109,109,0,1189,None
0,area_solar,generation_power,109,109,0,0,None
0,area_solar,minus_generation,109,109,0,-0,None
0,area_solar,balance_port.flow,109,109,0,0,None
0,area_run_of_river,generation_power,109,109,0,0,None
0,area_run_of_river,minus_generation,109,109,0,-0,None
0,area_run_of_river,balance_port.flow,109,109,0,0,None
0,area_combined_heat_power,generation_power,109,109,0,0,None
0,area_combined_heat_power,minus_generation,109,109,0,-0,None
0,area_combined_heat_power,balance_port.flow,109,109,0,0,None
0,area_biomass,generation_power,109,109,0,0,None
0,area_biomass,minus_generation,109,109,0,-0,None
0,area_biomass,balance_port.flow,109,109,0,0,None
0,area_biogas,generation_power,109,109,0,0,None
0,area_biogas,minus_generation,109,109,0,-0,None
0,area_biogas,balance_port.flow,109,109,0,0,None
0,area_waste,generation_power,109,109,0,0,None
0,area_waste,minus_generation,109,109,0,-0,None
0,area_waste,balance_port.flow,109,109,0,0,None
0,area_geothermal,generation_power,109,109,0,0,None
0,area_geothermal,minus_generation,109,109,0,-0,None
0,area_geothermal,balance_port.flow,109,109,0,0,None
0,area_other,generation_power,109,109,0,0,None
0,area_other,minus_generation,109,109,0,-0,None
0,area_other,balance_port.flow,109,109,0,0,None
0,area_pumped_storage_power,generation_power,109,109,0,0,None
0,area_pumped_storage_power,minus_generation,109,109,0,-0,None
0,area_pumped_storage_power,balance_port.flow,109,109,0,0,None
0,area_rest_world,generation_power,109,109,0,0,None
0,area_rest_world,minus_generation,109,109,0,-0,None
0,area_rest_world,balance_port.flow,109,109,0,0,None
0,area_thermal_default,prop_cost,109,109,0,0,None
0,area_thermal_default,balance_port.flow,109,109,0,0,None
0,area_thermal_default,co2_emissions,109,109,0,0,None
0,area_thermal_default,nh3_emissions,109,109,0,0,None
0,area_thermal_default,so2_emissions,109,109,0,0,None
0,area_thermal_default,nox_emissions,109,109,0,0,None
0,area_thermal_default,pm2_5_emissions,109,109,0,0,None
0,area_thermal_default,pm5_emissions,109,109,0,0,None
0,area_thermal_default,pm10_emissions,109,109,0,0,None
0,area_thermal_default,nmvoc_emissions,109,109,0,0,None
0,area_thermal_default,op1_emissions,109,109,0,0,None
0,area_thermal_default,op2_emissions,109,109,0,0,None
0,area_thermal_default,op3_emissions,109,109,0,0,None
0,area_thermal_default,op4_emissions,109,109,0,0,None
0,area_thermal_default,op5_emissions,109,109,0,0,None
0,area_thermal_default,cluster_availability,109,109,0,0,None
0,area_thermal_default,up_margin,109,109,0,0,None
0,area_thermal_default,min_gen_power,109,109,0,0,None
0,area_thermal_default,down_margin,109,109,0,0,None
0,area_thermal_default,profit,109,109,0,0,None
0,area_node,imbalance_cost,110,110,0,0,None
0,area_node,is_significant_loss_of_load,110,110,0,0,None
0,area_node,is_loss_of_load,110,110,0,0,None
0,area_load,actual_load,110,110,0,5550,None
0,area_node,price,110,110,0,0.3000000091326184,None
0,area_node,balance_port.price,110,110,0,0.3000000091326184,None
0,area_node,is_near_loss_of_load,110,110,0,0,None
0,area_load,balance_port.flow,110,110,0,-5550,None
0,area_wind,generation_power,110,110,0,1280,None
0,area_wind,minus_generation,110,110,0,-1280,None
0,area_wind,balance_port.flow,110,110,0,1280,None
0,area_solar,generation_power,110,110,0,0,None
0,area_solar,minus_generation,110,110,0,-0,None
0,area_solar,balance_port.flow,110,110,0,0,None
0,area_run_of_river,generation_power,110,110,0,0,None
0,area_run_of_river,minus_generation,110,110,0,-0,None
0,area_run_of_river,balance_port.flow,110,110,0,0,None
0,area_combined_heat_power,generation_power,110,110,0,0,None
0,area_combined_heat_power,minus_generation,110,110,0,-0,None
0,area_combined_heat_power,balance_port.flow,110,110,0,0,None
0,area_biomass,generation_power,110,110,0,0,None
0,area_biomass,minus_generation,110,110,0,-0,None
0,area_biomass,balance_port.flow,110,110,0,0,None
0,area_biogas,generation_power,110,110,0,0,None
0,area_biogas,minus_generation,110,110,0,-0,None
0,area_biogas,balance_port.flow,110,110,0,0,None
0,area_waste,generation_power,110,110,0,0,None
0,area_waste,minus_generation,110,110,0,-0,None
0,area_waste,balance_port.flow,110,110,0,0,None
0,area_geothermal,generation_power,110,110,0,0,None
0,area_geothermal,minus_generation,110,110,0,-0,None
0,area_geothermal,balance_port.flow,110,110,0,0,None
0,area_other,generation_power,110,110,0,0,None
0,area_other,minus_generation,110,110,0,-0,None
0,area_other,balance_port.flow,110,110,0,0,None
0,area_pumped_storage_power,generation_power,110,110,0,0,None
0,area_pumped_storage_power,minus_generation,110,110,0,-0,None
0,area_pumped_storage_power,balance_port.flow,110,110,0,0,None
0,area_rest_world,generation_power,110,110,0,0,None
0,area_rest_world,minus_generation,110,110,0,-0,None
0,area_rest_world,balance_port.flow,110,110,0,0,None
0,area_thermal_default,prop_cost,110,110,0,0,None
0,area_thermal_default,balance_port.flow,110,110,0,0,None
0,area_thermal_default,co2_emissions,110,110,0,0,None
0,area_thermal_default,nh3_emissions,110,110,0,0,None
0,area_thermal_default,so2_emissions,110,110,0,0,None
0,area_thermal_default,nox_emissions,110,110,0,0,None
0,area_thermal_default,pm2_5_emissions,110,110,0,0,None
0,area_thermal_default,pm5_emissions,110,110,0,0,None
0,area_thermal_default,pm10_emissions,110,110,0,0,None
0,area_thermal_default,nmvoc_emissions,110,110,0,0,None
0,area_thermal_default,op1_emissions,110,110,0,0,None
0,area_thermal_default,op2_emissions,110,110,0,0,None
0,area_thermal_default,op3_emissions,110,110,0,0,None
0,area_thermal_default,op4_emissions,110,110,0,0,None
0,area_thermal_default,op5_emissions,110,110,0,0,None
0,area_thermal_default,cluster_availability,110,110,0,0,None
0,area_thermal_default,up_margin,110,110,0,0,None
0,area_thermal_default,min_gen_power,110,110,0,0,None
0,area_thermal_default,down_margin,110,110,0,0,None
0,area_thermal_default,profit,110,110,0,0,None
0,area_node,imbalance_cost,111,111,0,0,None
0,area_node,is_significant_loss_of_load,111,111,0,0,None
0,area_node,is_loss_of_load,111,111,0,0,None
0,area_load,actual_load,111,111,0,5280,None
0,area_node,price,111,111,0,0.29999999108604986,None
0,area_node,balance_port.price,111,111,0,0.29999999108604986,None
0,area_node,is_near_loss_of_load,111,111,0,0,None
0,area_load,balance_port.flow,111,111,0,-5280,None
0,area_wind,generation_power,111,111,0,1369,None
0,area_wind,minus_generation,111,111,0,-1369,None
0,area_wind,balance_port.flow,111,111,0,1369,None
0,area_solar,generation_power,111,111,0,0,None
0,area_solar,minus_generation,111,111,0,-0,None
0,area_solar,balance_port.flow,111,111,0,0,None
0,area_run_of_river,generation_power,111,111,0,0,None
0,area_run_of_river,minus_generation,111,111,0,-0,None
0,area_run_of_river,balance_port.flow,111,111,0,0,None
0,area_combined_heat_power,generation_power,111,111,0,0,None
0,area_combined_heat_power,minus_generation,111,111,0,-0,None
0,area_combined_heat_power,balance_port.flow,111,111,0,0,None
0,area_biomass,generation_power,111,111,0,0,None
0,area_biomass,minus_generation,111,111,0,-0,None
0,area_biomass,balance_port.flow,111,111,0,0,None
0,area_biogas,generation_power,111,111,0,0,None
0,area_biogas,minus_generation,111,111,0,-0,None
0,area_biogas,balance_port.flow,111,111,0,0,None
0,area_waste,generation_power,111,111,0,0,None
0,area_waste,minus_generation,111,111,0,-0,None
0,area_waste,balance_port.flow,111,111,0,0,None
0,area_geothermal,generation_power,111,111,0,0,None
0,area_geothermal,minus_generation,111,111,0,-0,None
0,area_geothermal,balance_port.flow,111,111,0,0,None
0,area_other,generation_power,111,111,0,0,None
0,area_other,minus_generation,111,111,0,-0,None
0,area_other,balance_port.flow,111,111,0,0,None
0,area_pumped_storage_power,generation_power,111,111,0,0,None
0,area_pumped_storage_power,minus_generation,111,111,0,-0,None
0,area_pumped_storage_power,balance_port.flow,111,111,0,0,None
0,area_rest_world,generation_power,111,111,0,0,None
0,area_rest_world,minus_generation,111,111,0,-0,None
0,area_rest_world,balance_port.flow,111,111,0,0,None
0,area_thermal_default,prop_cost,111,111,0,0,None
0,area_thermal_default,balance_port.flow,111,111,0,0,None
0,area_thermal_default,co2_emissions,111,111,0,0,None
0,area_thermal_default,nh3_emissions,111,111,0,0,None
0,area_thermal_default,so2_emissions,111,111,0,0,None
0,area_thermal_default,nox_emissions,111,111,0,0,None
0,area_thermal_default,pm2_5_emissions,111,111,0,0,None
0,area_thermal_default,pm5_emissions,111,111,0,0,None
0,area_thermal_default,pm10_emissions,111,111,0,0,None
0,area_thermal_default,nmvoc_emissions,111,111,0,0,None
0,area_thermal_default,op1_emissions,111,111,0,0,None
0,area_thermal_default,op2_emissions,111,111,0,0,None
0,area_thermal_default,op3_emissions,111,111,0,0,None
0,area_thermal_default,op4_emissions,111,111,0,0,None
0,area_thermal_default,op5_emissions,111,111,0,0,None
0,area_thermal_default,cluster_availability,111,111,0,0,None
0,area_thermal_default,up_margin,111,111,0,0,None
0,area_thermal_default,min_gen_power,111,111,0,0,None
0,area_thermal_default,down_margin,111,111,0,0,None
0,area_thermal_default,profit,111,111,0,0,None
0,area_node,imbalance_cost,112,112,0,0,None
0,area_node,is_significant_loss_of_load,112,112,0,0,None
0,area_node,is_loss_of_load,112,112,0,0,None
0,area_load,actual_load,112,112,0,5301,None
0,area_node,price,112,112,0,0.2999999979541707,None
0,area_node,balance_port.price,112,112,0,0.2999999979541707,None
0,area_node,is_near_loss_of_load,112,112,0,0,None
0,area_load,balance_port.flow,112,112,0,-5301,None
0,area_wind,generation_power,112,112,0,1206,None
0,area_wind,minus_generation,112,112,0,-1206,None
0,area_wind,balance_port.flow,112,112,0,1206,None
0,area_solar,generation_power,112,112,0,0,None
0,area_solar,minus_generation,112,112,0,-0,None
0,area_solar,balance_port.flow,112,112,0,0,None
0,area_run_of_river,generation_power,112,112,0,0,None
0,area_run_of_river,minus_generation,112,112,0,-0,None
0,area_run_of_river,balance_port.flow,112,112,0,0,None
0,area_combined_heat_power,generation_power,112,112,0,0,None
0,area_combined_heat_power,minus_generation,112,112,0,-0,None
0,area_combined_heat_power,balance_port.flow,112,112,0,0,None
0,area_biomass,generation_power,112,112,0,0,None
0,area_biomass,minus_generation,112,112,0,-0,None
0,area_biomass,balance_port.flow,112,112,0,0,None
0,area_biogas,generation_power,112,112,0,0,None
0,area_biogas,minus_generation,112,112,0,-0,None
0,area_biogas,balance_port.flow,112,112,0,0,None
0,area_waste,generation_power,112,112,0,0,None
0,area_waste,minus_generation,112,112,0,-0,None
0,area_waste,balance_port.flow,112,112,0,0,None
0,area_geothermal,generation_power,112,112,0,0,None
0,area_geothermal,minus_generation,112,112,0,-0,None
0,area_geothermal,balance_port.flow,112,112,0,0,None
0,area_other,generation_power,112,112,0,0,None
0,area_other,minus_generation,112,112,0,-0,None
0,area_other,balance_port.flow,112,112,0,0,None
0,area_pumped_storage_power,generation_power,112,112,0,0,None
0,area_pumped_storage_power,minus_generation,112,112,0,-0,None
0,area_pumped_storage_power,balance_port.flow,112,112,0,0,None
0,area_rest_world,generation_power,112,112,0,0,None
0,area_rest_world,minus_generation,112,112,0,-0,None
0,area_rest_world,balance_port.flow,112,112,0,0,None
0,area_thermal_default,prop_cost,112,112,0,0,None
0,area_thermal_default,balance_port.flow,112,112,0,0,None
0,area_thermal_default,co2_emissions,112,112,0,0,None
0,area_thermal_default,nh3_emissions,112,112,0,0,None
0,area_thermal_default,so2_emissions,112,112,0,0,None
0,area_thermal_default,nox_emissions,112,112,0,0,None
0,area_thermal_default,pm2_5_emissions,112,112,0,0,None
0,area_thermal_default,pm5_emissions,112,112,0,0,None
0,area_thermal_default,pm10_emissions,112,112,0,0,None
0,area_thermal_default,nmvoc_emissions,112,112,0,0,None
0,area_thermal_default,op1_emissions,112,112,0,0,None
0,area_thermal_default,op2_emissions,112,112,0,0,None
0,area_thermal_default,op3_emissions,112,112,0,0,None
0,area_thermal_default,op4_emissions,112,112,0,0,None
0,area_thermal_default,op5_emissions,112,112,0,0,None
0,area_thermal_default,cluster_availability,112,112,0,0,None
0,area_thermal_default,up_margin,112,112,0,0,None
0,area_thermal_default,min_gen_power,112,112,0,0,None
0,area_thermal_default,down_margin,112,112,0,0,None
0,area_thermal_default,profit,112,112,0,0,None
0,area_node,imbalance_cost,113,113,0,0,None
0,area_node,is_significant_loss_of_load,113,113,0,0,None
0,area_node,is_loss_of_load,113,113,0,0,None
0,area_load,actual_load,113,113,0,5592,None
0,area_node,price,113,113,0,0.2999999975328459,None
0,area_node,balance_port.price,113,113,0,0.2999999975328459,None
0,area_node,is_near_loss_of_load,113,113,0,0,None
0,area_load,balance_port.flow,113,113,0,-5592,None
0,area_wind,generation_power,113,113,0,1022,None
0,area_wind,minus_generation,113,113,0,-1022,None
0,area_wind,balance_port.flow,113,113,0,1022,None
0,area_solar,generation_power,113,113,0,0,None
0,area_solar,minus_generation,113,113,0,-0,None
0,area_solar,balance_port.flow,113,113,0,0,None
0,area_run_of_river,generation_power,113,113,0,0,None
0,area_run_of_river,minus_generation,113,113,0,-0,None
0,area_run_of_river,balance_port.flow,113,113,0,0,None
0,area_combined_heat_power,generation_power,113,113,0,0,None
0,area_combined_heat_power,minus_generation,113,113,0,-0,None
0,area_combined_heat_power,balance_port.flow,113,113,0,0,None
0,area_biomass,generation_power,113,113,0,0,None
0,area_biomass,minus_generation,113,113,0,-0,None
0,area_biomass,balance_port.flow,113,113,0,0,None
0,area_biogas,generation_power,113,113,0,0,None
0,area_biogas,minus_generation,113,113,0,-0,None
0,area_biogas,balance_port.flow,113,113,0,0,None
0,area_waste,generation_power,113,113,0,0,None
0,area_waste,minus_generation,113,113,0,-0,None
0,area_waste,balance_port.flow,113,113,0,0,None
0,area_geothermal,generation_power,113,113,0,0,None
0,area_geothermal,minus_generation,113,113,0,-0,None
0,area_geothermal,balance_port.flow,113,113,0,0,None
0,area_other,generation_power,113,113,0,0,None
0,area_other,minus_generation,113,113,0,-0,None
0,area_other,balance_port.flow,113,113,0,0,None
0,area_pumped_storage_power,generation_power,113,113,0,0,None
0,area_pumped_storage_power,minus_generation,113,113,0,-0,None
0,area_pumped_storage_power,balance_port.flow,113,113,0,0,None
0,area_rest_world,generation_power,113,113,0,0,None
0,area_rest_world,minus_generation,113,113,0,-0,None
0,area_rest_world,balance_port.flow,113,113,0,0,None
0,area_thermal_default,prop_cost,113,113,0,0,None
0,area_thermal_default,balance_port.flow,113,113,0,0,None
0,area_thermal_default,co2_emissions,113,113,0,0,None
0,area_thermal_default,nh3_emissions,113,113,0,0,None
0,area_thermal_default,so2_emissions,113,113,0,0,None
0,area_thermal_default,nox_emissions,113,113,0,0,None
0,area_thermal_default,pm2_5_emissions,113,113,0,0,None
0,area_thermal_default,pm5_emissions,113,113,0,0,None
0,area_thermal_default,pm10_emissions,113,113,0,0,None
0,area_thermal_default,nmvoc_emissions,113,113,0,0,None
0,area_thermal_default,op1_emissions,113,113,0,0,None
0,area_thermal_default,op2_emissions,113,113,0,0,None
0,area_thermal_default,op3_emissions,113,113,0,0,None
0,area_thermal_default,op4_emissions,113,113,0,0,None
0,area_thermal_default,op5_emissions,113,113,0,0,None
0,area_thermal_default,cluster_availability,113,113,0,0,None
0,area_thermal_default,up_margin,113,113,0,0,None
0,area_thermal_default,min_gen_power,113,113,0,0,None
0,area_thermal_default,down_margin,113,113,0,0,None
0,area_thermal_default,profit,113,113,0,0,None
0,area_node,imbalance_cost,114,114,0,0,None
0,area_node,is_significant_loss_of_load,114,114,0,0,None
0,area_node,is_loss_of_load,114,114,0,0,None
0,area_load,actual_load,114,114,0,5858,None
0,area_node,price,114,114,0,0.29999999087940055,None
0,area_node,balance_port.price,114,114,0,0.29999999087940055,None
0,area_node,is_near_loss_of_load,114,114,0,0,None
0,area_load,balance_port.flow,114,114,0,-5858,None
0,area_wind,generation_power,114,114,0,1014,None
0,area_wind,minus_generation,114,114,0,-1014,None
0,area_wind,balance_port.flow,114,114,0,1014,None
0,area_solar,generation_power,114,114,0,0,None
0,area_solar,minus_generation,114,114,0,-0,None
0,area_solar,balance_port.flow,114,114,0,0,None
0,area_run_of_river,generation_power,114,114,0,0,None
0,area_run_of_river,minus_generation,114,114,0,-0,None
0,area_run_of_river,balance_port.flow,114,114,0,0,None
0,area_combined_heat_power,generation_power,114,114,0,0,None
0,area_combined_heat_power,minus_generation,114,114,0,-0,None
0,area_combined_heat_power,balance_port.flow,114,114,0,0,None
0,area_biomass,generation_power,114,114,0,0,None
0,area_biomass,minus_generation,114,114,0,-0,None
0,area_biomass,balance_port.flow,114,114,0,0,None
0,area_biogas,generation_power,114,114,0,0,None
0,area_biogas,minus_generation,114,114,0,-0,None
0,area_biogas,balance_port.flow,114,114,0,0,None
0,area_waste,generation_power,114,114,0,0,None
0,area_waste,minus_generation,114,114,0,-0,None
0,area_waste,balance_port.flow,114,114,0,0,None
0,area_geothermal,generation_power,114,114,0,0,None
0,area_geothermal,minus_generation,114,114,0,-0,None
0,area_geothermal,balance_port.flow,114,114,0,0,None
0,area_other,generation_power,114,114,0,0,None
0,area_other,minus_generation,114,114,0,-0,None
0,area_other,balance_port.flow,114,114,0,0,None
0,area_pumped_storage_power,generation_power,114,114,0,0,None
0,area_pumped_storage_power,minus_generation,114,114,0,-0,None
0,area_pumped_storage_power,balance_port.flow,114,114,0,0,None
0,area_rest_world,generation_power,114,114,0,0,None
0,area_rest_world,minus_generation,114,114,0,-0,None
0,area_rest_world,balance_port.flow,114,114,0,0,None
0,area_thermal_default,prop_cost,114,114,0,0,None
0,area_thermal_default,balance_port.flow,114,114,0,0,None
0,area_thermal_default,co2_emissions,114,114,0,0,None
0,area_thermal_default,nh3_emissions,114,114,0,0,None
0,area_thermal_default,so2_emissions,114,114,0,0,None
0,area_thermal_default,nox_emissions,114,114,0,0,None
0,area_thermal_default,pm2_5_emissions,114,114,0,0,None
0,area_thermal_default,pm5_emissions,114,114,0,0,None
0,area_thermal_default,pm10_emissions,114,114,0,0,None
0,area_thermal_default,nmvoc_emissions,114,114,0,0,None
0,area_thermal_default,op1_emissions,114,114,0,0,None
0,area_thermal_default,op2_emissions,114,114,0,0,None
0,area_thermal_default,op3_emissions,114,114,0,0,None
0,area_thermal_default,op4_emissions,114,114,0,0,None
0,area_thermal_default,op5_emissions,114,114,0,0,None
0,area_thermal_default,cluster_availability,114,114,0,0,None
0,area_thermal_default,up_margin,114,114,0,0,None
0,area_thermal_default,min_gen_power,114,114,0,0,None
0,area_thermal_default,down_margin,114,114,0,0,None
0,area_thermal_default,profit,114,114,0,0,None
0,area_node,imbalance_cost,115,115,0,0,None
0,area_node,is_significant_loss_of_load,115,115,0,0,None
0,area_node,is_loss_of_load,115,115,0,0,None
0,area_load,actual_load,115,115,0,5877,None
0,area_node,price,115,115,0,0.2999999908599883,None
0,area_node,balance_port.price,115,115,0,0.2999999908599883,None
0,area_node,is_near_loss_of_load,115,115,0,0,None
0,area_load,balance_port.flow,115,115,0,-5877,None
0,area_wind,generation_power,115,115,0,1091,None
0,area_wind,minus_generation,115,115,0,-1091,None
0,area_wind,balance_port.flow,115,115,0,1091,None
0,area_solar,generation_power,115,115,0,0,None
0,area_solar,minus_generation,115,115,0,-0,None
0,area_solar,balance_port.flow,115,115,0,0,None
0,area_run_of_river,generation_power,115,115,0,0,None
0,area_run_of_river,minus_generation,115,115,0,-0,None
0,area_run_of_river,balance_port.flow,115,115,0,0,None
0,area_combined_heat_power,generation_power,115,115,0,0,None
0,area_combined_heat_power,minus_generation,115,115,0,-0,None
0,area_combined_heat_power,balance_port.flow,115,115,0,0,None
0,area_biomass,generation_power,115,115,0,0,None
0,area_biomass,minus_generation,115,115,0,-0,None
0,area_biomass,balance_port.flow,115,115,0,0,None
0,area_biogas,generation_power,115,115,0,0,None
0,area_biogas,minus_generation,115,115,0,-0,None
0,area_biogas,balance_port.flow,115,115,0,0,None
0,area_waste,generation_power,115,115,0,0,None
0,area_waste,minus_generation,115,115,0,-0,None
0,area_waste,balance_port.flow,115,115,0,0,None
0,area_geothermal,generation_power,115,115,0,0,None
0,area_geothermal,minus_generation,115,115,0,-0,None
0,area_geothermal,balance_port.flow,115,115,0,0,None
0,area_other,generation_power,115,115,0,0,None
0,area_other,minus_generation,115,115,0,-0,None
0,area_other,balance_port.flow,115,115,0,0,None
0,area_pumped_storage_power,generation_power,115,115,0,0,None
0,area_pumped_storage_power,minus_generation,115,115,0,-0,None
0,area_pumped_storage_power,balance_port.flow,115,115,0,0,None
0,area_rest_world,generation_power,115,115,0,0,None
0,area_rest_world,minus_generation,115,115,0,-0,None
0,area_rest_world,balance_port.flow,115,115,0,0,None
0,area_thermal_default,prop_cost,115,115,0,0,None
0,area_thermal_default,balance_port.flow,115,115,0,0,None
0,area_thermal_default,co2_emissions,115,115,0,0,None
0,area_thermal_default,nh3_emissions,115,115,0,0,None
0,area_thermal_default,so2_emissions,115,115,0,0,None
0,area_thermal_default,nox_emissions,115,115,0,0,None
0,area_thermal_default,pm2_5_emissions,115,115,0,0,None
0,area_thermal_default,pm5_emissions,115,115,0,0,None
0,area_thermal_default,pm10_emissions,115,115,0,0,None
0,area_thermal_default,nmvoc_emissions,115,115,0,0,None
0,area_thermal_default,op1_emissions,115,115,0,0,None
0,area_thermal_default,op2_emissions,115,115,0,0,None
0,area_thermal_default,op3_emissions,115,115,0,0,None
0,area_thermal_default,op4_emissions,115,115,0,0,None
0,area_thermal_default,op5_emissions,115,115,0,0,None
0,area_thermal_default,cluster_availability,115,115,0,0,None
0,area_thermal_default,up_margin,115,115,0,0,None
0,area_thermal_default,min_gen_power,115,115,0,0,None
0,area_thermal_default,down_margin,115,115,0,0,None
0,area_thermal_default,profit,115,115,0,0,None
0,area_node,imbalance_cost,116,116,0,0,None
0,area_node,is_significant_loss_of_load,116,116,0,0,None
0,area_node,is_loss_of_load,116,116,0,0,None
0,area_load,actual_load,116,116,0,5389,None
0,area_node,price,116,116,0,0.30000000087089546,None
0,area_node,balance_port.price,116,116,0,0.30000000087089546,None
0,area_node,is_near_loss_of_load,116,116,0,0,None
0,area_load,balance_port.flow,116,116,0,-5389,None
0,area_wind,generation_power,116,116,0,1291,None
0,area_wind,minus_generation,116,116,0,-1291,None
0,area_wind,balance_port.flow,116,116,0,1291,None
0,area_solar,generation_power,116,116,0,0,None
0,area_solar,minus_generation,116,116,0,-0,None
0,area_solar,balance_port.flow,116,116,0,0,None
0,area_run_of_river,generation_power,116,116,0,0,None
0,area_run_of_river,minus_generation,116,116,0,-0,None
0,area_run_of_river,balance_port.flow,116,116,0,0,None
0,area_combined_heat_power,generation_power,116,116,0,0,None
0,area_combined_heat_power,minus_generation,116,116,0,-0,None
0,area_combined_heat_power,balance_port.flow,116,116,0,0,None
0,area_biomass,generation_power,116,116,0,0,None
0,area_biomass,minus_generation,116,116,0,-0,None
0,area_biomass,balance_port.flow,116,116,0,0,None
0,area_biogas,generation_power,116,116,0,0,None
0,area_biogas,minus_generation,116,116,0,-0,None
0,area_biogas,balance_port.flow,116,116,0,0,None
0,area_waste,generation_power,116,116,0,0,None
0,area_waste,minus_generation,116,116,0,-0,None
0,area_waste,balance_port.flow,116,116,0,0,None
0,area_geothermal,generation_power,116,116,0,0,None
0,area_geothermal,minus_generation,116,116,0,-0,None
0,area_geothermal,balance_port.flow,116,116,0,0,None
0,area_other,generation_power,116,116,0,0,None
0,area_other,minus_generation,116,116,0,-0,None
0,area_other,balance_port.flow,116,116,0,0,None
0,area_pumped_storage_power,generation_power,116,116,0,0,None
0,area_pumped_storage_power,minus_generation,116,116,0,-0,None
0,area_pumped_storage_power,balance_port.flow,116,116,0,0,None
0,area_rest_world,generation_power,116,116,0,0,None
0,area_rest_world,minus_generation,116,116,0,-0,None
0,area_rest_world,balance_port.flow,116,116,0,0,None
0,area_thermal_default,prop_cost,116,116,0,0,None
0,area_thermal_default,balance_port.flow,116,116,0,0,None
0,area_thermal_default,co2_emissions,116,116,0,0,None
0,area_thermal_default,nh3_emissions,116,116,0,0,None
0,area_thermal_default,so2_emissions,116,116,0,0,None
0,area_thermal_default,nox_emissions,116,116,0,0,None
0,area_thermal_default,pm2_5_emissions,116,116,0,0,None
0,area_thermal_default,pm5_emissions,116,116,0,0,None
0,area_thermal_default,pm10_emissions,116,116,0,0,None
0,area_thermal_default,nmvoc_emissions,116,116,0,0,None
0,area_thermal_default,op1_emissions,116,116,0,0,None
0,area_thermal_default,op2_emissions,116,116,0,0,None
0,area_thermal_default,op3_emissions,116,116,0,0,None
0,area_thermal_default,op4_emissions,116,116,0,0,None
0,area_thermal_default,op5_emissions,116,116,0,0,None
0,area_thermal_default,cluster_availability,116,116,0,0,None
0,area_thermal_default,up_margin,116,116,0,0,None
0,area_thermal_default,min_gen_power,116,116,0,0,None
0,area_thermal_default,down_margin,116,116,0,0,None
0,area_thermal_default,profit,116,116,0,0,None
0,area_node,imbalance_cost,117,117,0,0,None
0,area_node,is_significant_loss_of_load,117,117,0,0,None
0,area_node,is_loss_of_load,117,117,0,0,None
0,area_load,actual_load,117,117,0,4925,None
0,area_node,price,117,117,0,0.30000000247169506,None
0,area_node,balance_port.price,117,117,0,0.30000000247169506,None
0,area_node,is_near_loss_of_load,117,117,0,0,None
0,area_load,balance_port.flow,117,117,0,-4925,None
0,area_wind,generation_power,117,117,0,1530,None
0,area_wind,minus_generation,117,117,0,-1530,None
0,area_wind,balance_port.flow,117,117,0,1530,None
0,area_solar,generation_power,117,117,0,0,None
0,area_solar,minus_generation,117,117,0,-0,None
0,area_solar,balance_port.flow,117,117,0,0,None
0,area_run_of_river,generation_power,117,117,0,0,None
0,area_run_of_river,minus_generation,117,117,0,-0,None
0,area_run_of_river,balance_port.flow,117,117,0,0,None
0,area_combined_heat_power,generation_power,117,117,0,0,None
0,area_combined_heat_power,minus_generation,117,117,0,-0,None
0,area_combined_heat_power,balance_port.flow,117,117,0,0,None
0,area_biomass,generation_power,117,117,0,0,None
0,area_biomass,minus_generation,117,117,0,-0,None
0,area_biomass,balance_port.flow,117,117,0,0,None
0,area_biogas,generation_power,117,117,0,0,None
0,area_biogas,minus_generation,117,117,0,-0,None
0,area_biogas,balance_port.flow,117,117,0,0,None
0,area_waste,generation_power,117,117,0,0,None
0,area_waste,minus_generation,117,117,0,-0,None
0,area_waste,balance_port.flow,117,117,0,0,None
0,area_geothermal,generation_power,117,117,0,0,None
0,area_geothermal,minus_generation,117,117,0,-0,None
0,area_geothermal,balance_port.flow,117,117,0,0,None
0,area_other,generation_power,117,117,0,0,None
0,area_other,minus_generation,117,117,0,-0,None
0,area_other,balance_port.flow,117,117,0,0,None
0,area_pumped_storage_power,generation_power,117,117,0,0,None
0,area_pumped_storage_power,minus_generation,117,117,0,-0,None
0,area_pumped_storage_power,balance_port.flow,117,117,0,0,None
0,area_rest_world,generation_power,117,117,0,0,None
0,area_rest_world,minus_generation,117,117,0,-0,None
0,area_rest_world,balance_port.flow,117,117,0,0,None
0,area_thermal_default,prop_cost,117,117,0,0,None
0,area_thermal_default,balance_port.flow,117,117,0,0,None
0,area_thermal_default,co2_emissions,117,117,0,0,None
0,area_thermal_default,nh3_emissions,117,117,0,0,None
0,area_thermal_default,so2_emissions,117,117,0,0,None
0,area_thermal_default,nox_emissions,117,117,0,0,None
0,area_thermal_default,pm2_5_emissions,117,117,0,0,None
0,area_thermal_default,pm5_emissions,117,117,0,0,None
0,area_thermal_default,pm10_emissions,117,117,0,0,None
0,area_thermal_default,nmvoc_emissions,117,117,0,0,None
0,area_thermal_default,op1_emissions,117,117,0,0,None
0,area_thermal_default,op2_emissions,117,117,0,0,None
0,area_thermal_default,op3_emissions,117,117,0,0,None
0,area_thermal_default,op4_emissions,117,117,0,0,None
0,area_thermal_default,op5_emissions,117,117,0,0,None
0,area_thermal_default,cluster_availability,117,117,0,0,None
0,area_thermal_default,up_margin,117,117,0,0,None
0,area_thermal_default,min_gen_power,117,117,0,0,None
0,area_thermal_default,down_margin,117,117,0,0,None
0,area_thermal_default,profit,117,117,0,0,None
0,area_node,imbalance_cost,118,118,0,0,None
0,area_node,is_significant_loss_of_load,118,118,0,0,None
0,area_node,is_loss_of_load,118,118,0,0,None
0,area_load,actual_load,118,118,0,5015,None
0,area_node,price,118,118,0,0.30000000412148214,None
0,area_node,balance_port.price,118,118,0,0.30000000412148214,None
0,area_node,is_near_loss_of_load,118,118,0,0,None
0,area_load,balance_port.flow,118,118,0,-5015,None
0,area_wind,generation_power,118,118,0,1736,None
0,area_wind,minus_generation,118,118,0,-1736,None
0,area_wind,balance_port.flow,118,118,0,1736,None
0,area_solar,generation_power,118,118,0,0,None
0,area_solar,minus_generation,118,118,0,-0,None
0,area_solar,balance_port.flow,118,118,0,0,None
0,area_run_of_river,generation_power,118,118,0,0,None
0,area_run_of_river,minus_generation,118,118,0,-0,None
0,area_run_of_river,balance_port.flow,118,118,0,0,None
0,area_combined_heat_power,generation_power,118,118,0,0,None
0,area_combined_heat_power,minus_generation,118,118,0,-0,None
0,area_combined_heat_power,balance_port.flow,118,118,0,0,None
0,area_biomass,generation_power,118,118,0,0,None
0,area_biomass,minus_generation,118,118,0,-0,None
0,area_biomass,balance_port.flow,118,118,0,0,None
0,area_biogas,generation_power,118,118,0,0,None
0,area_biogas,minus_generation,118,118,0,-0,None
0,area_biogas,balance_port.flow,118,118,0,0,None
0,area_waste,generation_power,118,118,0,0,None
0,area_waste,minus_generation,118,118,0,-0,None
0,area_waste,balance_port.flow,118,118,0,0,None
0,area_geothermal,generation_power,118,118,0,0,None
0,area_geothermal,minus_generation,118,118,0,-0,None
0,area_geothermal,balance_port.flow,118,118,0,0,None
0,area_other,generation_power,118,118,0,0,None
0,area_other,minus_generation,118,118,0,-0,None
0,area_other,balance_port.flow,118,118,0,0,None
0,area_pumped_storage_power,generation_power,118,118,0,0,None
0,area_pumped_storage_power,minus_generation,118,118,0,-0,None
0,area_pumped_storage_power,balance_port.flow,118,118,0,0,None
0,area_rest_world,generation_power,118,118,0,0,None
0,area_rest_world,minus_generation,118,118,0,-0,None
0,area_rest_world,balance_port.flow,118,118,0,0,None
0,area_thermal_default,prop_cost,118,118,0,0,None
0,area_thermal_default,balance_port.flow,118,118,0,0,None
0,area_thermal_default,co2_emissions,118,118,0,0,None
0,area_thermal_default,nh3_emissions,118,118,0,0,None
0,area_thermal_default,so2_emissions,118,118,0,0,None
0,area_thermal_default,nox_emissions,118,118,0,0,None
0,area_thermal_default,pm2_5_emissions,118,118,0,0,None
0,area_thermal_default,pm5_emissions,118,118,0,0,None
0,area_thermal_default,pm10_emissions,118,118,0,0,None
0,area_thermal_default,nmvoc_emissions,118,118,0,0,None
0,area_thermal_default,op1_emissions,118,118,0,0,None
0,area_thermal_default,op2_emissions,118,118,0,0,None
0,area_thermal_default,op3_emissions,118,118,0,0,None
0,area_thermal_default,op4_emissions,118,118,0,0,None
0,area_thermal_default,op5_emissions,118,118,0,0,None
0,area_thermal_default,cluster_availability,118,118,0,0,None
0,area_thermal_default,up_margin,118,118,0,0,None
0,area_thermal_default,min_gen_power,118,118,0,0,None
0,area_thermal_default,down_margin,118,118,0,0,None
0,area_thermal_default,profit,118,118,0,0,None
0,area_node,imbalance_cost,119,119,0,0,None
0,area_node,is_significant_loss_of_load,119,119,0,0,None
0,area_node,is_loss_of_load,119,119,0,0,None
0,area_load,actual_load,119,119,0,4990,None
0,area_node,price,119,119,0,0.2999999962003206,None
0,area_node,balance_port.price,119,119,0,0.2999999962003206,None
0,area_node,is_near_loss_of_load,119,119,0,0,None
0,area_load,balance_port.flow,119,119,0,-4990,None
0,area_wind,generation_power,119,119,0,1624,None
0,area_wind,minus_generation,119,119,0,-1624,None
0,area_wind,balance_port.flow,119,119,0,1624,None
0,area_solar,generation_power,119,119,0,0,None
0,area_solar,minus_generation,119,119,0,-0,None
0,area_solar,balance_port.flow,119,119,0,0,None
0,area_run_of_river,generation_power,119,119,0,0,None
0,area_run_of_river,minus_generation,119,119,0,-0,None
0,area_run_of_river,balance_port.flow,119,119,0,0,None
0,area_combined_heat_power,generation_power,119,119,0,0,None
0,area_combined_heat_power,minus_generation,119,119,0,-0,None
0,area_combined_heat_power,balance_port.flow,119,119,0,0,None
0,area_biomass,generation_power,119,119,0,0,None
0,area_biomass,minus_generation,119,119,0,-0,None
0,area_biomass,balance_port.flow,119,119,0,0,None
0,area_biogas,generation_power,119,119,0,0,None
0,area_biogas,minus_generation,119,119,0,-0,None
0,area_biogas,balance_port.flow,119,119,0,0,None
0,area_waste,generation_power,119,119,0,0,None
0,area_waste,minus_generation,119,119,0,-0,None
0,area_waste,balance_port.flow,119,119,0,0,None
0,area_geothermal,generation_power,119,119,0,0,None
0,area_geothermal,minus_generation,119,119,0,-0,None
0,area_geothermal,balance_port.flow,119,119,0,0,None
0,area_other,generation_power,119,119,0,0,None
0,area_other,minus_generation,119,119,0,-0,None
0,area_other,balance_port.flow,119,119,0,0,None
0,area_pumped_storage_power,generation_power,119,119,0,0,None
0,area_pumped_storage_power,minus_generation,119,119,0,-0,None
0,area_pumped_storage_power,balance_port.flow,119,119,0,0,None
0,area_rest_world,generation_power,119,119,0,0,None
0,area_rest_world,minus_generation,119,119,0,-0,None
0,area_rest_world,balance_port.flow,119,119,0,0,None
0,area_thermal_default,prop_cost,119,119,0,0,None
0,area_thermal_default,balance_port.flow,119,119,0,0,None
0,area_thermal_default,co2_emissions,119,119,0,0,None
0,area_thermal_default,nh3_emissions,119,119,0,0,None
0,area_thermal_default,so2_emissions,119,119,0,0,None
0,area_thermal_default,nox_emissions,119,119,0,0,None
0,area_thermal_default,pm2_5_emissions,119,119,0,0,None
0,area_thermal_default,pm5_emissions,119,119,0,0,None
0,area_thermal_default,pm10_emissions,119,119,0,0,None
0,area_thermal_default,nmvoc_emissions,119,119,0,0,None
0,area_thermal_default,op1_emissions,119,119,0,0,None
0,area_thermal_default,op2_emissions,119,119,0,0,None
0,area_thermal_default,op3_emissions,119,119,0,0,None
0,area_thermal_default,op4_emissions,119,119,0,0,None
0,area_thermal_default,op5_emissions,119,119,0,0,None
0,area_thermal_default,cluster_availability,119,119,0,0,None
0,area_thermal_default,up_margin,119,119,0,0,None
0,area_thermal_default,min_gen_power,119,119,0,0,None
0,area_thermal_default,down_margin,119,119,0,0,None
0,area_thermal_default,profit,119,119,0,0,None
0,area_node,imbalance_cost,120,120,0,0,None
0,area_node,is_significant_loss_of_load,120,120,0,0,None
0,area_node,is_loss_of_load,120,120,0,0,None
0,area_load,actual_load,120,120,0,4564,None
0,area_node,price,120,120,0,0.30000000800731014,None
0,area_node,balance_port.price,120,120,0,0.30000000800731014,None
0,area_node,is_near_loss_of_load,120,120,0,0,None
0,area_load,balance_port.flow,120,120,0,-4564,None
0,area_wind,generation_power,120,120,0,1554,None
0,area_wind,minus_generation,120,120,0,-1554,None
0,area_wind,balance_port.flow,120,120,0,1554,None
0,area_solar,generation_power,120,120,0,0,None
0,area_solar,minus_generation,120,120,0,-0,None
0,area_solar,balance_port.flow,120,120,0,0,None
0,area_run_of_river,generation_power,120,120,0,0,None
0,area_run_of_river,minus_generation,120,120,0,-0,None
0,area_run_of_river,balance_port.flow,120,120,0,0,None
0,area_combined_heat_power,generation_power,120,120,0,0,None
0,area_combined_heat_power,minus_generation,120,120,0,-0,None
0,area_combined_heat_power,balance_port.flow,120,120,0,0,None
0,area_biomass,generation_power,120,120,0,0,None
0,area_biomass,minus_generation,120,120,0,-0,None
0,area_biomass,balance_port.flow,120,120,0,0,None
0,area_biogas,generation_power,120,120,0,0,None
0,area_biogas,minus_generation,120,120,0,-0,None
0,area_biogas,balance_port.flow,120,120,0,0,None
0,area_waste,generation_power,120,120,0,0,None
0,area_waste,minus_generation,120,120,0,-0,None
0,area_waste,balance_port.flow,120,120,0,0,None
0,area_geothermal,generation_power,120,120,0,0,None
0,area_geothermal,minus_generation,120,120,0,-0,None
0,area_geothermal,balance_port.flow,120,120,0,0,None
0,area_other,generation_power,120,120,0,0,None
0,area_other,minus_generation,120,120,0,-0,None
0,area_other,balance_port.flow,120,120,0,0,None
0,area_pumped_storage_power,generation_power,120,120,0,0,None
0,area_pumped_storage_power,minus_generation,120,120,0,-0,None
0,area_pumped_storage_power,balance_port.flow,120,120,0,0,None
0,area_rest_world,generation_power,120,120,0,0,None
0,area_rest_world,minus_generation,120,120,0,-0,None
0,area_rest_world,balance_port.flow,120,120,0,0,None
0,area_thermal_default,prop_cost,120,120,0,0,None
0,area_thermal_default,balance_port.flow,120,120,0,0,None
0,area_thermal_default,co2_emissions,120,120,0,0,None
0,area_thermal_default,nh3_emissions,120,120,0,0,None
0,area_thermal_default,so2_emissions,120,120,0,0,None
0,area_thermal_default,nox_emissions,120,120,0,0,None
0,area_thermal_default,pm2_5_emissions,120,120,0,0,None
0,area_thermal_default,pm5_emissions,120,120,0,0,None
0,area_thermal_default,pm10_emissions,120,120,0,0,None
0,area_thermal_default,nmvoc_emissions,120,120,0,0,None
0,area_thermal_default,op1_emissions,120,120,0,0,None
0,area_thermal_default,op2_emissions,120,120,0,0,None
0,area_thermal_default,op3_emissions,120,120,0,0,None
0,area_thermal_default,op4_emissions,120,120,0,0,None
0,area_thermal_default,op5_emissions,120,120,0,0,None
0,area_thermal_default,cluster_availability,120,120,0,0,None
0,area_thermal_default,up_margin,120,120,0,0,None
0,area_thermal_default,min_gen_power,120,120,0,0,None
0,area_thermal_default,down_margin,120,120,0,0,None
0,area_thermal_default,profit,120,120,0,0,None
0,area_node,imbalance_cost,121,121,0,0,None
0,area_node,is_significant_loss_of_load,121,121,0,0,None
0,area_node,is_loss_of_load,121,121,0,0,None
0,area_load,actual_load,121,121,0,4150,None
0,area_node,price,121,121,0,0.3000000069007502,None
0,area_node,balance_port.price,121,121,0,0.3000000069007502,None
0,area_node,is_near_loss_of_load,121,121,0,0,None
0,area_load,balance_port.flow,121,121,0,-4150,None
0,area_wind,generation_power,121,121,0,1609,None
0,area_wind,minus_generation,121,121,0,-1609,None
0,area_wind,balance_port.flow,121,121,0,1609,None
0,area_solar,generation_power,121,121,0,0,None
0,area_solar,minus_generation,121,121,0,-0,None
0,area_solar,balance_port.flow,121,121,0,0,None
0,area_run_of_river,generation_power,121,121,0,0,None
0,area_run_of_river,minus_generation,121,121,0,-0,None
0,area_run_of_river,balance_port.flow,121,121,0,0,None
0,area_combined_heat_power,generation_power,121,121,0,0,None
0,area_combined_heat_power,minus_generation,121,121,0,-0,None
0,area_combined_heat_power,balance_port.flow,121,121,0,0,None
0,area_biomass,generation_power,121,121,0,0,None
0,area_biomass,minus_generation,121,121,0,-0,None
0,area_biomass,balance_port.flow,121,121,0,0,None
0,area_biogas,generation_power,121,121,0,0,None
0,area_biogas,minus_generation,121,121,0,-0,None
0,area_biogas,balance_port.flow,121,121,0,0,None
0,area_waste,generation_power,121,121,0,0,None
0,area_waste,minus_generation,121,121,0,-0,None
0,area_waste,balance_port.flow,121,121,0,0,None
0,area_geothermal,generation_power,121,121,0,0,None
0,area_geothermal,minus_generation,121,121,0,-0,None
0,area_geothermal,balance_port.flow,121,121,0,0,None
0,area_other,generation_power,121,121,0,0,None
0,area_other,minus_generation,121,121,0,-0,None
0,area_other,balance_port.flow,121,121,0,0,None
0,area_pumped_storage_power,generation_power,121,121,0,0,None
0,area_pumped_storage_power,minus_generation,121,121,0,-0,None
0,area_pumped_storage_power,balance_port.flow,121,121,0,0,None
0,area_rest_world,generation_power,121,121,0,0,None
0,area_rest_world,minus_generation,121,121,0,-0,None
0,area_rest_world,balance_port.flow,121,121,0,0,None
0,area_thermal_default,prop_cost,121,121,0,0,None
0,area_thermal_default,balance_port.flow,121,121,0,0,None
0,area_thermal_default,co2_emissions,121,121,0,0,None
0,area_thermal_default,nh3_emissions,121,121,0,0,None
0,area_thermal_default,so2_emissions,121,121,0,0,None
0,area_thermal_default,nox_emissions,121,121,0,0,None
0,area_thermal_default,pm2_5_emissions,121,121,0,0,None
0,area_thermal_default,pm5_emissions,121,121,0,0,None
0,area_thermal_default,pm10_emissions,121,121,0,0,None
0,area_thermal_default,nmvoc_emissions,121,121,0,0,None
0,area_thermal_default,op1_emissions,121,121,0,0,None
0,area_thermal_default,op2_emissions,121,121,0,0,None
0,area_thermal_default,op3_emissions,121,121,0,0,None
0,area_thermal_default,op4_emissions,121,121,0,0,None
0,area_thermal_default,op5_emissions,121,121,0,0,None
0,area_thermal_default,cluster_availability,121,121,0,0,None
0,area_thermal_default,up_margin,121,121,0,0,None
0,area_thermal_default,min_gen_power,121,121,0,0,None
0,area_thermal_default,down_margin,121,121,0,0,None
0,area_thermal_default,profit,121,121,0,0,None
0,area_node,imbalance_cost,122,122,0,0,None
0,area_node,is_significant_loss_of_load,122,122,0,0,None
0,area_node,is_loss_of_load,122,122,0,0,None
0,area_load,actual_load,122,122,0,3899,None
0,area_node,price,122,122,0,0.29999999001255345,None
0,area_node,balance_port.price,122,122,0,0.29999999001255345,None
0,area_node,is_near_loss_of_load,122,122,0,0,None
0,area_load,balance_port.flow,122,122,0,-3899,None
0,area_wind,generation_power,122,122,0,1581,None
0,area_wind,minus_generation,122,122,0,-1581,None
0,area_wind,balance_port.flow,122,122,0,1581,None
0,area_solar,generation_power,122,122,0,0,None
0,area_solar,minus_generation,122,122,0,-0,None
0,area_solar,balance_port.flow,122,122,0,0,None
0,area_run_of_river,generation_power,122,122,0,0,None
0,area_run_of_river,minus_generation,122,122,0,-0,None
0,area_run_of_river,balance_port.flow,122,122,0,0,None
0,area_combined_heat_power,generation_power,122,122,0,0,None
0,area_combined_heat_power,minus_generation,122,122,0,-0,None
0,area_combined_heat_power,balance_port.flow,122,122,0,0,None
0,area_biomass,generation_power,122,122,0,0,None
0,area_biomass,minus_generation,122,122,0,-0,None
0,area_biomass,balance_port.flow,122,122,0,0,None
0,area_biogas,generation_power,122,122,0,0,None
0,area_biogas,minus_generation,122,122,0,-0,None
0,area_biogas,balance_port.flow,122,122,0,0,None
0,area_waste,generation_power,122,122,0,0,None
0,area_waste,minus_generation,122,122,0,-0,None
0,area_waste,balance_port.flow,122,122,0,0,None
0,area_geothermal,generation_power,122,122,0,0,None
0,area_geothermal,minus_generation,122,122,0,-0,None
0,area_geothermal,balance_port.flow,122,122,0,0,None
0,area_other,generation_power,122,122,0,0,None
0,area_other,minus_generation,122,122,0,-0,None
0,area_other,balance_port.flow,122,122,0,0,None
0,area_pumped_storage_power,generation_power,122,122,0,0,None
0,area_pumped_storage_power,minus_generation,122,122,0,-0,None
0,area_pumped_storage_power,balance_port.flow,122,122,0,0,None
0,area_rest_world,generation_power,122,122,0,0,None
0,area_rest_world,minus_generation,122,122,0,-0,None
0,area_rest_world,balance_port.flow,122,122,0,0,None
0,area_thermal_default,prop_cost,122,122,0,0,None
0,area_thermal_default,balance_port.flow,122,122,0,0,None
0,area_thermal_default,co2_emissions,122,122,0,0,None
0,area_thermal_default,nh3_emissions,122,122,0,0,None
0,area_thermal_default,so2_emissions,122,122,0,0,None
0,area_thermal_default,nox_emissions,122,122,0,0,None
0,area_thermal_default,pm2_5_emissions,122,122,0,0,None
0,area_thermal_default,pm5_emissions,122,122,0,0,None
0,area_thermal_default,pm10_emissions,122,122,0,0,None
0,area_thermal_default,nmvoc_emissions,122,122,0,0,None
0,area_thermal_default,op1_emissions,122,122,0,0,None
0,area_thermal_default,op2_emissions,122,122,0,0,None
0,area_thermal_default,op3_emissions,122,122,0,0,None
0,area_thermal_default,op4_emissions,122,122,0,0,None
0,area_thermal_default,op5_emissions,122,122,0,0,None
0,area_thermal_default,cluster_availability,122,122,0,0,None
0,area_thermal_default,up_margin,122,122,0,0,None
0,area_thermal_default,min_gen_power,122,122,0,0,None
0,area_thermal_default,down_margin,122,122,0,0,None
0,area_thermal_default,profit,122,122,0,0,None
0,area_node,imbalance_cost,123,123,0,0,None
0,area_node,is_significant_loss_of_load,123,123,0,0,None
0,area_node,is_loss_of_load,123,123,0,0,None
0,area_load,actual_load,123,123,0,3664,None
0,area_node,price,123,123,0,0.2999999965102369,None
0,area_node,balance_port.price,123,123,0,0.2999999965102369,None
0,area_node,is_near_loss_of_load,123,123,0,0,None
0,area_load,balance_port.flow,123,123,0,-3664,None
0,area_wind,generation_power,123,123,0,1780,None
0,area_wind,minus_generation,123,123,0,-1780,None
0,area_wind,balance_port.flow,123,123,0,1780,None
0,area_solar,generation_power,123,123,0,0,None
0,area_solar,minus_generation,123,123,0,-0,None
0,area_solar,balance_port.flow,123,123,0,0,None
0,area_run_of_river,generation_power,123,123,0,0,None
0,area_run_of_river,minus_generation,123,123,0,-0,None
0,area_run_of_river,balance_port.flow,123,123,0,0,None
0,area_combined_heat_power,generation_power,123,123,0,0,None
0,area_combined_heat_power,minus_generation,123,123,0,-0,None
0,area_combined_heat_power,balance_port.flow,123,123,0,0,None
0,area_biomass,generation_power,123,123,0,0,None
0,area_biomass,minus_generation,123,123,0,-0,None
0,area_biomass,balance_port.flow,123,123,0,0,None
0,area_biogas,generation_power,123,123,0,0,None
0,area_biogas,minus_generation,123,123,0,-0,None
0,area_biogas,balance_port.flow,123,123,0,0,None
0,area_waste,generation_power,123,123,0,0,None
0,area_waste,minus_generation,123,123,0,-0,None
0,area_waste,balance_port.flow,123,123,0,0,None
0,area_geothermal,generation_power,123,123,0,0,None
0,area_geothermal,minus_generation,123,123,0,-0,None
0,area_geothermal,balance_port.flow,123,123,0,0,None
0,area_other,generation_power,123,123,0,0,None
0,area_other,minus_generation,123,123,0,-0,None
0,area_other,balance_port.flow,123,123,0,0,None
0,area_pumped_storage_power,generation_power,123,123,0,0,None
0,area_pumped_storage_power,minus_generation,123,123,0,-0,None
0,area_pumped_storage_power,balance_port.flow,123,123,0,0,None
0,area_rest_world,generation_power,123,123,0,0,None
0,area_rest_world,minus_generation,123,123,0,-0,None
0,area_rest_world,balance_port.flow,123,123,0,0,None
0,area_thermal_default,prop_cost,123,123,0,0,None
0,area_thermal_default,balance_port.flow,123,123,0,0,None
0,area_thermal_default,co2_emissions,123,123,0,0,None
0,area_thermal_default,nh3_emissions,123,123,0,0,None
0,area_thermal_default,so2_emissions,123,123,0,0,None
0,area_thermal_default,nox_emissions,123,123,0,0,None
0,area_thermal_default,pm2_5_emissions,123,123,0,0,None
0,area_thermal_default,pm5_emissions,123,123,0,0,None
0,area_thermal_default,pm10_emissions,123,123,0,0,None
0,area_thermal_default,nmvoc_emissions,123,123,0,0,None
0,area_thermal_default,op1_emissions,123,123,0,0,None
0,area_thermal_default,op2_emissions,123,123,0,0,None
0,area_thermal_default,op3_emissions,123,123,0,0,None
0,area_thermal_default,op4_emissions,123,123,0,0,None
0,area_thermal_default,op5_emissions,123,123,0,0,None
0,area_thermal_default,cluster_availability,123,123,0,0,None
0,area_thermal_default,up_margin,123,123,0,0,None
0,area_thermal_default,min_gen_power,123,123,0,0,None
0,area_thermal_default,down_margin,123,123,0,0,None
0,area_thermal_default,profit,123,123,0,0,None
0,area_node,imbalance_cost,124,124,0,0,None
0,area_node,is_significant_loss_of_load,124,124,0,0,None
0,area_node,is_loss_of_load,124,124,0,0,None
0,area_load,actual_load,124,124,0,3706,None
0,area_node,price,124,124,0,0.3000000099291925,None
0,area_node,balance_port.price,124,124,0,0.3000000099291925,None
0,area_node,is_near_loss_of_load,124,124,0,0,None
0,area_load,balance_port.flow,124,124,0,-3706,None
0,area_wind,generation_power,124,124,0,1880,None
0,area_wind,minus_generation,124,124,0,-1880,None
0,area_wind,balance_port.flow,124,124,0,1880,None
0,area_solar,generation_power,124,124,0,0,None
0,area_solar,minus_generation,124,124,0,-0,None
0,area_solar,balance_port.flow,124,124,0,0,None
0,area_run_of_river,generation_power,124,124,0,0,None
0,area_run_of_river,minus_generation,124,124,0,-0,None
0,area_run_of_river,balance_port.flow,124,124,0,0,None
0,area_combined_heat_power,generation_power,124,124,0,0,None
0,area_combined_heat_power,minus_generation,124,124,0,-0,None
0,area_combined_heat_power,balance_port.flow,124,124,0,0,None
0,area_biomass,generation_power,124,124,0,0,None
0,area_biomass,minus_generation,124,124,0,-0,None
0,area_biomass,balance_port.flow,124,124,0,0,None
0,area_biogas,generation_power,124,124,0,0,None
0,area_biogas,minus_generation,124,124,0,-0,None
0,area_biogas,balance_port.flow,124,124,0,0,None
0,area_waste,generation_power,124,124,0,0,None
0,area_waste,minus_generation,124,124,0,-0,None
0,area_waste,balance_port.flow,124,124,0,0,None
0,area_geothermal,generation_power,124,124,0,0,None
0,area_geothermal,minus_generation,124,124,0,-0,None
0,area_geothermal,balance_port.flow,124,124,0,0,None
0,area_other,generation_power,124,124,0,0,None
0,area_other,minus_generation,124,124,0,-0,None
0,area_other,balance_port.flow,124,124,0,0,None
0,area_pumped_storage_power,generation_power,124,124,0,0,None
0,area_pumped_storage_power,minus_generation,124,124,0,-0,None
0,area_pumped_storage_power,balance_port.flow,124,124,0,0,None
0,area_rest_world,generation_power,124,124,0,0,None
0,area_rest_world,minus_generation,124,124,0,-0,None
0,area_rest_world,balance_port.flow,124,124,0,0,None
0,area_thermal_default,prop_cost,124,124,0,0,None
0,area_thermal_default,balance_port.flow,124,124,0,0,None
0,area_thermal_default,co2_emissions,124,124,0,0,None
0,area_thermal_default,nh3_emissions,124,124,0,0,None
0,area_thermal_default,so2_emissions,124,124,0,0,None
0,area_thermal_default,nox_emissions,124,124,0,0,None
0,area_thermal_default,pm2_5_emissions,124,124,0,0,None
0,area_thermal_default,pm5_emissions,124,124,0,0,None
0,area_thermal_default,pm10_emissions,124,124,0,0,None
0,area_thermal_default,nmvoc_emissions,124,124,0,0,None
0,area_thermal_default,op1_emissions,124,124,0,0,None
0,area_thermal_default,op2_emissions,124,124,0,0,None
0,area_thermal_default,op3_emissions,124,124,0,0,None
0,area_thermal_default,op4_emissions,124,124,0,0,None
0,area_thermal_default,op5_emissions,124,124,0,0,None
0,area_thermal_default,cluster_availability,124,124,0,0,None
0,area_thermal_default,up_margin,124,124,0,0,None
0,area_thermal_default,min_gen_power,124,124,0,0,None
0,area_thermal_default,down_margin,124,124,0,0,None
0,area_thermal_default,profit,124,124,0,0,None
0,area_node,imbalance_cost,125,125,0,0,None
0,area_node,is_significant_loss_of_load,125,125,0,0,None
0,area_node,is_loss_of_load,125,125,0,0,None
0,area_load,actual_load,125,125,0,3884,None
0,area_node,price,125,125,0,0.29999999665195115,None
0,area_node,balance_port.price,125,125,0,0.29999999665195115,None
0,area_node,is_near_loss_of_load,125,125,0,0,None
0,area_load,balance_port.flow,125,125,0,-3884,None
0,area_wind,generation_power,125,125,0,1902,None
0,area_wind,minus_generation,125,125,0,-1902,None
0,area_wind,balance_port.flow,125,125,0,1902,None
0,area_solar,generation_power,125,125,0,0,None
0,area_solar,minus_generation,125,125,0,-0,None
0,area_solar,balance_port.flow,125,125,0,0,None
0,area_run_of_river,generation_power,125,125,0,0,None
0,area_run_of_river,minus_generation,125,125,0,-0,None
0,area_run_of_river,balance_port.flow,125,125,0,0,None
0,area_combined_heat_power,generation_power,125,125,0,0,None
0,area_combined_heat_power,minus_generation,125,125,0,-0,None
0,area_combined_heat_power,balance_port.flow,125,125,0,0,None
0,area_biomass,generation_power,125,125,0,0,None
0,area_biomass,minus_generation,125,125,0,-0,None
0,area_biomass,balance_port.flow,125,125,0,0,None
0,area_biogas,generation_power,125,125,0,0,None
0,area_biogas,minus_generation,125,125,0,-0,None
0,area_biogas,balance_port.flow,125,125,0,0,None
0,area_waste,generation_power,125,125,0,0,None
0,area_waste,minus_generation,125,125,0,-0,None
0,area_waste,balance_port.flow,125,125,0,0,None
0,area_geothermal,generation_power,125,125,0,0,None
0,area_geothermal,minus_generation,125,125,0,-0,None
0,area_geothermal,balance_port.flow,125,125,0,0,None
0,area_other,generation_power,125,125,0,0,None
0,area_other,minus_generation,125,125,0,-0,None
0,area_other,balance_port.flow,125,125,0,0,None
0,area_pumped_storage_power,generation_power,125,125,0,0,None
0,area_pumped_storage_power,minus_generation,125,125,0,-0,None
0,area_pumped_storage_power,balance_port.flow,125,125,0,0,None
0,area_rest_world,generation_power,125,125,0,0,None
0,area_rest_world,minus_generation,125,125,0,-0,None
0,area_rest_world,balance_port.flow,125,125,0,0,None
0,area_thermal_default,prop_cost,125,125,0,0,None
0,area_thermal_default,balance_port.flow,125,125,0,0,None
0,area_thermal_default,co2_emissions,125,125,0,0,None
0,area_thermal_default,nh3_emissions,125,125,0,0,None
0,area_thermal_default,so2_emissions,125,125,0,0,None
0,area_thermal_default,nox_emissions,125,125,0,0,None
0,area_thermal_default,pm2_5_emissions,125,125,0,0,None
0,area_thermal_default,pm5_emissions,125,125,0,0,None
0,area_thermal_default,pm10_emissions,125,125,0,0,None
0,area_thermal_default,nmvoc_emissions,125,125,0,0,None
0,area_thermal_default,op1_emissions,125,125,0,0,None
0,area_thermal_default,op2_emissions,125,125,0,0,None
0,area_thermal_default,op3_emissions,125,125,0,0,None
0,area_thermal_default,op4_emissions,125,125,0,0,None
0,area_thermal_default,op5_emissions,125,125,0,0,None
0,area_thermal_default,cluster_availability,125,125,0,0,None
0,area_thermal_default,up_margin,125,125,0,0,None
0,area_thermal_default,min_gen_power,125,125,0,0,None
0,area_thermal_default,down_margin,125,125,0,0,None
0,area_thermal_default,profit,125,125,0,0,None
0,area_node,imbalance_cost,126,126,0,0,None
0,area_node,is_significant_loss_of_load,126,126,0,0,None
0,area_node,is_loss_of_load,126,126,0,0,None
0,area_load,actual_load,126,126,0,4023,None
0,area_node,price,126,126,0,0.2999999927370666,None
0,area_node,balance_port.price,126,126,0,0.2999999927370666,None
0,area_node,is_near_loss_of_load,126,126,0,0,None
0,area_load,balance_port.flow,126,126,0,-4023,None
0,area_wind,generation_power,126,126,0,1770,None
0,area_wind,minus_generation,126,126,0,-1770,None
0,area_wind,balance_port.flow,126,126,0,1770,None
0,area_solar,generation_power,126,126,0,0,None
0,area_solar,minus_generation,126,126,0,-0,None
0,area_solar,balance_port.flow,126,126,0,0,None
0,area_run_of_river,generation_power,126,126,0,0,None
0,area_run_of_river,minus_generation,126,126,0,-0,None
0,area_run_of_river,balance_port.flow,126,126,0,0,None
0,area_combined_heat_power,generation_power,126,126,0,0,None
0,area_combined_heat_power,minus_generation,126,126,0,-0,None
0,area_combined_heat_power,balance_port.flow,126,126,0,0,None
0,area_biomass,generation_power,126,126,0,0,None
0,area_biomass,minus_generation,126,126,0,-0,None
0,area_biomass,balance_port.flow,126,126,0,0,None
0,area_biogas,generation_power,126,126,0,0,None
0,area_biogas,minus_generation,126,126,0,-0,None
0,area_biogas,balance_port.flow,126,126,0,0,None
0,area_waste,generation_power,126,126,0,0,None
0,area_waste,minus_generation,126,126,0,-0,None
0,area_waste,balance_port.flow,126,126,0,0,None
0,area_geothermal,generation_power,126,126,0,0,None
0,area_geothermal,minus_generation,126,126,0,-0,None
0,area_geothermal,balance_port.flow,126,126,0,0,None
0,area_other,generation_power,126,126,0,0,None
0,area_other,minus_generation,126,126,0,-0,None
0,area_other,balance_port.flow,126,126,0,0,None
0,area_pumped_storage_power,generation_power,126,126,0,0,None
0,area_pumped_storage_power,minus_generation,126,126,0,-0,None
0,area_pumped_storage_power,balance_port.flow,126,126,0,0,None
0,area_rest_world,generation_power,126,126,0,0,None
0,area_rest_world,minus_generation,126,126,0,-0,None
0,area_rest_world,balance_port.flow,126,126,0,0,None
0,area_thermal_default,prop_cost,126,126,0,0,None
0,area_thermal_default,balance_port.flow,126,126,0,0,None
0,area_thermal_default,co2_emissions,126,126,0,0,None
0,area_thermal_default,nh3_emissions,126,126,0,0,None
0,area_thermal_default,so2_emissions,126,126,0,0,None
0,area_thermal_default,nox_emissions,126,126,0,0,None
0,area_thermal_default,pm2_5_emissions,126,126,0,0,None
0,area_thermal_default,pm5_emissions,126,126,0,0,None
0,area_thermal_default,pm10_emissions,126,126,0,0,None
0,area_thermal_default,nmvoc_emissions,126,126,0,0,None
0,area_thermal_default,op1_emissions,126,126,0,0,None
0,area_thermal_default,op2_emissions,126,126,0,0,None
0,area_thermal_default,op3_emissions,126,126,0,0,None
0,area_thermal_default,op4_emissions,126,126,0,0,None
0,area_thermal_default,op5_emissions,126,126,0,0,None
0,area_thermal_default,cluster_availability,126,126,0,0,None
0,area_thermal_default,up_margin,126,126,0,0,None
0,area_thermal_default,min_gen_power,126,126,0,0,None
0,area_thermal_default,down_margin,126,126,0,0,None
0,area_thermal_default,profit,126,126,0,0,None
0,area_node,imbalance_cost,127,127,0,0,None
0,area_node,is_significant_loss_of_load,127,127,0,0,None
0,area_node,is_loss_of_load,127,127,0,0,None
0,area_load,actual_load,127,127,0,4369,None
0,area_node,price,127,127,0,0.3000000047823713,None
0,area_node,balance_port.price,127,127,0,0.3000000047823713,None
0,area_node,is_near_loss_of_load,127,127,0,0,None
0,area_load,balance_port.flow,127,127,0,-4369,None
0,area_wind,generation_power,127,127,0,1760,None
0,area_wind,minus_generation,127,127,0,-1760,None
0,area_wind,balance_port.flow,127,127,0,1760,None
0,area_solar,generation_power,127,127,0,0,None
0,area_solar,minus_generation,127,127,0,-0,None
0,area_solar,balance_port.flow,127,127,0,0,None
0,area_run_of_river,generation_power,127,127,0,0,None
0,area_run_of_river,minus_generation,127,127,0,-0,None
0,area_run_of_river,balance_port.flow,127,127,0,0,None
0,area_combined_heat_power,generation_power,127,127,0,0,None
0,area_combined_heat_power,minus_generation,127,127,0,-0,None
0,area_combined_heat_power,balance_port.flow,127,127,0,0,None
0,area_biomass,generation_power,127,127,0,0,None
0,area_biomass,minus_generation,127,127,0,-0,None
0,area_biomass,balance_port.flow,127,127,0,0,None
0,area_biogas,generation_power,127,127,0,0,None
0,area_biogas,minus_generation,127,127,0,-0,None
0,area_biogas,balance_port.flow,127,127,0,0,None
0,area_waste,generation_power,127,127,0,0,None
0,area_waste,minus_generation,127,127,0,-0,None
0,area_waste,balance_port.flow,127,127,0,0,None
0,area_geothermal,generation_power,127,127,0,0,None
0,area_geothermal,minus_generation,127,127,0,-0,None
0,area_geothermal,balance_port.flow,127,127,0,0,None
0,area_other,generation_power,127,127,0,0,None
0,area_other,minus_generation,127,127,0,-0,None
0,area_other,balance_port.flow,127,127,0,0,None
0,area_pumped_storage_power,generation_power,127,127,0,0,None
0,area_pumped_storage_power,minus_generation,127,127,0,-0,None
0,area_pumped_storage_power,balance_port.flow,127,127,0,0,None
0,area_rest_world,generation_power,127,127,0,0,None
0,area_rest_world,minus_generation,127,127,0,-0,None
0,area_rest_world,balance_port.flow,127,127,0,0,None
0,area_thermal_default,prop_cost,127,127,0,0,None
0,area_thermal_default,balance_port.flow,127,127,0,0,None
0,area_thermal_default,co2_emissions,127,127,0,0,None
0,area_thermal_default,nh3_emissions,127,127,0,0,None
0,area_thermal_default,so2_emissions,127,127,0,0,None
0,area_thermal_default,nox_emissions,127,127,0,0,None
0,area_thermal_default,pm2_5_emissions,127,127,0,0,None
0,area_thermal_default,pm5_emissions,127,127,0,0,None
0,area_thermal_default,pm10_emissions,127,127,0,0,None
0,area_thermal_default,nmvoc_emissions,127,127,0,0,None
0,area_thermal_default,op1_emissions,127,127,0,0,None
0,area_thermal_default,op2_emissions,127,127,0,0,None
0,area_thermal_default,op3_emissions,127,127,0,0,None
0,area_thermal_default,op4_emissions,127,127,0,0,None
0,area_thermal_default,op5_emissions,127,127,0,0,None
0,area_thermal_default,cluster_availability,127,127,0,0,None
0,area_thermal_default,up_margin,127,127,0,0,None
0,area_thermal_default,min_gen_power,127,127,0,0,None
0,area_thermal_default,down_margin,127,127,0,0,None
0,area_thermal_default,profit,127,127,0,0,None
0,area_node,imbalance_cost,128,128,0,0,None
0,area_node,is_significant_loss_of_load,128,128,0,0,None
0,area_node,is_loss_of_load,128,128,0,0,None
0,area_load,actual_load,128,128,0,4739,None
0,area_node,price,128,128,0,0.2999999929974929,None
0,area_node,balance_port.price,128,128,0,0.2999999929974929,None
0,area_node,is_near_loss_of_load,128,128,0,0,None
0,area_load,balance_port.flow,128,128,0,-4739,None
0,area_wind,generation_power,128,128,0,1489,None
0,area_wind,minus_generation,128,128,0,-1489,None
0,area_wind,balance_port.flow,128,128,0,1489,None
0,area_solar,generation_power,128,128,0,0,None
0,area_solar,minus_generation,128,128,0,-0,None
0,area_solar,balance_port.flow,128,128,0,0,None
0,area_run_of_river,generation_power,128,128,0,0,None
0,area_run_of_river,minus_generation,128,128,0,-0,None
0,area_run_of_river,balance_port.flow,128,128,0,0,None
0,area_combined_heat_power,generation_power,128,128,0,0,None
0,area_combined_heat_power,minus_generation,128,128,0,-0,None
0,area_combined_heat_power,balance_port.flow,128,128,0,0,None
0,area_biomass,generation_power,128,128,0,0,None
0,area_biomass,minus_generation,128,128,0,-0,None
0,area_biomass,balance_port.flow,128,128,0,0,None
0,area_biogas,generation_power,128,128,0,0,None
0,area_biogas,minus_generation,128,128,0,-0,None
0,area_biogas,balance_port.flow,128,128,0,0,None
0,area_waste,generation_power,128,128,0,0,None
0,area_waste,minus_generation,128,128,0,-0,None
0,area_waste,balance_port.flow,128,128,0,0,None
0,area_geothermal,generation_power,128,128,0,0,None
0,area_geothermal,minus_generation,128,128,0,-0,None
0,area_geothermal,balance_port.flow,128,128,0,0,None
0,area_other,generation_power,128,128,0,0,None
0,area_other,minus_generation,128,128,0,-0,None
0,area_other,balance_port.flow,128,128,0,0,None
0,area_pumped_storage_power,generation_power,128,128,0,0,None
0,area_pumped_storage_power,minus_generation,128,128,0,-0,None
0,area_pumped_storage_power,balance_port.flow,128,128,0,0,None
0,area_rest_world,generation_power,128,128,0,0,None
0,area_rest_world,minus_generation,128,128,0,-0,None
0,area_rest_world,balance_port.flow,128,128,0,0,None
0,area_thermal_default,prop_cost,128,128,0,0,None
0,area_thermal_default,balance_port.flow,128,128,0,0,None
0,area_thermal_default,co2_emissions,128,128,0,0,None
0,area_thermal_default,nh3_emissions,128,128,0,0,None
0,area_thermal_default,so2_emissions,128,128,0,0,None
0,area_thermal_default,nox_emissions,128,128,0,0,None
0,area_thermal_default,pm2_5_emissions,128,128,0,0,None
0,area_thermal_default,pm5_emissions,128,128,0,0,None
0,area_thermal_default,pm10_emissions,128,128,0,0,None
0,area_thermal_default,nmvoc_emissions,128,128,0,0,None
0,area_thermal_default,op1_emissions,128,128,0,0,None
0,area_thermal_default,op2_emissions,128,128,0,0,None
0,area_thermal_default,op3_emissions,128,128,0,0,None
0,area_thermal_default,op4_emissions,128,128,0,0,None
0,area_thermal_default,op5_emissions,128,128,0,0,None
0,area_thermal_default,cluster_availability,128,128,0,0,None
0,area_thermal_default,up_margin,128,128,0,0,None
0,area_thermal_default,min_gen_power,128,128,0,0,None
0,area_thermal_default,down_margin,128,128,0,0,None
0,area_thermal_default,profit,128,128,0,0,None
0,area_node,imbalance_cost,129,129,0,0,None
0,area_node,is_significant_loss_of_load,129,129,0,0,None
0,area_node,is_loss_of_load,129,129,0,0,None
0,area_load,actual_load,129,129,0,5050,None
0,area_node,price,129,129,0,0.29999999640946473,None
0,area_node,balance_port.price,129,129,0,0.29999999640946473,None
0,area_node,is_near_loss_of_load,129,129,0,0,None
0,area_load,balance_port.flow,129,129,0,-5050,None
0,area_wind,generation_power,129,129,0,1260,None
0,area_wind,minus_generation,129,129,0,-1260,None
0,area_wind,balance_port.flow,129,129,0,1260,None
0,area_solar,generation_power,129,129,0,0,None
0,area_solar,minus_generation,129,129,0,-0,None
0,area_solar,balance_port.flow,129,129,0,0,None
0,area_run_of_river,generation_power,129,129,0,0,None
0,area_run_of_river,minus_generation,129,129,0,-0,None
0,area_run_of_river,balance_port.flow,129,129,0,0,None
0,area_combined_heat_power,generation_power,129,129,0,0,None
0,area_combined_heat_power,minus_generation,129,129,0,-0,None
0,area_combined_heat_power,balance_port.flow,129,129,0,0,None
0,area_biomass,generation_power,129,129,0,0,None
0,area_biomass,minus_generation,129,129,0,-0,None
0,area_biomass,balance_port.flow,129,129,0,0,None
0,area_biogas,generation_power,129,129,0,0,None
0,area_biogas,minus_generation,129,129,0,-0,None
0,area_biogas,balance_port.flow,129,129,0,0,None
0,area_waste,generation_power,129,129,0,0,None
0,area_waste,minus_generation,129,129,0,-0,None
0,area_waste,balance_port.flow,129,129,0,0,None
0,area_geothermal,generation_power,129,129,0,0,None
0,area_geothermal,minus_generation,129,129,0,-0,None
0,area_geothermal,balance_port.flow,129,129,0,0,None
0,area_other,generation_power,129,129,0,0,None
0,area_other,minus_generation,129,129,0,-0,None
0,area_other,balance_port.flow,129,129,0,0,None
0,area_pumped_storage_power,generation_power,129,129,0,0,None
0,area_pumped_storage_power,minus_generation,129,129,0,-0,None
0,area_pumped_storage_power,balance_port.flow,129,129,0,0,None
0,area_rest_world,generation_power,129,129,0,0,None
0,area_rest_world,minus_generation,129,129,0,-0,None
0,area_rest_world,balance_port.flow,129,129,0,0,None
0,area_thermal_default,prop_cost,129,129,0,0,None
0,area_thermal_default,balance_port.flow,129,129,0,0,None
0,area_thermal_default,co2_emissions,129,129,0,0,None
0,area_thermal_default,nh3_emissions,129,129,0,0,None
0,area_thermal_default,so2_emissions,129,129,0,0,None
0,area_thermal_default,nox_emissions,129,129,0,0,None
0,area_thermal_default,pm2_5_emissions,129,129,0,0,None
0,area_thermal_default,pm5_emissions,129,129,0,0,None
0,area_thermal_default,pm10_emissions,129,129,0,0,None
0,area_thermal_default,nmvoc_emissions,129,129,0,0,None
0,area_thermal_default,op1_emissions,129,129,0,0,None
0,area_thermal_default,op2_emissions,129,129,0,0,None
0,area_thermal_default,op3_emissions,129,129,0,0,None
0,area_thermal_default,op4_emissions,129,129,0,0,None
0,area_thermal_default,op5_emissions,129,129,0,0,None
0,area_thermal_default,cluster_availability,129,129,0,0,None
0,area_thermal_default,up_margin,129,129,0,0,None
0,area_thermal_default,min_gen_power,129,129,0,0,None
0,area_thermal_default,down_margin,129,129,0,0,None
0,area_thermal_default,profit,129,129,0,0,None
0,area_node,imbalance_cost,130,130,0,0,None
0,area_node,is_significant_loss_of_load,130,130,0,0,None
0,area_node,is_loss_of_load,130,130,0,0,None
0,area_load,actual_load,130,130,0,5054,None
0,area_node,price,130,130,0,0.29999999733264215,None
0,area_node,balance_port.price,130,130,0,0.29999999733264215,None
0,area_node,is_near_loss_of_load,130,130,0,0,None
0,area_load,balance_port.flow,130,130,0,-5054,None
0,area_wind,generation_power,130,130,0,1242,None
0,area_wind,minus_generation,130,130,0,-1242,None
0,area_wind,balance_port.flow,130,130,0,1242,None
0,area_solar,generation_power,130,130,0,0,None
0,area_solar,minus_generation,130,130,0,-0,None
0,area_solar,balance_port.flow,130,130,0,0,None
0,area_run_of_river,generation_power,130,130,0,0,None
0,area_run_of_river,minus_generation,130,130,0,-0,None
0,area_run_of_river,balance_port.flow,130,130,0,0,None
0,area_combined_heat_power,generation_power,130,130,0,0,None
0,area_combined_heat_power,minus_generation,130,130,0,-0,None
0,area_combined_heat_power,balance_port.flow,130,130,0,0,None
0,area_biomass,generation_power,130,130,0,0,None
0,area_biomass,minus_generation,130,130,0,-0,None
0,area_biomass,balance_port.flow,130,130,0,0,None
0,area_biogas,generation_power,130,130,0,0,None
0,area_biogas,minus_generation,130,130,0,-0,None
0,area_biogas,balance_port.flow,130,130,0,0,None
0,area_waste,generation_power,130,130,0,0,None
0,area_waste,minus_generation,130,130,0,-0,None
0,area_waste,balance_port.flow,130,130,0,0,None
0,area_geothermal,generation_power,130,130,0,0,None
0,area_geothermal,minus_generation,130,130,0,-0,None
0,area_geothermal,balance_port.flow,130,130,0,0,None
0,area_other,generation_power,130,130,0,0,None
0,area_other,minus_generation,130,130,0,-0,None
0,area_other,balance_port.flow,130,130,0,0,None
0,area_pumped_storage_power,generation_power,130,130,0,0,None
0,area_pumped_storage_power,minus_generation,130,130,0,-0,None
0,area_pumped_storage_power,balance_port.flow,130,130,0,0,None
0,area_rest_world,generation_power,130,130,0,0,None
0,area_rest_world,minus_generation,130,130,0,-0,None
0,area_rest_world,balance_port.flow,130,130,0,0,None
0,area_thermal_default,prop_cost,130,130,0,0,None
0,area_thermal_default,balance_port.flow,130,130,0,0,None
0,area_thermal_default,co2_emissions,130,130,0,0,None
0,area_thermal_default,nh3_emissions,130,130,0,0,None
0,area_thermal_default,so2_emissions,130,130,0,0,None
0,area_thermal_default,nox_emissions,130,130,0,0,None
0,area_thermal_default,pm2_5_emissions,130,130,0,0,None
0,area_thermal_default,pm5_emissions,130,130,0,0,None
0,area_thermal_default,pm10_emissions,130,130,0,0,None
0,area_thermal_default,nmvoc_emissions,130,130,0,0,None
0,area_thermal_default,op1_emissions,130,130,0,0,None
0,area_thermal_default,op2_emissions,130,130,0,0,None
0,area_thermal_default,op3_emissions,130,130,0,0,None
0,area_thermal_default,op4_emissions,130,130,0,0,None
0,area_thermal_default,op5_emissions,130,130,0,0,None
0,area_thermal_default,cluster_availability,130,130,0,0,None
0,area_thermal_default,up_margin,130,130,0,0,None
0,area_thermal_default,min_gen_power,130,130,0,0,None
0,area_thermal_default,down_margin,130,130,0,0,None
0,area_thermal_default,profit,130,130,0,0,None
0,area_node,imbalance_cost,131,131,0,0,None
0,area_node,is_significant_loss_of_load,131,131,0,0,None
0,area_node,is_loss_of_load,131,131,0,0,None
0,area_load,actual_load,131,131,0,5209,None
0,area_node,price,131,131,0,0.2999999983792416,None
0,area_node,balance_port.price,131,131,0,0.2999999983792416,None
0,area_node,is_near_loss_of_load,131,131,0,0,None
0,area_load,balance_port.flow,131,131,0,-5209,None
0,area_wind,generation_power,131,131,0,1279,None
0,area_wind,minus_generation,131,131,0,-1279,None
0,area_wind,balance_port.flow,131,131,0,1279,None
0,area_solar,generation_power,131,131,0,0,None
0,area_solar,minus_generation,131,131,0,-0,None
0,area_solar,balance_port.flow,131,131,0,0,None
0,area_run_of_river,generation_power,131,131,0,0,None
0,area_run_of_river,minus_generation,131,131,0,-0,None
0,area_run_of_river,balance_port.flow,131,131,0,0,None
0,area_combined_heat_power,generation_power,131,131,0,0,None
0,area_combined_heat_power,minus_generation,131,131,0,-0,None
0,area_combined_heat_power,balance_port.flow,131,131,0,0,None
0,area_biomass,generation_power,131,131,0,0,None
0,area_biomass,minus_generation,131,131,0,-0,None
0,area_biomass,balance_port.flow,131,131,0,0,None
0,area_biogas,generation_power,131,131,0,0,None
0,area_biogas,minus_generation,131,131,0,-0,None
0,area_biogas,balance_port.flow,131,131,0,0,None
0,area_waste,generation_power,131,131,0,0,None
0,area_waste,minus_generation,131,131,0,-0,None
0,area_waste,balance_port.flow,131,131,0,0,None
0,area_geothermal,generation_power,131,131,0,0,None
0,area_geothermal,minus_generation,131,131,0,-0,None
0,area_geothermal,balance_port.flow,131,131,0,0,None
0,area_other,generation_power,131,131,0,0,None
0,area_other,minus_generation,131,131,0,-0,None
0,area_other,balance_port.flow,131,131,0,0,None
0,area_pumped_storage_power,generation_power,131,131,0,0,None
0,area_pumped_storage_power,minus_generation,131,131,0,-0,None
0,area_pumped_storage_power,balance_port.flow,131,131,0,0,None
0,area_rest_world,generation_power,131,131,0,0,None
0,area_rest_world,minus_generation,131,131,0,-0,None
0,area_rest_world,balance_port.flow,131,131,0,0,None
0,area_thermal_default,prop_cost,131,131,0,0,None
0,area_thermal_default,balance_port.flow,131,131,0,0,None
0,area_thermal_default,co2_emissions,131,131,0,0,None
0,area_thermal_default,nh3_emissions,131,131,0,0,None
0,area_thermal_default,so2_emissions,131,131,0,0,None
0,area_thermal_default,nox_emissions,131,131,0,0,None
0,area_thermal_default,pm2_5_emissions,131,131,0,0,None
0,area_thermal_default,pm5_emissions,131,131,0,0,None
0,area_thermal_default,pm10_emissions,131,131,0,0,None
0,area_thermal_default,nmvoc_emissions,131,131,0,0,None
0,area_thermal_default,op1_emissions,131,131,0,0,None
0,area_thermal_default,op2_emissions,131,131,0,0,None
0,area_thermal_default,op3_emissions,131,131,0,0,None
0,area_thermal_default,op4_emissions,131,131,0,0,None
0,area_thermal_default,op5_emissions,131,131,0,0,None
0,area_thermal_default,cluster_availability,131,131,0,0,None
0,area_thermal_default,up_margin,131,131,0,0,None
0,area_thermal_default,min_gen_power,131,131,0,0,None
0,area_thermal_default,down_margin,131,131,0,0,None
0,area_thermal_default,profit,131,131,0,0,None
0,area_node,imbalance_cost,132,132,0,0,None
0,area_node,is_significant_loss_of_load,132,132,0,0,None
0,area_node,is_loss_of_load,132,132,0,0,None
0,area_load,actual_load,132,132,0,5196,None
0,area_node,price,132,132,0,0.2999999950666565,None
0,area_node,balance_port.price,132,132,0,0.2999999950666565,None
0,area_node,is_near_loss_of_load,132,132,0,0,None
0,area_load,balance_port.flow,132,132,0,-5196,None
0,area_wind,generation_power,132,132,0,1360,None
0,area_wind,minus_generation,132,132,0,-1360,None
0,area_wind,balance_port.flow,132,132,0,1360,None
0,area_solar,generation_power,132,132,0,0,None
0,area_solar,minus_generation,132,132,0,-0,None
0,area_solar,balance_port.flow,132,132,0,0,None
0,area_run_of_river,generation_power,132,132,0,0,None
0,area_run_of_river,minus_generation,132,132,0,-0,None
0,area_run_of_river,balance_port.flow,132,132,0,0,None
0,area_combined_heat_power,generation_power,132,132,0,0,None
0,area_combined_heat_power,minus_generation,132,132,0,-0,None
0,area_combined_heat_power,balance_port.flow,132,132,0,0,None
0,area_biomass,generation_power,132,132,0,0,None
0,area_biomass,minus_generation,132,132,0,-0,None
0,area_biomass,balance_port.flow,132,132,0,0,None
0,area_biogas,generation_power,132,132,0,0,None
0,area_biogas,minus_generation,132,132,0,-0,None
0,area_biogas,balance_port.flow,132,132,0,0,None
0,area_waste,generation_power,132,132,0,0,None
0,area_waste,minus_generation,132,132,0,-0,None
0,area_waste,balance_port.flow,132,132,0,0,None
0,area_geothermal,generation_power,132,132,0,0,None
0,area_geothermal,minus_generation,132,132,0,-0,None
0,area_geothermal,balance_port.flow,132,132,0,0,None
0,area_other,generation_power,132,132,0,0,None
0,area_other,minus_generation,132,132,0,-0,None
0,area_other,balance_port.flow,132,132,0,0,None
0,area_pumped_storage_power,generation_power,132,132,0,0,None
0,area_pumped_storage_power,minus_generation,132,132,0,-0,None
0,area_pumped_storage_power,balance_port.flow,132,132,0,0,None
0,area_rest_world,generation_power,132,132,0,0,None
0,area_rest_world,minus_generation,132,132,0,-0,None
0,area_rest_world,balance_port.flow,132,132,0,0,None
0,area_thermal_default,prop_cost,132,132,0,0,None
0,area_thermal_default,balance_port.flow,132,132,0,0,None
0,area_thermal_default,co2_emissions,132,132,0,0,None
0,area_thermal_default,nh3_emissions,132,132,0,0,None
0,area_thermal_default,so2_emissions,132,132,0,0,None
0,area_thermal_default,nox_emissions,132,132,0,0,None
0,area_thermal_default,pm2_5_emissions,132,132,0,0,None
0,area_thermal_default,pm5_emissions,132,132,0,0,None
0,area_thermal_default,pm10_emissions,132,132,0,0,None
0,area_thermal_default,nmvoc_emissions,132,132,0,0,None
0,area_thermal_default,op1_emissions,132,132,0,0,None
0,area_thermal_default,op2_emissions,132,132,0,0,None
0,area_thermal_default,op3_emissions,132,132,0,0,None
0,area_thermal_default,op4_emissions,132,132,0,0,None
0,area_thermal_default,op5_emissions,132,132,0,0,None
0,area_thermal_default,cluster_availability,132,132,0,0,None
0,area_thermal_default,up_margin,132,132,0,0,None
0,area_thermal_default,min_gen_power,132,132,0,0,None
0,area_thermal_default,down_margin,132,132,0,0,None
0,area_thermal_default,profit,132,132,0,0,None
0,area_node,imbalance_cost,133,133,0,0,None
0,area_node,is_significant_loss_of_load,133,133,0,0,None
0,area_node,is_loss_of_load,133,133,0,0,None
0,area_load,actual_load,133,133,0,4963,None
0,area_node,price,133,133,0,0.30000000947425076,None
0,area_node,balance_port.price,133,133,0,0.30000000947425076,None
0,area_node,is_near_loss_of_load,133,133,0,0,None
0,area_load,balance_port.flow,133,133,0,-4963,None
0,area_wind,generation_power,133,133,0,1360,None
0,area_wind,minus_generation,133,133,0,-1360,None
0,area_wind,balance_port.flow,133,133,0,1360,None
0,area_solar,generation_power,133,133,0,0,None
0,area_solar,minus_generation,133,133,0,-0,None
0,area_solar,balance_port.flow,133,133,0,0,None
0,area_run_of_river,generation_power,133,133,0,0,None
0,area_run_of_river,minus_generation,133,133,0,-0,None
0,area_run_of_river,balance_port.flow,133,133,0,0,None
0,area_combined_heat_power,generation_power,133,133,0,0,None
0,area_combined_heat_power,minus_generation,133,133,0,-0,None
0,area_combined_heat_power,balance_port.flow,133,133,0,0,None
0,area_biomass,generation_power,133,133,0,0,None
0,area_biomass,minus_generation,133,133,0,-0,None
0,area_biomass,balance_port.flow,133,133,0,0,None
0,area_biogas,generation_power,133,133,0,0,None
0,area_biogas,minus_generation,133,133,0,-0,None
0,area_biogas,balance_port.flow,133,133,0,0,None
0,area_waste,generation_power,133,133,0,0,None
0,area_waste,minus_generation,133,133,0,-0,None
0,area_waste,balance_port.flow,133,133,0,0,None
0,area_geothermal,generation_power,133,133,0,0,None
0,area_geothermal,minus_generation,133,133,0,-0,None
0,area_geothermal,balance_port.flow,133,133,0,0,None
0,area_other,generation_power,133,133,0,0,None
0,area_other,minus_generation,133,133,0,-0,None
0,area_other,balance_port.flow,133,133,0,0,None
0,area_pumped_storage_power,generation_power,133,133,0,0,None
0,area_pumped_storage_power,minus_generation,133,133,0,-0,None
0,area_pumped_storage_power,balance_port.flow,133,133,0,0,None
0,area_rest_world,generation_power,133,133,0,0,None
0,area_rest_world,minus_generation,133,133,0,-0,None
0,area_rest_world,balance_port.flow,133,133,0,0,None
0,area_thermal_default,prop_cost,133,133,0,0,None
0,area_thermal_default,balance_port.flow,133,133,0,0,None
0,area_thermal_default,co2_emissions,133,133,0,0,None
0,area_thermal_default,nh3_emissions,133,133,0,0,None
0,area_thermal_default,so2_emissions,133,133,0,0,None
0,area_thermal_default,nox_emissions,133,133,0,0,None
0,area_thermal_default,pm2_5_emissions,133,133,0,0,None
0,area_thermal_default,pm5_emissions,133,133,0,0,None
0,area_thermal_default,pm10_emissions,133,133,0,0,None
0,area_thermal_default,nmvoc_emissions,133,133,0,0,None
0,area_thermal_default,op1_emissions,133,133,0,0,None
0,area_thermal_default,op2_emissions,133,133,0,0,None
0,area_thermal_default,op3_emissions,133,133,0,0,None
0,area_thermal_default,op4_emissions,133,133,0,0,None
0,area_thermal_default,op5_emissions,133,133,0,0,None
0,area_thermal_default,cluster_availability,133,133,0,0,None
0,area_thermal_default,up_margin,133,133,0,0,None
0,area_thermal_default,min_gen_power,133,133,0,0,None
0,area_thermal_default,down_margin,133,133,0,0,None
0,area_thermal_default,profit,133,133,0,0,None
0,area_node,imbalance_cost,134,134,0,0,None
0,area_node,is_significant_loss_of_load,134,134,0,0,None
0,area_node,is_loss_of_load,134,134,0,0,None
0,area_load,actual_load,134,134,0,4790,None
0,area_node,price,134,134,0,0.2999999969693368,None
0,area_node,balance_port.price,134,134,0,0.2999999969693368,None
0,area_node,is_near_loss_of_load,134,134,0,0,None
0,area_load,balance_port.flow,134,134,0,-4790,None
0,area_wind,generation_power,134,134,0,1351,None
0,area_wind,minus_generation,134,134,0,-1351,None
0,area_wind,balance_port.flow,134,134,0,1351,None
0,area_solar,generation_power,134,134,0,0,None
0,area_solar,minus_generation,134,134,0,-0,None
0,area_solar,balance_port.flow,134,134,0,0,None
0,area_run_of_river,generation_power,134,134,0,0,None
0,area_run_of_river,minus_generation,134,134,0,-0,None
0,area_run_of_river,balance_port.flow,134,134,0,0,None
0,area_combined_heat_power,generation_power,134,134,0,0,None
0,area_combined_heat_power,minus_generation,134,134,0,-0,None
0,area_combined_heat_power,balance_port.flow,134,134,0,0,None
0,area_biomass,generation_power,134,134,0,0,None
0,area_biomass,minus_generation,134,134,0,-0,None
0,area_biomass,balance_port.flow,134,134,0,0,None
0,area_biogas,generation_power,134,134,0,0,None
0,area_biogas,minus_generation,134,134,0,-0,None
0,area_biogas,balance_port.flow,134,134,0,0,None
0,area_waste,generation_power,134,134,0,0,None
0,area_waste,minus_generation,134,134,0,-0,None
0,area_waste,balance_port.flow,134,134,0,0,None
0,area_geothermal,generation_power,134,134,0,0,None
0,area_geothermal,minus_generation,134,134,0,-0,None
0,area_geothermal,balance_port.flow,134,134,0,0,None
0,area_other,generation_power,134,134,0,0,None
0,area_other,minus_generation,134,134,0,-0,None
0,area_other,balance_port.flow,134,134,0,0,None
0,area_pumped_storage_power,generation_power,134,134,0,0,None
0,area_pumped_storage_power,minus_generation,134,134,0,-0,None
0,area_pumped_storage_power,balance_port.flow,134,134,0,0,None
0,area_rest_world,generation_power,134,134,0,0,None
0,area_rest_world,minus_generation,134,134,0,-0,None
0,area_rest_world,balance_port.flow,134,134,0,0,None
0,area_thermal_default,prop_cost,134,134,0,0,None
0,area_thermal_default,balance_port.flow,134,134,0,0,None
0,area_thermal_default,co2_emissions,134,134,0,0,None
0,area_thermal_default,nh3_emissions,134,134,0,0,None
0,area_thermal_default,so2_emissions,134,134,0,0,None
0,area_thermal_default,nox_emissions,134,134,0,0,None
0,area_thermal_default,pm2_5_emissions,134,134,0,0,None
0,area_thermal_default,pm5_emissions,134,134,0,0,None
0,area_thermal_default,pm10_emissions,134,134,0,0,None
0,area_thermal_default,nmvoc_emissions,134,134,0,0,None
0,area_thermal_default,op1_emissions,134,134,0,0,None
0,area_thermal_default,op2_emissions,134,134,0,0,None
0,area_thermal_default,op3_emissions,134,134,0,0,None
0,area_thermal_default,op4_emissions,134,134,0,0,None
0,area_thermal_default,op5_emissions,134,134,0,0,None
0,area_thermal_default,cluster_availability,134,134,0,0,None
0,area_thermal_default,up_margin,134,134,0,0,None
0,area_thermal_default,min_gen_power,134,134,0,0,None
0,area_thermal_default,down_margin,134,134,0,0,None
0,area_thermal_default,profit,134,134,0,0,None
0,area_node,imbalance_cost,135,135,0,0,None
0,area_node,is_significant_loss_of_load,135,135,0,0,None
0,area_node,is_loss_of_load,135,135,0,0,None
0,area_load,actual_load,135,135,0,4743,None
0,area_node,price,135,135,0,0.30000000605023414,None
0,area_node,balance_port.price,135,135,0,0.30000000605023414,None
0,area_node,is_near_loss_of_load,135,135,0,0,None
0,area_load,balance_port.flow,135,135,0,-4743,None
0,area_wind,generation_power,135,135,0,1142,None
0,area_wind,minus_generation,135,135,0,-1142,None
0,area_wind,balance_port.flow,135,135,0,1142,None
0,area_solar,generation_power,135,135,0,0,None
0,area_solar,minus_generation,135,135,0,-0,None
0,area_solar,balance_port.flow,135,135,0,0,None
0,area_run_of_river,generation_power,135,135,0,0,None
0,area_run_of_river,minus_generation,135,135,0,-0,None
0,area_run_of_river,balance_port.flow,135,135,0,0,None
0,area_combined_heat_power,generation_power,135,135,0,0,None
0,area_combined_heat_power,minus_generation,135,135,0,-0,None
0,area_combined_heat_power,balance_port.flow,135,135,0,0,None
0,area_biomass,generation_power,135,135,0,0,None
0,area_biomass,minus_generation,135,135,0,-0,None
0,area_biomass,balance_port.flow,135,135,0,0,None
0,area_biogas,generation_power,135,135,0,0,None
0,area_biogas,minus_generation,135,135,0,-0,None
0,area_biogas,balance_port.flow,135,135,0,0,None
0,area_waste,generation_power,135,135,0,0,None
0,area_waste,minus_generation,135,135,0,-0,None
0,area_waste,balance_port.flow,135,135,0,0,None
0,area_geothermal,generation_power,135,135,0,0,None
0,area_geothermal,minus_generation,135,135,0,-0,None
0,area_geothermal,balance_port.flow,135,135,0,0,None
0,area_other,generation_power,135,135,0,0,None
0,area_other,minus_generation,135,135,0,-0,None
0,area_other,balance_port.flow,135,135,0,0,None
0,area_pumped_storage_power,generation_power,135,135,0,0,None
0,area_pumped_storage_power,minus_generation,135,135,0,-0,None
0,area_pumped_storage_power,balance_port.flow,135,135,0,0,None
0,area_rest_world,generation_power,135,135,0,0,None
0,area_rest_world,minus_generation,135,135,0,-0,None
0,area_rest_world,balance_port.flow,135,135,0,0,None
0,area_thermal_default,prop_cost,135,135,0,0,None
0,area_thermal_default,balance_port.flow,135,135,0,0,None
0,area_thermal_default,co2_emissions,135,135,0,0,None
0,area_thermal_default,nh3_emissions,135,135,0,0,None
0,area_thermal_default,so2_emissions,135,135,0,0,None
0,area_thermal_default,nox_emissions,135,135,0,0,None
0,area_thermal_default,pm2_5_emissions,135,135,0,0,None
0,area_thermal_default,pm5_emissions,135,135,0,0,None
0,area_thermal_default,pm10_emissions,135,135,0,0,None
0,area_thermal_default,nmvoc_emissions,135,135,0,0,None
0,area_thermal_default,op1_emissions,135,135,0,0,None
0,area_thermal_default,op2_emissions,135,135,0,0,None
0,area_thermal_default,op3_emissions,135,135,0,0,None
0,area_thermal_default,op4_emissions,135,135,0,0,None
0,area_thermal_default,op5_emissions,135,135,0,0,None
0,area_thermal_default,cluster_availability,135,135,0,0,None
0,area_thermal_default,up_margin,135,135,0,0,None
0,area_thermal_default,min_gen_power,135,135,0,0,None
0,area_thermal_default,down_margin,135,135,0,0,None
0,area_thermal_default,profit,135,135,0,0,None
0,area_node,imbalance_cost,136,136,0,0,None
0,area_node,is_significant_loss_of_load,136,136,0,0,None
0,area_node,is_loss_of_load,136,136,0,0,None
0,area_load,actual_load,136,136,0,4812,None
0,area_node,price,136,136,0,0.2999999985080359,None
0,area_node,balance_port.price,136,136,0,0.2999999985080359,None
0,area_node,is_near_loss_of_load,136,136,0,0,None
0,area_load,balance_port.flow,136,136,0,-4812,None
0,area_wind,generation_power,136,136,0,1276,None
0,area_wind,minus_generation,136,136,0,-1276,None
0,area_wind,balance_port.flow,136,136,0,1276,None
0,area_solar,generation_power,136,136,0,0,None
0,area_solar,minus_generation,136,136,0,-0,None
0,area_solar,balance_port.flow,136,136,0,0,None
0,area_run_of_river,generation_power,136,136,0,0,None
0,area_run_of_river,minus_generation,136,136,0,-0,None
0,area_run_of_river,balance_port.flow,136,136,0,0,None
0,area_combined_heat_power,generation_power,136,136,0,0,None
0,area_combined_heat_power,minus_generation,136,136,0,-0,None
0,area_combined_heat_power,balance_port.flow,136,136,0,0,None
0,area_biomass,generation_power,136,136,0,0,None
0,area_biomass,minus_generation,136,136,0,-0,None
0,area_biomass,balance_port.flow,136,136,0,0,None
0,area_biogas,generation_power,136,136,0,0,None
0,area_biogas,minus_generation,136,136,0,-0,None
0,area_biogas,balance_port.flow,136,136,0,0,None
0,area_waste,generation_power,136,136,0,0,None
0,area_waste,minus_generation,136,136,0,-0,None
0,area_waste,balance_port.flow,136,136,0,0,None
0,area_geothermal,generation_power,136,136,0,0,None
0,area_geothermal,minus_generation,136,136,0,-0,None
0,area_geothermal,balance_port.flow,136,136,0,0,None
0,area_other,generation_power,136,136,0,0,None
0,area_other,minus_generation,136,136,0,-0,None
0,area_other,balance_port.flow,136,136,0,0,None
0,area_pumped_storage_power,generation_power,136,136,0,0,None
0,area_pumped_storage_power,minus_generation,136,136,0,-0,None
0,area_pumped_storage_power,balance_port.flow,136,136,0,0,None
0,area_rest_world,generation_power,136,136,0,0,None
0,area_rest_world,minus_generation,136,136,0,-0,None
0,area_rest_world,balance_port.flow,136,136,0,0,None
0,area_thermal_default,prop_cost,136,136,0,0,None
0,area_thermal_default,balance_port.flow,136,136,0,0,None
0,area_thermal_default,co2_emissions,136,136,0,0,None
0,area_thermal_default,nh3_emissions,136,136,0,0,None
0,area_thermal_default,so2_emissions,136,136,0,0,None
0,area_thermal_default,nox_emissions,136,136,0,0,None
0,area_thermal_default,pm2_5_emissions,136,136,0,0,None
0,area_thermal_default,pm5_emissions,136,136,0,0,None
0,area_thermal_default,pm10_emissions,136,136,0,0,None
0,area_thermal_default,nmvoc_emissions,136,136,0,0,None
0,area_thermal_default,op1_emissions,136,136,0,0,None
0,area_thermal_default,op2_emissions,136,136,0,0,None
0,area_thermal_default,op3_emissions,136,136,0,0,None
0,area_thermal_default,op4_emissions,136,136,0,0,None
0,area_thermal_default,op5_emissions,136,136,0,0,None
0,area_thermal_default,cluster_availability,136,136,0,0,None
0,area_thermal_default,up_margin,136,136,0,0,None
0,area_thermal_default,min_gen_power,136,136,0,0,None
0,area_thermal_default,down_margin,136,136,0,0,None
0,area_thermal_default,profit,136,136,0,0,None
0,area_node,imbalance_cost,137,137,0,0,None
0,area_node,is_significant_loss_of_load,137,137,0,0,None
0,area_node,is_loss_of_load,137,137,0,0,None
0,area_load,actual_load,137,137,0,5041,None
0,area_node,price,137,137,0,0.29999999894097973,None
0,area_node,balance_port.price,137,137,0,0.29999999894097973,None
0,area_node,is_near_loss_of_load,137,137,0,0,None
0,area_load,balance_port.flow,137,137,0,-5041,None
0,area_wind,generation_power,137,137,0,1456,None
0,area_wind,minus_generation,137,137,0,-1456,None
0,area_wind,balance_port.flow,137,137,0,1456,None
0,area_solar,generation_power,137,137,0,0,None
0,area_solar,minus_generation,137,137,0,-0,None
0,area_solar,balance_port.flow,137,137,0,0,None
0,area_run_of_river,generation_power,137,137,0,0,None
0,area_run_of_river,minus_generation,137,137,0,-0,None
0,area_run_of_river,balance_port.flow,137,137,0,0,None
0,area_combined_heat_power,generation_power,137,137,0,0,None
0,area_combined_heat_power,minus_generation,137,137,0,-0,None
0,area_combined_heat_power,balance_port.flow,137,137,0,0,None
0,area_biomass,generation_power,137,137,0,0,None
0,area_biomass,minus_generation,137,137,0,-0,None
0,area_biomass,balance_port.flow,137,137,0,0,None
0,area_biogas,generation_power,137,137,0,0,None
0,area_biogas,minus_generation,137,137,0,-0,None
0,area_biogas,balance_port.flow,137,137,0,0,None
0,area_waste,generation_power,137,137,0,0,None
0,area_waste,minus_generation,137,137,0,-0,None
0,area_waste,balance_port.flow,137,137,0,0,None
0,area_geothermal,generation_power,137,137,0,0,None
0,area_geothermal,minus_generation,137,137,0,-0,None
0,area_geothermal,balance_port.flow,137,137,0,0,None
0,area_other,generation_power,137,137,0,0,None
0,area_other,minus_generation,137,137,0,-0,None
0,area_other,balance_port.flow,137,137,0,0,None
0,area_pumped_storage_power,generation_power,137,137,0,0,None
0,area_pumped_storage_power,minus_generation,137,137,0,-0,None
0,area_pumped_storage_power,balance_port.flow,137,137,0,0,None
0,area_rest_world,generation_power,137,137,0,0,None
0,area_rest_world,minus_generation,137,137,0,-0,None
0,area_rest_world,balance_port.flow,137,137,0,0,None
0,area_thermal_default,prop_cost,137,137,0,0,None
0,area_thermal_default,balance_port.flow,137,137,0,0,None
0,area_thermal_default,co2_emissions,137,137,0,0,None
0,area_thermal_default,nh3_emissions,137,137,0,0,None
0,area_thermal_default,so2_emissions,137,137,0,0,None
0,area_thermal_default,nox_emissions,137,137,0,0,None
0,area_thermal_default,pm2_5_emissions,137,137,0,0,None
0,area_thermal_default,pm5_emissions,137,137,0,0,None
0,area_thermal_default,pm10_emissions,137,137,0,0,None
0,area_thermal_default,nmvoc_emissions,137,137,0,0,None
0,area_thermal_default,op1_emissions,137,137,0,0,None
0,area_thermal_default,op2_emissions,137,137,0,0,None
0,area_thermal_default,op3_emissions,137,137,0,0,None
0,area_thermal_default,op4_emissions,137,137,0,0,None
0,area_thermal_default,op5_emissions,137,137,0,0,None
0,area_thermal_default,cluster_availability,137,137,0,0,None
0,area_thermal_default,up_margin,137,137,0,0,None
0,area_thermal_default,min_gen_power,137,137,0,0,None
0,area_thermal_default,down_margin,137,137,0,0,None
0,area_thermal_default,profit,137,137,0,0,None
0,area_node,imbalance_cost,138,138,0,0,None
0,area_node,is_significant_loss_of_load,138,138,0,0,None
0,area_node,is_loss_of_load,138,138,0,0,None
0,area_load,actual_load,138,138,0,5220,None
0,area_node,price,138,138,0,0.2999999936584317,None
0,area_node,balance_port.price,138,138,0,0.2999999936584317,None
0,area_node,is_near_loss_of_load,138,138,0,0,None
0,area_load,balance_port.flow,138,138,0,-5220,None
0,area_wind,generation_power,138,138,0,1565,None
0,area_wind,minus_generation,138,138,0,-1565,None
0,area_wind,balance_port.flow,138,138,0,1565,None
0,area_solar,generation_power,138,138,0,0,None
0,area_solar,minus_generation,138,138,0,-0,None
0,area_solar,balance_port.flow,138,138,0,0,None
0,area_run_of_river,generation_power,138,138,0,0,None
0,area_run_of_river,minus_generation,138,138,0,-0,None
0,area_run_of_river,balance_port.flow,138,138,0,0,None
0,area_combined_heat_power,generation_power,138,138,0,0,None
0,area_combined_heat_power,minus_generation,138,138,0,-0,None
0,area_combined_heat_power,balance_port.flow,138,138,0,0,None
0,area_biomass,generation_power,138,138,0,0,None
0,area_biomass,minus_generation,138,138,0,-0,None
0,area_biomass,balance_port.flow,138,138,0,0,None
0,area_biogas,generation_power,138,138,0,0,None
0,area_biogas,minus_generation,138,138,0,-0,None
0,area_biogas,balance_port.flow,138,138,0,0,None
0,area_waste,generation_power,138,138,0,0,None
0,area_waste,minus_generation,138,138,0,-0,None
0,area_waste,balance_port.flow,138,138,0,0,None
0,area_geothermal,generation_power,138,138,0,0,None
0,area_geothermal,minus_generation,138,138,0,-0,None
0,area_geothermal,balance_port.flow,138,138,0,0,None
0,area_other,generation_power,138,138,0,0,None
0,area_other,minus_generation,138,138,0,-0,None
0,area_other,balance_port.flow,138,138,0,0,None
0,area_pumped_storage_power,generation_power,138,138,0,0,None
0,area_pumped_storage_power,minus_generation,138,138,0,-0,None
0,area_pumped_storage_power,balance_port.flow,138,138,0,0,None
0,area_rest_world,generation_power,138,138,0,0,None
0,area_rest_world,minus_generation,138,138,0,-0,None
0,area_rest_world,balance_port.flow,138,138,0,0,None
0,area_thermal_default,prop_cost,138,138,0,0,None
0,area_thermal_default,balance_port.flow,138,138,0,0,None
0,area_thermal_default,co2_emissions,138,138,0,0,None
0,area_thermal_default,nh3_emissions,138,138,0,0,None
0,area_thermal_default,so2_emissions,138,138,0,0,None
0,area_thermal_default,nox_emissions,138,138,0,0,None
0,area_thermal_default,pm2_5_emissions,138,138,0,0,None
0,area_thermal_default,pm5_emissions,138,138,0,0,None
0,area_thermal_default,pm10_emissions,138,138,0,0,None
0,area_thermal_default,nmvoc_emissions,138,138,0,0,None
0,area_thermal_default,op1_emissions,138,138,0,0,None
0,area_thermal_default,op2_emissions,138,138,0,0,None
0,area_thermal_default,op3_emissions,138,138,0,0,None
0,area_thermal_default,op4_emissions,138,138,0,0,None
0,area_thermal_default,op5_emissions,138,138,0,0,None
0,area_thermal_default,cluster_availability,138,138,0,0,None
0,area_thermal_default,up_margin,138,138,0,0,None
0,area_thermal_default,min_gen_power,138,138,0,0,None
0,area_thermal_default,down_margin,138,138,0,0,None
0,area_thermal_default,profit,138,138,0,0,None
0,area_node,imbalance_cost,139,139,0,0,None
0,area_node,is_significant_loss_of_load,139,139,0,0,None
0,area_node,is_loss_of_load,139,139,0,0,None
0,area_load,actual_load,139,139,0,5322,None
0,area_node,price,139,139,0,0.2999999921495818,None
0,area_node,balance_port.price,139,139,0,0.2999999921495818,None
0,area_node,is_near_loss_of_load,139,139,0,0,None
0,area_load,balance_port.flow,139,139,0,-5322,None
0,area_wind,generation_power,139,139,0,1445,None
0,area_wind,minus_generation,139,139,0,-1445,None
0,area_wind,balance_port.flow,139,139,0,1445,None
0,area_solar,generation_power,139,139,0,0,None
0,area_solar,minus_generation,139,139,0,-0,None
0,area_solar,balance_port.flow,139,139,0,0,None
0,area_run_of_river,generation_power,139,139,0,0,None
0,area_run_of_river,minus_generation,139,139,0,-0,None
0,area_run_of_river,balance_port.flow,139,139,0,0,None
0,area_combined_heat_power,generation_power,139,139,0,0,None
0,area_combined_heat_power,minus_generation,139,139,0,-0,None
0,area_combined_heat_power,balance_port.flow,139,139,0,0,None
0,area_biomass,generation_power,139,139,0,0,None
0,area_biomass,minus_generation,139,139,0,-0,None
0,area_biomass,balance_port.flow,139,139,0,0,None
0,area_biogas,generation_power,139,139,0,0,None
0,area_biogas,minus_generation,139,139,0,-0,None
0,area_biogas,balance_port.flow,139,139,0,0,None
0,area_waste,generation_power,139,139,0,0,None
0,area_waste,minus_generation,139,139,0,-0,None
0,area_waste,balance_port.flow,139,139,0,0,None
0,area_geothermal,generation_power,139,139,0,0,None
0,area_geothermal,minus_generation,139,139,0,-0,None
0,area_geothermal,balance_port.flow,139,139,0,0,None
0,area_other,generation_power,139,139,0,0,None
0,area_other,minus_generation,139,139,0,-0,None
0,area_other,balance_port.flow,139,139,0,0,None
0,area_pumped_storage_power,generation_power,139,139,0,0,None
0,area_pumped_storage_power,minus_generation,139,139,0,-0,None
0,area_pumped_storage_power,balance_port.flow,139,139,0,0,None
0,area_rest_world,generation_power,139,139,0,0,None
0,area_rest_world,minus_generation,139,139,0,-0,None
0,area_rest_world,balance_port.flow,139,139,0,0,None
0,area_thermal_default,prop_cost,139,139,0,0,None
0,area_thermal_default,balance_port.flow,139,139,0,0,None
0,area_thermal_default,co2_emissions,139,139,0,0,None
0,area_thermal_default,nh3_emissions,139,139,0,0,None
0,area_thermal_default,so2_emissions,139,139,0,0,None
0,area_thermal_default,nox_emissions,139,139,0,0,None
0,area_thermal_default,pm2_5_emissions,139,139,0,0,None
0,area_thermal_default,pm5_emissions,139,139,0,0,None
0,area_thermal_default,pm10_emissions,139,139,0,0,None
0,area_thermal_default,nmvoc_emissions,139,139,0,0,None
0,area_thermal_default,op1_emissions,139,139,0,0,None
0,area_thermal_default,op2_emissions,139,139,0,0,None
0,area_thermal_default,op3_emissions,139,139,0,0,None
0,area_thermal_default,op4_emissions,139,139,0,0,None
0,area_thermal_default,op5_emissions,139,139,0,0,None
0,area_thermal_default,cluster_availability,139,139,0,0,None
0,area_thermal_default,up_margin,139,139,0,0,None
0,area_thermal_default,min_gen_power,139,139,0,0,None
0,area_thermal_default,down_margin,139,139,0,0,None
0,area_thermal_default,profit,139,139,0,0,None
0,area_node,imbalance_cost,140,140,0,0,None
0,area_node,is_significant_loss_of_load,140,140,0,0,None
0,area_node,is_loss_of_load,140,140,0,0,None
0,area_load,actual_load,140,140,0,4911,None
0,area_node,price,140,140,0,0.29999999146608863,None
0,area_node,balance_port.price,140,140,0,0.29999999146608863,None
0,area_node,is_near_loss_of_load,140,140,0,0,None
0,area_load,balance_port.flow,140,140,0,-4911,None
0,area_wind,generation_power,140,140,0,1522,None
0,area_wind,minus_generation,140,140,0,-1522,None
0,area_wind,balance_port.flow,140,140,0,1522,None
0,area_solar,generation_power,140,140,0,0,None
0,area_solar,minus_generation,140,140,0,-0,None
0,area_solar,balance_port.flow,140,140,0,0,None
0,area_run_of_river,generation_power,140,140,0,0,None
0,area_run_of_river,minus_generation,140,140,0,-0,None
0,area_run_of_river,balance_port.flow,140,140,0,0,None
0,area_combined_heat_power,generation_power,140,140,0,0,None
0,area_combined_heat_power,minus_generation,140,140,0,-0,None
0,area_combined_heat_power,balance_port.flow,140,140,0,0,None
0,area_biomass,generation_power,140,140,0,0,None
0,area_biomass,minus_generation,140,140,0,-0,None
0,area_biomass,balance_port.flow,140,140,0,0,None
0,area_biogas,generation_power,140,140,0,0,None
0,area_biogas,minus_generation,140,140,0,-0,None
0,area_biogas,balance_port.flow,140,140,0,0,None
0,area_waste,generation_power,140,140,0,0,None
0,area_waste,minus_generation,140,140,0,-0,None
0,area_waste,balance_port.flow,140,140,0,0,None
0,area_geothermal,generation_power,140,140,0,0,None
0,area_geothermal,minus_generation,140,140,0,-0,None
0,area_geothermal,balance_port.flow,140,140,0,0,None
0,area_other,generation_power,140,140,0,0,None
0,area_other,minus_generation,140,140,0,-0,None
0,area_other,balance_port.flow,140,140,0,0,None
0,area_pumped_storage_power,generation_power,140,140,0,0,None
0,area_pumped_storage_power,minus_generation,140,140,0,-0,None
0,area_pumped_storage_power,balance_port.flow,140,140,0,0,None
0,area_rest_world,generation_power,140,140,0,0,None
0,area_rest_world,minus_generation,140,140,0,-0,None
0,area_rest_world,balance_port.flow,140,140,0,0,None
0,area_thermal_default,prop_cost,140,140,0,0,None
0,area_thermal_default,balance_port.flow,140,140,0,0,None
0,area_thermal_default,co2_emissions,140,140,0,0,None
0,area_thermal_default,nh3_emissions,140,140,0,0,None
0,area_thermal_default,so2_emissions,140,140,0,0,None
0,area_thermal_default,nox_emissions,140,140,0,0,None
0,area_thermal_default,pm2_5_emissions,140,140,0,0,None
0,area_thermal_default,pm5_emissions,140,140,0,0,None
0,area_thermal_default,pm10_emissions,140,140,0,0,None
0,area_thermal_default,nmvoc_emissions,140,140,0,0,None
0,area_thermal_default,op1_emissions,140,140,0,0,None
0,area_thermal_default,op2_emissions,140,140,0,0,None
0,area_thermal_default,op3_emissions,140,140,0,0,None
0,area_thermal_default,op4_emissions,140,140,0,0,None
0,area_thermal_default,op5_emissions,140,140,0,0,None
0,area_thermal_default,cluster_availability,140,140,0,0,None
0,area_thermal_default,up_margin,140,140,0,0,None
0,area_thermal_default,min_gen_power,140,140,0,0,None
0,area_thermal_default,down_margin,140,140,0,0,None
0,area_thermal_default,profit,140,140,0,0,None
0,area_node,imbalance_cost,141,141,0,0,None
0,area_node,is_significant_loss_of_load,141,141,0,0,None
0,area_node,is_loss_of_load,141,141,0,0,None
0,area_load,actual_load,141,141,0,4704,None
0,area_node,price,141,141,0,0.29999999855484866,None
0,area_node,balance_port.price,141,141,0,0.29999999855484866,None
0,area_node,is_near_loss_of_load,141,141,0,0,None
0,area_load,balance_port.flow,141,141,0,-4704,None
0,area_wind,generation_power,141,141,0,1213,None
0,area_wind,minus_generation,141,141,0,-1213,None
0,area_wind,balance_port.flow,141,141,0,1213,None
0,area_solar,generation_power,141,141,0,0,None
0,area_solar,minus_generation,141,141,0,-0,None
0,area_solar,balance_port.flow,141,141,0,0,None
0,area_run_of_river,generation_power,141,141,0,0,None
0,area_run_of_river,minus_generation,141,141,0,-0,None
0,area_run_of_river,balance_port.flow,141,141,0,0,None
0,area_combined_heat_power,generation_power,141,141,0,0,None
0,area_combined_heat_power,minus_generation,141,141,0,-0,None
0,area_combined_heat_power,balance_port.flow,141,141,0,0,None
0,area_biomass,generation_power,141,141,0,0,None
0,area_biomass,minus_generation,141,141,0,-0,None
0,area_biomass,balance_port.flow,141,141,0,0,None
0,area_biogas,generation_power,141,141,0,0,None
0,area_biogas,minus_generation,141,141,0,-0,None
0,area_biogas,balance_port.flow,141,141,0,0,None
0,area_waste,generation_power,141,141,0,0,None
0,area_waste,minus_generation,141,141,0,-0,None
0,area_waste,balance_port.flow,141,141,0,0,None
0,area_geothermal,generation_power,141,141,0,0,None
0,area_geothermal,minus_generation,141,141,0,-0,None
0,area_geothermal,balance_port.flow,141,141,0,0,None
0,area_other,generation_power,141,141,0,0,None
0,area_other,minus_generation,141,141,0,-0,None
0,area_other,balance_port.flow,141,141,0,0,None
0,area_pumped_storage_power,generation_power,141,141,0,0,None
0,area_pumped_storage_power,minus_generation,141,141,0,-0,None
0,area_pumped_storage_power,balance_port.flow,141,141,0,0,None
0,area_rest_world,generation_power,141,141,0,0,None
0,area_rest_world,minus_generation,141,141,0,-0,None
0,area_rest_world,balance_port.flow,141,141,0,0,None
0,area_thermal_default,prop_cost,141,141,0,0,None
0,area_thermal_default,balance_port.flow,141,141,0,0,None
0,area_thermal_default,co2_emissions,141,141,0,0,None
0,area_thermal_default,nh3_emissions,141,141,0,0,None
0,area_thermal_default,so2_emissions,141,141,0,0,None
0,area_thermal_default,nox_emissions,141,141,0,0,None
0,area_thermal_default,pm2_5_emissions,141,141,0,0,None
0,area_thermal_default,pm5_emissions,141,141,0,0,None
0,area_thermal_default,pm10_emissions,141,141,0,0,None
0,area_thermal_default,nmvoc_emissions,141,141,0,0,None
0,area_thermal_default,op1_emissions,141,141,0,0,None
0,area_thermal_default,op2_emissions,141,141,0,0,None
0,area_thermal_default,op3_emissions,141,141,0,0,None
0,area_thermal_default,op4_emissions,141,141,0,0,None
0,area_thermal_default,op5_emissions,141,141,0,0,None
0,area_thermal_default,cluster_availability,141,141,0,0,None
0,area_thermal_default,up_margin,141,141,0,0,None
0,area_thermal_default,min_gen_power,141,141,0,0,None
0,area_thermal_default,down_margin,141,141,0,0,None
0,area_thermal_default,profit,141,141,0,0,None
0,area_node,imbalance_cost,142,142,0,0,None
0,area_node,is_significant_loss_of_load,142,142,0,0,None
0,area_node,is_loss_of_load,142,142,0,0,None
0,area_load,actual_load,142,142,0,4885,None
0,area_node,price,142,142,0,0.2999999968824498,None
0,area_node,balance_port.price,142,142,0,0.2999999968824498,None
0,area_node,is_near_loss_of_load,142,142,0,0,None
0,area_load,balance_port.flow,142,142,0,-4885,None
0,area_wind,generation_power,142,142,0,862,None
0,area_wind,minus_generation,142,142,0,-862,None
0,area_wind,balance_port.flow,142,142,0,862,None
0,area_solar,generation_power,142,142,0,0,None
0,area_solar,minus_generation,142,142,0,-0,None
0,area_solar,balance_port.flow,142,142,0,0,None
0,area_run_of_river,generation_power,142,142,0,0,None
0,area_run_of_river,minus_generation,142,142,0,-0,None
0,area_run_of_river,balance_port.flow,142,142,0,0,None
0,area_combined_heat_power,generation_power,142,142,0,0,None
0,area_combined_heat_power,minus_generation,142,142,0,-0,None
0,area_combined_heat_power,balance_port.flow,142,142,0,0,None
0,area_biomass,generation_power,142,142,0,0,None
0,area_biomass,minus_generation,142,142,0,-0,None
0,area_biomass,balance_port.flow,142,142,0,0,None
0,area_biogas,generation_power,142,142,0,0,None
0,area_biogas,minus_generation,142,142,0,-0,None
0,area_biogas,balance_port.flow,142,142,0,0,None
0,area_waste,generation_power,142,142,0,0,None
0,area_waste,minus_generation,142,142,0,-0,None
0,area_waste,balance_port.flow,142,142,0,0,None
0,area_geothermal,generation_power,142,142,0,0,None
0,area_geothermal,minus_generation,142,142,0,-0,None
0,area_geothermal,balance_port.flow,142,142,0,0,None
0,area_other,generation_power,142,142,0,0,None
0,area_other,minus_generation,142,142,0,-0,None
0,area_other,balance_port.flow,142,142,0,0,None
0,area_pumped_storage_power,generation_power,142,142,0,0,None
0,area_pumped_storage_power,minus_generation,142,142,0,-0,None
0,area_pumped_storage_power,balance_port.flow,142,142,0,0,None
0,area_rest_world,generation_power,142,142,0,0,None
0,area_rest_world,minus_generation,142,142,0,-0,None
0,area_rest_world,balance_port.flow,142,142,0,0,None
0,area_thermal_default,prop_cost,142,142,0,0,None
0,area_thermal_default,balance_port.flow,142,142,0,0,None
0,area_thermal_default,co2_emissions,142,142,0,0,None
0,area_thermal_default,nh3_emissions,142,142,0,0,None
0,area_thermal_default,so2_emissions,142,142,0,0,None
0,area_thermal_default,nox_emissions,142,142,0,0,None
0,area_thermal_default,pm2_5_emissions,142,142,0,0,None
0,area_thermal_default,pm5_emissions,142,142,0,0,None
0,area_thermal_default,pm10_emissions,142,142,0,0,None
0,area_thermal_default,nmvoc_emissions,142,142,0,0,None
0,area_thermal_default,op1_emissions,142,142,0,0,None
0,area_thermal_default,op2_emissions,142,142,0,0,None
0,area_thermal_default,op3_emissions,142,142,0,0,None
0,area_thermal_default,op4_emissions,142,142,0,0,None
0,area_thermal_default,op5_emissions,142,142,0,0,None
0,area_thermal_default,cluster_availability,142,142,0,0,None
0,area_thermal_default,up_margin,142,142,0,0,None
0,area_thermal_default,min_gen_power,142,142,0,0,None
0,area_thermal_default,down_margin,142,142,0,0,None
0,area_thermal_default,profit,142,142,0,0,None
0,area_node,imbalance_cost,143,143,0,0,None
0,area_node,is_significant_loss_of_load,143,143,0,0,None
0,area_node,is_loss_of_load,143,143,0,0,None
0,area_load,actual_load,143,143,0,4944,None
0,area_node,price,143,143,0,0.3000000017555641,None
0,area_node,balance_port.price,143,143,0,0.3000000017555641,None
0,area_node,is_near_loss_of_load,143,143,0,0,None
0,area_load,balance_port.flow,143,143,0,-4944,None
0,area_wind,generation_power,143,143,0,466,None
0,area_wind,minus_generation,143,143,0,-466,None
0,area_wind,balance_port.flow,143,143,0,466,None
0,area_solar,generation_power,143,143,0,0,None
0,area_solar,minus_generation,143,143,0,-0,None
0,area_solar,balance_port.flow,143,143,0,0,None
0,area_run_of_river,generation_power,143,143,0,0,None
0,area_run_of_river,minus_generation,143,143,0,-0,None
0,area_run_of_river,balance_port.flow,143,143,0,0,None
0,area_combined_heat_power,generation_power,143,143,0,0,None
0,area_combined_heat_power,minus_generation,143,143,0,-0,None
0,area_combined_heat_power,balance_port.flow,143,143,0,0,None
0,area_biomass,generation_power,143,143,0,0,None
0,area_biomass,minus_generation,143,143,0,-0,None
0,area_biomass,balance_port.flow,143,143,0,0,None
0,area_biogas,generation_power,143,143,0,0,None
0,area_biogas,minus_generation,143,143,0,-0,None
0,area_biogas,balance_port.flow,143,143,0,0,None
0,area_waste,generation_power,143,143,0,0,None
0,area_waste,minus_generation,143,143,0,-0,None
0,area_waste,balance_port.flow,143,143,0,0,None
0,area_geothermal,generation_power,143,143,0,0,None
0,area_geothermal,minus_generation,143,143,0,-0,None
0,area_geothermal,balance_port.flow,143,143,0,0,None
0,area_other,generation_power,143,143,0,0,None
0,area_other,minus_generation,143,143,0,-0,None
0,area_other,balance_port.flow,143,143,0,0,None
0,area_pumped_storage_power,generation_power,143,143,0,0,None
0,area_pumped_storage_power,minus_generation,143,143,0,-0,None
0,area_pumped_storage_power,balance_port.flow,143,143,0,0,None
0,area_rest_world,generation_power,143,143,0,0,None
0,area_rest_world,minus_generation,143,143,0,-0,None
0,area_rest_world,balance_port.flow,143,143,0,0,None
0,area_thermal_default,prop_cost,143,143,0,0,None
0,area_thermal_default,balance_port.flow,143,143,0,0,None
0,area_thermal_default,co2_emissions,143,143,0,0,None
0,area_thermal_default,nh3_emissions,143,143,0,0,None
0,area_thermal_default,so2_emissions,143,143,0,0,None
0,area_thermal_default,nox_emissions,143,143,0,0,None
0,area_thermal_default,pm2_5_emissions,143,143,0,0,None
0,area_thermal_default,pm5_emissions,143,143,0,0,None
0,area_thermal_default,pm10_emissions,143,143,0,0,None
0,area_thermal_default,nmvoc_emissions,143,143,0,0,None
0,area_thermal_default,op1_emissions,143,143,0,0,None
0,area_thermal_default,op2_emissions,143,143,0,0,None
0,area_thermal_default,op3_emissions,143,143,0,0,None
0,area_thermal_default,op4_emissions,143,143,0,0,None
0,area_thermal_default,op5_emissions,143,143,0,0,None
0,area_thermal_default,cluster_availability,143,143,0,0,None
0,area_thermal_default,up_margin,143,143,0,0,None
0,area_thermal_default,min_gen_power,143,143,0,0,None
0,area_thermal_default,down_margin,143,143,0,0,None
0,area_thermal_default,profit,143,143,0,0,None
0,area_node,imbalance_cost,144,144,0,0,None
0,area_node,is_significant_loss_of_load,144,144,0,0,None
0,area_node,is_loss_of_load,144,144,0,0,None
0,area_load,actual_load,144,144,0,4491,None
0,area_node,price,144,144,0,0.29999999805739663,None
0,area_node,balance_port.price,144,144,0,0.29999999805739663,None
0,area_node,is_near_loss_of_load,144,144,0,0,None
0,area_load,balance_port.flow,144,144,0,-4491,None
0,area_wind,generation_power,144,144,0,433,None
0,area_wind,minus_generation,144,144,0,-433,None
0,area_wind,balance_port.flow,144,144,0,433,None
0,area_solar,generation_power,144,144,0,0,None
0,area_solar,minus_generation,144,144,0,-0,None
0,area_solar,balance_port.flow,144,144,0,0,None
0,area_run_of_river,generation_power,144,144,0,0,None
0,area_run_of_river,minus_generation,144,144,0,-0,None
0,area_run_of_river,balance_port.flow,144,144,0,0,None
0,area_combined_heat_power,generation_power,144,144,0,0,None
0,area_combined_heat_power,minus_generation,144,144,0,-0,None
0,area_combined_heat_power,balance_port.flow,144,144,0,0,None
0,area_biomass,generation_power,144,144,0,0,None
0,area_biomass,minus_generation,144,144,0,-0,None
0,area_biomass,balance_port.flow,144,144,0,0,None
0,area_biogas,generation_power,144,144,0,0,None
0,area_biogas,minus_generation,144,144,0,-0,None
0,area_biogas,balance_port.flow,144,144,0,0,None
0,area_waste,generation_power,144,144,0,0,None
0,area_waste,minus_generation,144,144,0,-0,None
0,area_waste,balance_port.flow,144,144,0,0,None
0,area_geothermal,generation_power,144,144,0,0,None
0,area_geothermal,minus_generation,144,144,0,-0,None
0,area_geothermal,balance_port.flow,144,144,0,0,None
0,area_other,generation_power,144,144,0,0,None
0,area_other,minus_generation,144,144,0,-0,None
0,area_other,balance_port.flow,144,144,0,0,None
0,area_pumped_storage_power,generation_power,144,144,0,0,None
0,area_pumped_storage_power,minus_generation,144,144,0,-0,None
0,area_pumped_storage_power,balance_port.flow,144,144,0,0,None
0,area_rest_world,generation_power,144,144,0,0,None
0,area_rest_world,minus_generation,144,144,0,-0,None
0,area_rest_world,balance_port.flow,144,144,0,0,None
0,area_thermal_default,prop_cost,144,144,0,0,None
0,area_thermal_default,balance_port.flow,144,144,0,0,None
0,area_thermal_default,co2_emissions,144,144,0,0,None
0,area_thermal_default,nh3_emissions,144,144,0,0,None
0,area_thermal_default,so2_emissions,144,144,0,0,None
0,area_thermal_default,nox_emissions,144,144,0,0,None
0,area_thermal_default,pm2_5_emissions,144,144,0,0,None
0,area_thermal_default,pm5_emissions,144,144,0,0,None
0,area_thermal_default,pm10_emissions,144,144,0,0,None
0,area_thermal_default,nmvoc_emissions,144,144,0,0,None
0,area_thermal_default,op1_emissions,144,144,0,0,None
0,area_thermal_default,op2_emissions,144,144,0,0,None
0,area_thermal_default,op3_emissions,144,144,0,0,None
0,area_thermal_default,op4_emissions,144,144,0,0,None
0,area_thermal_default,op5_emissions,144,144,0,0,None
0,area_thermal_default,cluster_availability,144,144,0,0,None
0,area_thermal_default,up_margin,144,144,0,0,None
0,area_thermal_default,min_gen_power,144,144,0,0,None
0,area_thermal_default,down_margin,144,144,0,0,None
0,area_thermal_default,profit,144,144,0,0,None
0,area_node,imbalance_cost,145,145,0,0,None
0,area_node,is_significant_loss_of_load,145,145,0,0,None
0,area_node,is_loss_of_load,145,145,0,0,None
0,area_load,actual_load,145,145,0,4127,None
0,area_node,price,145,145,0,0.2999999987588947,None
0,area_node,balance_port.price,145,145,0,0.2999999987588947,None
0,area_node,is_near_loss_of_load,145,145,0,0,None
0,area_load,balance_port.flow,145,145,0,-4127,None
0,area_wind,generation_power,145,145,0,462,None
0,area_wind,minus_generation,145,145,0,-462,None
0,area_wind,balance_port.flow,145,145,0,462,None
0,area_solar,generation_power,145,145,0,0,None
0,area_solar,minus_generation,145,145,0,-0,None
0,area_solar,balance_port.flow,145,145,0,0,None
0,area_run_of_river,generation_power,145,145,0,0,None
0,area_run_of_river,minus_generation,145,145,0,-0,None
0,area_run_of_river,balance_port.flow,145,145,0,0,None
0,area_combined_heat_power,generation_power,145,145,0,0,None
0,area_combined_heat_power,minus_generation,145,145,0,-0,None
0,area_combined_heat_power,balance_port.flow,145,145,0,0,None
0,area_biomass,generation_power,145,145,0,0,None
0,area_biomass,minus_generation,145,145,0,-0,None
0,area_biomass,balance_port.flow,145,145,0,0,None
0,area_biogas,generation_power,145,145,0,0,None
0,area_biogas,minus_generation,145,145,0,-0,None
0,area_biogas,balance_port.flow,145,145,0,0,None
0,area_waste,generation_power,145,145,0,0,None
0,area_waste,minus_generation,145,145,0,-0,None
0,area_waste,balance_port.flow,145,145,0,0,None
0,area_geothermal,generation_power,145,145,0,0,None
0,area_geothermal,minus_generation,145,145,0,-0,None
0,area_geothermal,balance_port.flow,145,145,0,0,None
0,area_other,generation_power,145,145,0,0,None
0,area_other,minus_generation,145,145,0,-0,None
0,area_other,balance_port.flow,145,145,0,0,None
0,area_pumped_storage_power,generation_power,145,145,0,0,None
0,area_pumped_storage_power,minus_generation,145,145,0,-0,None
0,area_pumped_storage_power,balance_port.flow,145,145,0,0,None
0,area_rest_world,generation_power,145,145,0,0,None
0,area_rest_world,minus_generation,145,145,0,-0,None
0,area_rest_world,balance_port.flow,145,145,0,0,None
0,area_thermal_default,prop_cost,145,145,0,0,None
0,area_thermal_default,balance_port.flow,145,145,0,0,None
0,area_thermal_default,co2_emissions,145,145,0,0,None
0,area_thermal_default,nh3_emissions,145,145,0,0,None
0,area_thermal_default,so2_emissions,145,145,0,0,None
0,area_thermal_default,nox_emissions,145,145,0,0,None
0,area_thermal_default,pm2_5_emissions,145,145,0,0,None
0,area_thermal_default,pm5_emissions,145,145,0,0,None
0,area_thermal_default,pm10_emissions,145,145,0,0,None
0,area_thermal_default,nmvoc_emissions,145,145,0,0,None
0,area_thermal_default,op1_emissions,145,145,0,0,None
0,area_thermal_default,op2_emissions,145,145,0,0,None
0,area_thermal_default,op3_emissions,145,145,0,0,None
0,area_thermal_default,op4_emissions,145,145,0,0,None
0,area_thermal_default,op5_emissions,145,145,0,0,None
0,area_thermal_default,cluster_availability,145,145,0,0,None
0,area_thermal_default,up_margin,145,145,0,0,None
0,area_thermal_default,min_gen_power,145,145,0,0,None
0,area_thermal_default,down_margin,145,145,0,0,None
0,area_thermal_default,profit,145,145,0,0,None
0,area_node,imbalance_cost,146,146,0,0,None
0,area_node,is_significant_loss_of_load,146,146,0,0,None
0,area_node,is_loss_of_load,146,146,0,0,None
0,area_load,actual_load,146,146,0,3896,None
0,area_node,price,146,146,0,0.3000000034269025,None
0,area_node,balance_port.price,146,146,0,0.3000000034269025,None
0,area_node,is_near_loss_of_load,146,146,0,0,None
0,area_load,balance_port.flow,146,146,0,-3896,None
0,area_wind,generation_power,146,146,0,552,None
0,area_wind,minus_generation,146,146,0,-552,None
0,area_wind,balance_port.flow,146,146,0,552,None
0,area_solar,generation_power,146,146,0,0,None
0,area_solar,minus_generation,146,146,0,-0,None
0,area_solar,balance_port.flow,146,146,0,0,None
0,area_run_of_river,generation_power,146,146,0,0,None
0,area_run_of_river,minus_generation,146,146,0,-0,None
0,area_run_of_river,balance_port.flow,146,146,0,0,None
0,area_combined_heat_power,generation_power,146,146,0,0,None
0,area_combined_heat_power,minus_generation,146,146,0,-0,None
0,area_combined_heat_power,balance_port.flow,146,146,0,0,None
0,area_biomass,generation_power,146,146,0,0,None
0,area_biomass,minus_generation,146,146,0,-0,None
0,area_biomass,balance_port.flow,146,146,0,0,None
0,area_biogas,generation_power,146,146,0,0,None
0,area_biogas,minus_generation,146,146,0,-0,None
0,area_biogas,balance_port.flow,146,146,0,0,None
0,area_waste,generation_power,146,146,0,0,None
0,area_waste,minus_generation,146,146,0,-0,None
0,area_waste,balance_port.flow,146,146,0,0,None
0,area_geothermal,generation_power,146,146,0,0,None
0,area_geothermal,minus_generation,146,146,0,-0,None
0,area_geothermal,balance_port.flow,146,146,0,0,None
0,area_other,generation_power,146,146,0,0,None
0,area_other,minus_generation,146,146,0,-0,None
0,area_other,balance_port.flow,146,146,0,0,None
0,area_pumped_storage_power,generation_power,146,146,0,0,None
0,area_pumped_storage_power,minus_generation,146,146,0,-0,None
0,area_pumped_storage_power,balance_port.flow,146,146,0,0,None
0,area_rest_world,generation_power,146,146,0,0,None
0,area_rest_world,minus_generation,146,146,0,-0,None
0,area_rest_world,balance_port.flow,146,146,0,0,None
0,area_thermal_default,prop_cost,146,146,0,0,None
0,area_thermal_default,balance_port.flow,146,146,0,0,None
0,area_thermal_default,co2_emissions,146,146,0,0,None
0,area_thermal_default,nh3_emissions,146,146,0,0,None
0,area_thermal_default,so2_emissions,146,146,0,0,None
0,area_thermal_default,nox_emissions,146,146,0,0,None
0,area_thermal_default,pm2_5_emissions,146,146,0,0,None
0,area_thermal_default,pm5_emissions,146,146,0,0,None
0,area_thermal_default,pm10_emissions,146,146,0,0,None
0,area_thermal_default,nmvoc_emissions,146,146,0,0,None
0,area_thermal_default,op1_emissions,146,146,0,0,None
0,area_thermal_default,op2_emissions,146,146,0,0,None
0,area_thermal_default,op3_emissions,146,146,0,0,None
0,area_thermal_default,op4_emissions,146,146,0,0,None
0,area_thermal_default,op5_emissions,146,146,0,0,None
0,area_thermal_default,cluster_availability,146,146,0,0,None
0,area_thermal_default,up_margin,146,146,0,0,None
0,area_thermal_default,min_gen_power,146,146,0,0,None
0,area_thermal_default,down_margin,146,146,0,0,None
0,area_thermal_default,profit,146,146,0,0,None
0,area_node,imbalance_cost,147,147,0,0,None
0,area_node,is_significant_loss_of_load,147,147,0,0,None
0,area_node,is_loss_of_load,147,147,0,0,None
0,area_load,actual_load,147,147,0,3687,None
0,area_node,price,147,147,0,0.30000000864704995,None
0,area_node,balance_port.price,147,147,0,0.30000000864704995,None
0,area_node,is_near_loss_of_load,147,147,0,0,None
0,area_load,balance_port.flow,147,147,0,-3687,None
0,area_wind,generation_power,147,147,0,779,None
0,area_wind,minus_generation,147,147,0,-779,None
0,area_wind,balance_port.flow,147,147,0,779,None
0,area_solar,generation_power,147,147,0,0,None
0,area_solar,minus_generation,147,147,0,-0,None
0,area_solar,balance_port.flow,147,147,0,0,None
0,area_run_of_river,generation_power,147,147,0,0,None
0,area_run_of_river,minus_generation,147,147,0,-0,None
0,area_run_of_river,balance_port.flow,147,147,0,0,None
0,area_combined_heat_power,generation_power,147,147,0,0,None
0,area_combined_heat_power,minus_generation,147,147,0,-0,None
0,area_combined_heat_power,balance_port.flow,147,147,0,0,None
0,area_biomass,generation_power,147,147,0,0,None
0,area_biomass,minus_generation,147,147,0,-0,None
0,area_biomass,balance_port.flow,147,147,0,0,None
0,area_biogas,generation_power,147,147,0,0,None
0,area_biogas,minus_generation,147,147,0,-0,None
0,area_biogas,balance_port.flow,147,147,0,0,None
0,area_waste,generation_power,147,147,0,0,None
0,area_waste,minus_generation,147,147,0,-0,None
0,area_waste,balance_port.flow,147,147,0,0,None
0,area_geothermal,generation_power,147,147,0,0,None
0,area_geothermal,minus_generation,147,147,0,-0,None
0,area_geothermal,balance_port.flow,147,147,0,0,None
0,area_other,generation_power,147,147,0,0,None
0,area_other,minus_generation,147,147,0,-0,None
0,area_other,balance_port.flow,147,147,0,0,None
0,area_pumped_storage_power,generation_power,147,147,0,0,None
0,area_pumped_storage_power,minus_generation,147,147,0,-0,None
0,area_pumped_storage_power,balance_port.flow,147,147,0,0,None
0,area_rest_world,generation_power,147,147,0,0,None
0,area_rest_world,minus_generation,147,147,0,-0,None
0,area_rest_world,balance_port.flow,147,147,0,0,None
0,area_thermal_default,prop_cost,147,147,0,0,None
0,area_thermal_default,balance_port.flow,147,147,0,0,None
0,area_thermal_default,co2_emissions,147,147,0,0,None
0,area_thermal_default,nh3_emissions,147,147,0,0,None
0,area_thermal_default,so2_emissions,147,147,0,0,None
0,area_thermal_default,nox_emissions,147,147,0,0,None
0,area_thermal_default,pm2_5_emissions,147,147,0,0,None
0,area_thermal_default,pm5_emissions,147,147,0,0,None
0,area_thermal_default,pm10_emissions,147,147,0,0,None
0,area_thermal_default,nmvoc_emissions,147,147,0,0,None
0,area_thermal_default,op1_emissions,147,147,0,0,None
0,area_thermal_default,op2_emissions,147,147,0,0,None
0,area_thermal_default,op3_emissions,147,147,0,0,None
0,area_thermal_default,op4_emissions,147,147,0,0,None
0,area_thermal_default,op5_emissions,147,147,0,0,None
0,area_thermal_default,cluster_availability,147,147,0,0,None
0,area_thermal_default,up_margin,147,147,0,0,None
0,area_thermal_default,min_gen_power,147,147,0,0,None
0,area_thermal_default,down_margin,147,147,0,0,None
0,area_thermal_default,profit,147,147,0,0,None
0,area_node,imbalance_cost,148,148,0,0,None
0,area_node,is_significant_loss_of_load,148,148,0,0,None
0,area_node,is_loss_of_load,148,148,0,0,None
0,area_load,actual_load,148,148,0,3651,None
0,area_node,price,148,148,0,0.2999999942906451,None
0,area_node,balance_port.price,148,148,0,0.2999999942906451,None
0,area_node,is_near_loss_of_load,148,148,0,0,None
0,area_load,balance_port.flow,148,148,0,-3651,None
0,area_wind,generation_power,148,148,0,939,None
0,area_wind,minus_generation,148,148,0,-939,None
0,area_wind,balance_port.flow,148,148,0,939,None
0,area_solar,generation_power,148,148,0,0,None
0,area_solar,minus_generation,148,148,0,-0,None
0,area_solar,balance_port.flow,148,148,0,0,None
0,area_run_of_river,generation_power,148,148,0,0,None
0,area_run_of_river,minus_generation,148,148,0,-0,None
0,area_run_of_river,balance_port.flow,148,148,0,0,None
0,area_combined_heat_power,generation_power,148,148,0,0,None
0,area_combined_heat_power,minus_generation,148,148,0,-0,None
0,area_combined_heat_power,balance_port.flow,148,148,0,0,None
0,area_biomass,generation_power,148,148,0,0,None
0,area_biomass,minus_generation,148,148,0,-0,None
0,area_biomass,balance_port.flow,148,148,0,0,None
0,area_biogas,generation_power,148,148,0,0,None
0,area_biogas,minus_generation,148,148,0,-0,None
0,area_biogas,balance_port.flow,148,148,0,0,None
0,area_waste,generation_power,148,148,0,0,None
0,area_waste,minus_generation,148,148,0,-0,None
0,area_waste,balance_port.flow,148,148,0,0,None
0,area_geothermal,generation_power,148,148,0,0,None
0,area_geothermal,minus_generation,148,148,0,-0,None
0,area_geothermal,balance_port.flow,148,148,0,0,None
0,area_other,generation_power,148,148,0,0,None
0,area_other,minus_generation,148,148,0,-0,None
0,area_other,balance_port.flow,148,148,0,0,None
0,area_pumped_storage_power,generation_power,148,148,0,0,None
0,area_pumped_storage_power,minus_generation,148,148,0,-0,None
0,area_pumped_storage_power,balance_port.flow,148,148,0,0,None
0,area_rest_world,generation_power,148,148,0,0,None
0,area_rest_world,minus_generation,148,148,0,-0,None
0,area_rest_world,balance_port.flow,148,148,0,0,None
0,area_thermal_default,prop_cost,148,148,0,0,None
0,area_thermal_default,balance_port.flow,148,148,0,0,None
0,area_thermal_default,co2_emissions,148,148,0,0,None
0,area_thermal_default,nh3_emissions,148,148,0,0,None
0,area_thermal_default,so2_emissions,148,148,0,0,None
0,area_thermal_default,nox_emissions,148,148,0,0,None
0,area_thermal_default,pm2_5_emissions,148,148,0,0,None
0,area_thermal_default,pm5_emissions,148,148,0,0,None
0,area_thermal_default,pm10_emissions,148,148,0,0,None
0,area_thermal_default,nmvoc_emissions,148,148,0,0,None
0,area_thermal_default,op1_emissions,148,148,0,0,None
0,area_thermal_default,op2_emissions,148,148,0,0,None
0,area_thermal_default,op3_emissions,148,148,0,0,None
0,area_thermal_default,op4_emissions,148,148,0,0,None
0,area_thermal_default,op5_emissions,148,148,0,0,None
0,area_thermal_default,cluster_availability,148,148,0,0,None
0,area_thermal_default,up_margin,148,148,0,0,None
0,area_thermal_default,min_gen_power,148,148,0,0,None
0,area_thermal_default,down_margin,148,148,0,0,None
0,area_thermal_default,profit,148,148,0,0,None
0,area_node,imbalance_cost,149,149,0,0,None
0,area_node,is_significant_loss_of_load,149,149,0,0,None
0,area_node,is_loss_of_load,149,149,0,0,None
0,area_load,actual_load,149,149,0,3651,None
0,area_node,price,149,149,0,0.3000000057043645,None
0,area_node,balance_port.price,149,149,0,0.3000000057043645,None
0,area_node,is_near_loss_of_load,149,149,0,0,None
0,area_load,balance_port.flow,149,149,0,-3651,None
0,area_wind,generation_power,149,149,0,1024,None
0,area_wind,minus_generation,149,149,0,-1024,None
0,area_wind,balance_port.flow,149,149,0,1024,None
0,area_solar,generation_power,149,149,0,0,None
0,area_solar,minus_generation,149,149,0,-0,None
0,area_solar,balance_port.flow,149,149,0,0,None
0,area_run_of_river,generation_power,149,149,0,0,None
0,area_run_of_river,minus_generation,149,149,0,-0,None
0,area_run_of_river,balance_port.flow,149,149,0,0,None
0,area_combined_heat_power,generation_power,149,149,0,0,None
0,area_combined_heat_power,minus_generation,149,149,0,-0,None
0,area_combined_heat_power,balance_port.flow,149,149,0,0,None
0,area_biomass,generation_power,149,149,0,0,None
0,area_biomass,minus_generation,149,149,0,-0,None
0,area_biomass,balance_port.flow,149,149,0,0,None
0,area_biogas,generation_power,149,149,0,0,None
0,area_biogas,minus_generation,149,149,0,-0,None
0,area_biogas,balance_port.flow,149,149,0,0,None
0,area_waste,generation_power,149,149,0,0,None
0,area_waste,minus_generation,149,149,0,-0,None
0,area_waste,balance_port.flow,149,149,0,0,None
0,area_geothermal,generation_power,149,149,0,0,None
0,area_geothermal,minus_generation,149,149,0,-0,None
0,area_geothermal,balance_port.flow,149,149,0,0,None
0,area_other,generation_power,149,149,0,0,None
0,area_other,minus_generation,149,149,0,-0,None
0,area_other,balance_port.flow,149,149,0,0,None
0,area_pumped_storage_power,generation_power,149,149,0,0,None
0,area_pumped_storage_power,minus_generation,149,149,0,-0,None
0,area_pumped_storage_power,balance_port.flow,149,149,0,0,None
0,area_rest_world,generation_power,149,149,0,0,None
0,area_rest_world,minus_generation,149,149,0,-0,None
0,area_rest_world,balance_port.flow,149,149,0,0,None
0,area_thermal_default,prop_cost,149,149,0,0,None
0,area_thermal_default,balance_port.flow,149,149,0,0,None
0,area_thermal_default,co2_emissions,149,149,0,0,None
0,area_thermal_default,nh3_emissions,149,149,0,0,None
0,area_thermal_default,so2_emissions,149,149,0,0,None
0,area_thermal_default,nox_emissions,149,149,0,0,None
0,area_thermal_default,pm2_5_emissions,149,149,0,0,None
0,area_thermal_default,pm5_emissions,149,149,0,0,None
0,area_thermal_default,pm10_emissions,149,149,0,0,None
0,area_thermal_default,nmvoc_emissions,149,149,0,0,None
0,area_thermal_default,op1_emissions,149,149,0,0,None
0,area_thermal_default,op2_emissions,149,149,0,0,None
0,area_thermal_default,op3_emissions,149,149,0,0,None
0,area_thermal_default,op4_emissions,149,149,0,0,None
0,area_thermal_default,op5_emissions,149,149,0,0,None
0,area_thermal_default,cluster_availability,149,149,0,0,None
0,area_thermal_default,up_margin,149,149,0,0,None
0,area_thermal_default,min_gen_power,149,149,0,0,None
0,area_thermal_default,down_margin,149,149,0,0,None
0,area_thermal_default,profit,149,149,0,0,None
0,area_node,imbalance_cost,150,150,0,0,None
0,area_node,is_significant_loss_of_load,150,150,0,0,None
0,area_node,is_loss_of_load,150,150,0,0,None
0,area_load,actual_load,150,150,0,3838,None
0,area_node,price,150,150,0,0.3000000036804865,None
0,area_node,balance_port.price,150,150,0,0.3000000036804865,None
0,area_node,is_near_loss_of_load,150,150,0,0,None
0,area_load,balance_port.flow,150,150,0,-3838,None
0,area_wind,generation_power,150,150,0,832,None
0,area_wind,minus_generation,150,150,0,-832,None
0,area_wind,balance_port.flow,150,150,0,832,None
0,area_solar,generation_power,150,150,0,0,None
0,area_solar,minus_generation,150,150,0,-0,None
0,area_solar,balance_port.flow,150,150,0,0,None
0,area_run_of_river,generation_power,150,150,0,0,None
0,area_run_of_river,minus_generation,150,150,0,-0,None
0,area_run_of_river,balance_port.flow,150,150,0,0,None
0,area_combined_heat_power,generation_power,150,150,0,0,None
0,area_combined_heat_power,minus_generation,150,150,0,-0,None
0,area_combined_heat_power,balance_port.flow,150,150,0,0,None
0,area_biomass,generation_power,150,150,0,0,None
0,area_biomass,minus_generation,150,150,0,-0,None
0,area_biomass,balance_port.flow,150,150,0,0,None
0,area_biogas,generation_power,150,150,0,0,None
0,area_biogas,minus_generation,150,150,0,-0,None
0,area_biogas,balance_port.flow,150,150,0,0,None
0,area_waste,generation_power,150,150,0,0,None
0,area_waste,minus_generation,150,150,0,-0,None
0,area_waste,balance_port.flow,150,150,0,0,None
0,area_geothermal,generation_power,150,150,0,0,None
0,area_geothermal,minus_generation,150,150,0,-0,None
0,area_geothermal,balance_port.flow,150,150,0,0,None
0,area_other,generation_power,150,150,0,0,None
0,area_other,minus_generation,150,150,0,-0,None
0,area_other,balance_port.flow,150,150,0,0,None
0,area_pumped_storage_power,generation_power,150,150,0,0,None
0,area_pumped_storage_power,minus_generation,150,150,0,-0,None
0,area_pumped_storage_power,balance_port.flow,150,150,0,0,None
0,area_rest_world,generation_power,150,150,0,0,None
0,area_rest_world,minus_generation,150,150,0,-0,None
0,area_rest_world,balance_port.flow,150,150,0,0,None
0,area_thermal_default,prop_cost,150,150,0,0,None
0,area_thermal_default,balance_port.flow,150,150,0,0,None
0,area_thermal_default,co2_emissions,150,150,0,0,None
0,area_thermal_default,nh3_emissions,150,150,0,0,None
0,area_thermal_default,so2_emissions,150,150,0,0,None
0,area_thermal_default,nox_emissions,150,150,0,0,None
0,area_thermal_default,pm2_5_emissions,150,150,0,0,None
0,area_thermal_default,pm5_emissions,150,150,0,0,None
0,area_thermal_default,pm10_emissions,150,150,0,0,None
0,area_thermal_default,nmvoc_emissions,150,150,0,0,None
0,area_thermal_default,op1_emissions,150,150,0,0,None
0,area_thermal_default,op2_emissions,150,150,0,0,None
0,area_thermal_default,op3_emissions,150,150,0,0,None
0,area_thermal_default,op4_emissions,150,150,0,0,None
0,area_thermal_default,op5_emissions,150,150,0,0,None
0,area_thermal_default,cluster_availability,150,150,0,0,None
0,area_thermal_default,up_margin,150,150,0,0,None
0,area_thermal_default,min_gen_power,150,150,0,0,None
0,area_thermal_default,down_margin,150,150,0,0,None
0,area_thermal_default,profit,150,150,0,0,None
0,area_node,imbalance_cost,151,151,0,0,None
0,area_node,is_significant_loss_of_load,151,151,0,0,None
0,area_node,is_loss_of_load,151,151,0,0,None
0,area_load,actual_load,151,151,0,4011,None
0,area_node,price,151,151,0,0.299999998432912,None
0,area_node,balance_port.price,151,151,0,0.299999998432912,None
0,area_node,is_near_loss_of_load,151,151,0,0,None
0,area_load,balance_port.flow,151,151,0,-4011,None
0,area_wind,generation_power,151,151,0,962,None
0,area_wind,minus_generation,151,151,0,-962,None
0,area_wind,balance_port.flow,151,151,0,962,None
0,area_solar,generation_power,151,151,0,0,None
0,area_solar,minus_generation,151,151,0,-0,None
0,area_solar,balance_port.flow,151,151,0,0,None
0,area_run_of_river,generation_power,151,151,0,0,None
0,area_run_of_river,minus_generation,151,151,0,-0,None
0,area_run_of_river,balance_port.flow,151,151,0,0,None
0,area_combined_heat_power,generation_power,151,151,0,0,None
0,area_combined_heat_power,minus_generation,151,151,0,-0,None
0,area_combined_heat_power,balance_port.flow,151,151,0,0,None
0,area_biomass,generation_power,151,151,0,0,None
0,area_biomass,minus_generation,151,151,0,-0,None
0,area_biomass,balance_port.flow,151,151,0,0,None
0,area_biogas,generation_power,151,151,0,0,None
0,area_biogas,minus_generation,151,151,0,-0,None
0,area_biogas,balance_port.flow,151,151,0,0,None
0,area_waste,generation_power,151,151,0,0,None
0,area_waste,minus_generation,151,151,0,-0,None
0,area_waste,balance_port.flow,151,151,0,0,None
0,area_geothermal,generation_power,151,151,0,0,None
0,area_geothermal,minus_generation,151,151,0,-0,None
0,area_geothermal,balance_port.flow,151,151,0,0,None
0,area_other,generation_power,151,151,0,0,None
0,area_other,minus_generation,151,151,0,-0,None
0,area_other,balance_port.flow,151,151,0,0,None
0,area_pumped_storage_power,generation_power,151,151,0,0,None
0,area_pumped_storage_power,minus_generation,151,151,0,-0,None
0,area_pumped_storage_power,balance_port.flow,151,151,0,0,None
0,area_rest_world,generation_power,151,151,0,0,None
0,area_rest_world,minus_generation,151,151,0,-0,None
0,area_rest_world,balance_port.flow,151,151,0,0,None
0,area_thermal_default,prop_cost,151,151,0,0,None
0,area_thermal_default,balance_port.flow,151,151,0,0,None
0,area_thermal_default,co2_emissions,151,151,0,0,None
0,area_thermal_default,nh3_emissions,151,151,0,0,None
0,area_thermal_default,so2_emissions,151,151,0,0,None
0,area_thermal_default,nox_emissions,151,151,0,0,None
0,area_thermal_default,pm2_5_emissions,151,151,0,0,None
0,area_thermal_default,pm5_emissions,151,151,0,0,None
0,area_thermal_default,pm10_emissions,151,151,0,0,None
0,area_thermal_default,nmvoc_emissions,151,151,0,0,None
0,area_thermal_default,op1_emissions,151,151,0,0,None
0,area_thermal_default,op2_emissions,151,151,0,0,None
0,area_thermal_default,op3_emissions,151,151,0,0,None
0,area_thermal_default,op4_emissions,151,151,0,0,None
0,area_thermal_default,op5_emissions,151,151,0,0,None
0,area_thermal_default,cluster_availability,151,151,0,0,None
0,area_thermal_default,up_margin,151,151,0,0,None
0,area_thermal_default,min_gen_power,151,151,0,0,None
0,area_thermal_default,down_margin,151,151,0,0,None
0,area_thermal_default,profit,151,151,0,0,None
0,area_node,imbalance_cost,152,152,0,0,None
0,area_node,is_significant_loss_of_load,152,152,0,0,None
0,area_node,is_loss_of_load,152,152,0,0,None
0,area_load,actual_load,152,152,0,4207,None
0,area_node,price,152,152,0,0.29999999826130325,None
0,area_node,balance_port.price,152,152,0,0.29999999826130325,None
0,area_node,is_near_loss_of_load,152,152,0,0,None
0,area_load,balance_port.flow,152,152,0,-4207,None
0,area_wind,generation_power,152,152,0,1096,None
0,area_wind,minus_generation,152,152,0,-1096,None
0,area_wind,balance_port.flow,152,152,0,1096,None
0,area_solar,generation_power,152,152,0,0,None
0,area_solar,minus_generation,152,152,0,-0,None
0,area_solar,balance_port.flow,152,152,0,0,None
0,area_run_of_river,generation_power,152,152,0,0,None
0,area_run_of_river,minus_generation,152,152,0,-0,None
0,area_run_of_river,balance_port.flow,152,152,0,0,None
0,area_combined_heat_power,generation_power,152,152,0,0,None
0,area_combined_heat_power,minus_generation,152,152,0,-0,None
0,area_combined_heat_power,balance_port.flow,152,152,0,0,None
0,area_biomass,generation_power,152,152,0,0,None
0,area_biomass,minus_generation,152,152,0,-0,None
0,area_biomass,balance_port.flow,152,152,0,0,None
0,area_biogas,generation_power,152,152,0,0,None
0,area_biogas,minus_generation,152,152,0,-0,None
0,area_biogas,balance_port.flow,152,152,0,0,None
0,area_waste,generation_power,152,152,0,0,None
0,area_waste,minus_generation,152,152,0,-0,None
0,area_waste,balance_port.flow,152,152,0,0,None
0,area_geothermal,generation_power,152,152,0,0,None
0,area_geothermal,minus_generation,152,152,0,-0,None
0,area_geothermal,balance_port.flow,152,152,0,0,None
0,area_other,generation_power,152,152,0,0,None
0,area_other,minus_generation,152,152,0,-0,None
0,area_other,balance_port.flow,152,152,0,0,None
0,area_pumped_storage_power,generation_power,152,152,0,0,None
0,area_pumped_storage_power,minus_generation,152,152,0,-0,None
0,area_pumped_storage_power,balance_port.flow,152,152,0,0,None
0,area_rest_world,generation_power,152,152,0,0,None
0,area_rest_world,minus_generation,152,152,0,-0,None
0,area_rest_world,balance_port.flow,152,152,0,0,None
0,area_thermal_default,prop_cost,152,152,0,0,None
0,area_thermal_default,balance_port.flow,152,152,0,0,None
0,area_thermal_default,co2_emissions,152,152,0,0,None
0,area_thermal_default,nh3_emissions,152,152,0,0,None
0,area_thermal_default,so2_emissions,152,152,0,0,None
0,area_thermal_default,nox_emissions,152,152,0,0,None
0,area_thermal_default,pm2_5_emissions,152,152,0,0,None
0,area_thermal_default,pm5_emissions,152,152,0,0,None
0,area_thermal_default,pm10_emissions,152,152,0,0,None
0,area_thermal_default,nmvoc_emissions,152,152,0,0,None
0,area_thermal_default,op1_emissions,152,152,0,0,None
0,area_thermal_default,op2_emissions,152,152,0,0,None
0,area_thermal_default,op3_emissions,152,152,0,0,None
0,area_thermal_default,op4_emissions,152,152,0,0,None
0,area_thermal_default,op5_emissions,152,152,0,0,None
0,area_thermal_default,cluster_availability,152,152,0,0,None
0,area_thermal_default,up_margin,152,152,0,0,None
0,area_thermal_default,min_gen_power,152,152,0,0,None
0,area_thermal_default,down_margin,152,152,0,0,None
0,area_thermal_default,profit,152,152,0,0,None
0,area_node,imbalance_cost,153,153,0,0,None
0,area_node,is_significant_loss_of_load,153,153,0,0,None
0,area_node,is_loss_of_load,153,153,0,0,None
0,area_load,actual_load,153,153,0,4575,None
0,area_node,price,153,153,0,0.30000000060465865,None
0,area_node,balance_port.price,153,153,0,0.30000000060465865,None
0,area_node,is_near_loss_of_load,153,153,0,0,None
0,area_load,balance_port.flow,153,153,0,-4575,None
0,area_wind,generation_power,153,153,0,1219,None
0,area_wind,minus_generation,153,153,0,-1219,None
0,area_wind,balance_port.flow,153,153,0,1219,None
0,area_solar,generation_power,153,153,0,0,None
0,area_solar,minus_generation,153,153,0,-0,None
0,area_solar,balance_port.flow,153,153,0,0,None
0,area_run_of_river,generation_power,153,153,0,0,None
0,area_run_of_river,minus_generation,153,153,0,-0,None
0,area_run_of_river,balance_port.flow,153,153,0,0,None
0,area_combined_heat_power,generation_power,153,153,0,0,None
0,area_combined_heat_power,minus_generation,153,153,0,-0,None
0,area_combined_heat_power,balance_port.flow,153,153,0,0,None
0,area_biomass,generation_power,153,153,0,0,None
0,area_biomass,minus_generation,153,153,0,-0,None
0,area_biomass,balance_port.flow,153,153,0,0,None
0,area_biogas,generation_power,153,153,0,0,None
0,area_biogas,minus_generation,153,153,0,-0,None
0,area_biogas,balance_port.flow,153,153,0,0,None
0,area_waste,generation_power,153,153,0,0,None
0,area_waste,minus_generation,153,153,0,-0,None
0,area_waste,balance_port.flow,153,153,0,0,None
0,area_geothermal,generation_power,153,153,0,0,None
0,area_geothermal,minus_generation,153,153,0,-0,None
0,area_geothermal,balance_port.flow,153,153,0,0,None
0,area_other,generation_power,153,153,0,0,None
0,area_other,minus_generation,153,153,0,-0,None
0,area_other,balance_port.flow,153,153,0,0,None
0,area_pumped_storage_power,generation_power,153,153,0,0,None
0,area_pumped_storage_power,minus_generation,153,153,0,-0,None
0,area_pumped_storage_power,balance_port.flow,153,153,0,0,None
0,area_rest_world,generation_power,153,153,0,0,None
0,area_rest_world,minus_generation,153,153,0,-0,None
0,area_rest_world,balance_port.flow,153,153,0,0,None
0,area_thermal_default,prop_cost,153,153,0,0,None
0,area_thermal_default,balance_port.flow,153,153,0,0,None
0,area_thermal_default,co2_emissions,153,153,0,0,None
0,area_thermal_default,nh3_emissions,153,153,0,0,None
0,area_thermal_default,so2_emissions,153,153,0,0,None
0,area_thermal_default,nox_emissions,153,153,0,0,None
0,area_thermal_default,pm2_5_emissions,153,153,0,0,None
0,area_thermal_default,pm5_emissions,153,153,0,0,None
0,area_thermal_default,pm10_emissions,153,153,0,0,None
0,area_thermal_default,nmvoc_emissions,153,153,0,0,None
0,area_thermal_default,op1_emissions,153,153,0,0,None
0,area_thermal_default,op2_emissions,153,153,0,0,None
0,area_thermal_default,op3_emissions,153,153,0,0,None
0,area_thermal_default,op4_emissions,153,153,0,0,None
0,area_thermal_default,op5_emissions,153,153,0,0,None
0,area_thermal_default,cluster_availability,153,153,0,0,None
0,area_thermal_default,up_margin,153,153,0,0,None
0,area_thermal_default,min_gen_power,153,153,0,0,None
0,area_thermal_default,down_margin,153,153,0,0,None
0,area_thermal_default,profit,153,153,0,0,None
0,area_node,imbalance_cost,154,154,0,0,None
0,area_node,is_significant_loss_of_load,154,154,0,0,None
0,area_node,is_loss_of_load,154,154,0,0,None
0,area_load,actual_load,154,154,0,4755,None
0,area_node,price,154,154,0,0.29999999873817323,None
0,area_node,balance_port.price,154,154,0,0.29999999873817323,None
0,area_node,is_near_loss_of_load,154,154,0,0,None
0,area_load,balance_port.flow,154,154,0,-4755,None
0,area_wind,generation_power,154,154,0,1118,None
0,area_wind,minus_generation,154,154,0,-1118,None
0,area_wind,balance_port.flow,154,154,0,1118,None
0,area_solar,generation_power,154,154,0,0,None
0,area_solar,minus_generation,154,154,0,-0,None
0,area_solar,balance_port.flow,154,154,0,0,None
0,area_run_of_river,generation_power,154,154,0,0,None
0,area_run_of_river,minus_generation,154,154,0,-0,None
0,area_run_of_river,balance_port.flow,154,154,0,0,None
0,area_combined_heat_power,generation_power,154,154,0,0,None
0,area_combined_heat_power,minus_generation,154,154,0,-0,None
0,area_combined_heat_power,balance_port.flow,154,154,0,0,None
0,area_biomass,generation_power,154,154,0,0,None
0,area_biomass,minus_generation,154,154,0,-0,None
0,area_biomass,balance_port.flow,154,154,0,0,None
0,area_biogas,generation_power,154,154,0,0,None
0,area_biogas,minus_generation,154,154,0,-0,None
0,area_biogas,balance_port.flow,154,154,0,0,None
0,area_waste,generation_power,154,154,0,0,None
0,area_waste,minus_generation,154,154,0,-0,None
0,area_waste,balance_port.flow,154,154,0,0,None
0,area_geothermal,generation_power,154,154,0,0,None
0,area_geothermal,minus_generation,154,154,0,-0,None
0,area_geothermal,balance_port.flow,154,154,0,0,None
0,area_other,generation_power,154,154,0,0,None
0,area_other,minus_generation,154,154,0,-0,None
0,area_other,balance_port.flow,154,154,0,0,None
0,area_pumped_storage_power,generation_power,154,154,0,0,None
0,area_pumped_storage_power,minus_generation,154,154,0,-0,None
0,area_pumped_storage_power,balance_port.flow,154,154,0,0,None
0,area_rest_world,generation_power,154,154,0,0,None
0,area_rest_world,minus_generation,154,154,0,-0,None
0,area_rest_world,balance_port.flow,154,154,0,0,None
0,area_thermal_default,prop_cost,154,154,0,0,None
0,area_thermal_default,balance_port.flow,154,154,0,0,None
0,area_thermal_default,co2_emissions,154,154,0,0,None
0,area_thermal_default,nh3_emissions,154,154,0,0,None
0,area_thermal_default,so2_emissions,154,154,0,0,None
0,area_thermal_default,nox_emissions,154,154,0,0,None
0,area_thermal_default,pm2_5_emissions,154,154,0,0,None
0,area_thermal_default,pm5_emissions,154,154,0,0,None
0,area_thermal_default,pm10_emissions,154,154,0,0,None
0,area_thermal_default,nmvoc_emissions,154,154,0,0,None
0,area_thermal_default,op1_emissions,154,154,0,0,None
0,area_thermal_default,op2_emissions,154,154,0,0,None
0,area_thermal_default,op3_emissions,154,154,0,0,None
0,area_thermal_default,op4_emissions,154,154,0,0,None
0,area_thermal_default,op5_emissions,154,154,0,0,None
0,area_thermal_default,cluster_availability,154,154,0,0,None
0,area_thermal_default,up_margin,154,154,0,0,None
0,area_thermal_default,min_gen_power,154,154,0,0,None
0,area_thermal_default,down_margin,154,154,0,0,None
0,area_thermal_default,profit,154,154,0,0,None
0,area_node,imbalance_cost,155,155,0,0,None
0,area_node,is_significant_loss_of_load,155,155,0,0,None
0,area_node,is_loss_of_load,155,155,0,0,None
0,area_load,actual_load,155,155,0,4877,None
0,area_node,price,155,155,0,0.30000000642700797,None
0,area_node,balance_port.price,155,155,0,0.30000000642700797,None
0,area_node,is_near_loss_of_load,155,155,0,0,None
0,area_load,balance_port.flow,155,155,0,-4877,None
0,area_wind,generation_power,155,155,0,1023,None
0,area_wind,minus_generation,155,155,0,-1023,None
0,area_wind,balance_port.flow,155,155,0,1023,None
0,area_solar,generation_power,155,155,0,0,None
0,area_solar,minus_generation,155,155,0,-0,None
0,area_solar,balance_port.flow,155,155,0,0,None
0,area_run_of_river,generation_power,155,155,0,0,None
0,area_run_of_river,minus_generation,155,155,0,-0,None
0,area_run_of_river,balance_port.flow,155,155,0,0,None
0,area_combined_heat_power,generation_power,155,155,0,0,None
0,area_combined_heat_power,minus_generation,155,155,0,-0,None
0,area_combined_heat_power,balance_port.flow,155,155,0,0,None
0,area_biomass,generation_power,155,155,0,0,None
0,area_biomass,minus_generation,155,155,0,-0,None
0,area_biomass,balance_port.flow,155,155,0,0,None
0,area_biogas,generation_power,155,155,0,0,None
0,area_biogas,minus_generation,155,155,0,-0,None
0,area_biogas,balance_port.flow,155,155,0,0,None
0,area_waste,generation_power,155,155,0,0,None
0,area_waste,minus_generation,155,155,0,-0,None
0,area_waste,balance_port.flow,155,155,0,0,None
0,area_geothermal,generation_power,155,155,0,0,None
0,area_geothermal,minus_generation,155,155,0,-0,None
0,area_geothermal,balance_port.flow,155,155,0,0,None
0,area_other,generation_power,155,155,0,0,None
0,area_other,minus_generation,155,155,0,-0,None
0,area_other,balance_port.flow,155,155,0,0,None
0,area_pumped_storage_power,generation_power,155,155,0,0,None
0,area_pumped_storage_power,minus_generation,155,155,0,-0,None
0,area_pumped_storage_power,balance_port.flow,155,155,0,0,None
0,area_rest_world,generation_power,155,155,0,0,None
0,area_rest_world,minus_generation,155,155,0,-0,None
0,area_rest_world,balance_port.flow,155,155,0,0,None
0,area_thermal_default,prop_cost,155,155,0,0,None
0,area_thermal_default,balance_port.flow,155,155,0,0,None
0,area_thermal_default,co2_emissions,155,155,0,0,None
0,area_thermal_default,nh3_emissions,155,155,0,0,None
0,area_thermal_default,so2_emissions,155,155,0,0,None
0,area_thermal_default,nox_emissions,155,155,0,0,None
0,area_thermal_default,pm2_5_emissions,155,155,0,0,None
0,area_thermal_default,pm5_emissions,155,155,0,0,None
0,area_thermal_default,pm10_emissions,155,155,0,0,None
0,area_thermal_default,nmvoc_emissions,155,155,0,0,None
0,area_thermal_default,op1_emissions,155,155,0,0,None
0,area_thermal_default,op2_emissions,155,155,0,0,None
0,area_thermal_default,op3_emissions,155,155,0,0,None
0,area_thermal_default,op4_emissions,155,155,0,0,None
0,area_thermal_default,op5_emissions,155,155,0,0,None
0,area_thermal_default,cluster_availability,155,155,0,0,None
0,area_thermal_default,up_margin,155,155,0,0,None
0,area_thermal_default,min_gen_power,155,155,0,0,None
0,area_thermal_default,down_margin,155,155,0,0,None
0,area_thermal_default,profit,155,155,0,0,None
0,area_node,imbalance_cost,156,156,0,0,None
0,area_node,is_significant_loss_of_load,156,156,0,0,None
0,area_node,is_loss_of_load,156,156,0,0,None
0,area_load,actual_load,156,156,0,4963,None
0,area_node,price,156,156,0,0.299999998757222,None
0,area_node,balance_port.price,156,156,0,0.299999998757222,None
0,area_node,is_near_loss_of_load,156,156,0,0,None
0,area_load,balance_port.flow,156,156,0,-4963,None
0,area_wind,generation_power,156,156,0,649,None
0,area_wind,minus_generation,156,156,0,-649,None
0,area_wind,balance_port.flow,156,156,0,649,None
0,area_solar,generation_power,156,156,0,0,None
0,area_solar,minus_generation,156,156,0,-0,None
0,area_solar,balance_port.flow,156,156,0,0,None
0,area_run_of_river,generation_power,156,156,0,0,None
0,area_run_of_river,minus_generation,156,156,0,-0,None
0,area_run_of_river,balance_port.flow,156,156,0,0,None
0,area_combined_heat_power,generation_power,156,156,0,0,None
0,area_combined_heat_power,minus_generation,156,156,0,-0,None
0,area_combined_heat_power,balance_port.flow,156,156,0,0,None
0,area_biomass,generation_power,156,156,0,0,None
0,area_biomass,minus_generation,156,156,0,-0,None
0,area_biomass,balance_port.flow,156,156,0,0,None
0,area_biogas,generation_power,156,156,0,0,None
0,area_biogas,minus_generation,156,156,0,-0,None
0,area_biogas,balance_port.flow,156,156,0,0,None
0,area_waste,generation_power,156,156,0,0,None
0,area_waste,minus_generation,156,156,0,-0,None
0,area_waste,balance_port.flow,156,156,0,0,None
0,area_geothermal,generation_power,156,156,0,0,None
0,area_geothermal,minus_generation,156,156,0,-0,None
0,area_geothermal,balance_port.flow,156,156,0,0,None
0,area_other,generation_power,156,156,0,0,None
0,area_other,minus_generation,156,156,0,-0,None
0,area_other,balance_port.flow,156,156,0,0,None
0,area_pumped_storage_power,generation_power,156,156,0,0,None
0,area_pumped_storage_power,minus_generation,156,156,0,-0,None
0,area_pumped_storage_power,balance_port.flow,156,156,0,0,None
0,area_rest_world,generation_power,156,156,0,0,None
0,area_rest_world,minus_generation,156,156,0,-0,None
0,area_rest_world,balance_port.flow,156,156,0,0,None
0,area_thermal_default,prop_cost,156,156,0,0,None
0,area_thermal_default,balance_port.flow,156,156,0,0,None
0,area_thermal_default,co2_emissions,156,156,0,0,None
0,area_thermal_default,nh3_emissions,156,156,0,0,None
0,area_thermal_default,so2_emissions,156,156,0,0,None
0,area_thermal_default,nox_emissions,156,156,0,0,None
0,area_thermal_default,pm2_5_emissions,156,156,0,0,None
0,area_thermal_default,pm5_emissions,156,156,0,0,None
0,area_thermal_default,pm10_emissions,156,156,0,0,None
0,area_thermal_default,nmvoc_emissions,156,156,0,0,None
0,area_thermal_default,op1_emissions,156,156,0,0,None
0,area_thermal_default,op2_emissions,156,156,0,0,None
0,area_thermal_default,op3_emissions,156,156,0,0,None
0,area_thermal_default,op4_emissions,156,156,0,0,None
0,area_thermal_default,op5_emissions,156,156,0,0,None
0,area_thermal_default,cluster_availability,156,156,0,0,None
0,area_thermal_default,up_margin,156,156,0,0,None
0,area_thermal_default,min_gen_power,156,156,0,0,None
0,area_thermal_default,down_margin,156,156,0,0,None
0,area_thermal_default,profit,156,156,0,0,None
0,area_node,imbalance_cost,157,157,0,0,None
0,area_node,is_significant_loss_of_load,157,157,0,0,None
0,area_node,is_loss_of_load,157,157,0,0,None
0,area_load,actual_load,157,157,0,4705,None
0,area_node,price,157,157,0,0.30000000205387223,None
0,area_node,balance_port.price,157,157,0,0.30000000205387223,None
0,area_node,is_near_loss_of_load,157,157,0,0,None
0,area_load,balance_port.flow,157,157,0,-4705,None
0,area_wind,generation_power,157,157,0,485,None
0,area_wind,minus_generation,157,157,0,-485,None
0,area_wind,balance_port.flow,157,157,0,485,None
0,area_solar,generation_power,157,157,0,0,None
0,area_solar,minus_generation,157,157,0,-0,None
0,area_solar,balance_port.flow,157,157,0,0,None
0,area_run_of_river,generation_power,157,157,0,0,None
0,area_run_of_river,minus_generation,157,157,0,-0,None
0,area_run_of_river,balance_port.flow,157,157,0,0,None
0,area_combined_heat_power,generation_power,157,157,0,0,None
0,area_combined_heat_power,minus_generation,157,157,0,-0,None
0,area_combined_heat_power,balance_port.flow,157,157,0,0,None
0,area_biomass,generation_power,157,157,0,0,None
0,area_biomass,minus_generation,157,157,0,-0,None
0,area_biomass,balance_port.flow,157,157,0,0,None
0,area_biogas,generation_power,157,157,0,0,None
0,area_biogas,minus_generation,157,157,0,-0,None
0,area_biogas,balance_port.flow,157,157,0,0,None
0,area_waste,generation_power,157,157,0,0,None
0,area_waste,minus_generation,157,157,0,-0,None
0,area_waste,balance_port.flow,157,157,0,0,None
0,area_geothermal,generation_power,157,157,0,0,None
0,area_geothermal,minus_generation,157,157,0,-0,None
0,area_geothermal,balance_port.flow,157,157,0,0,None
0,area_other,generation_power,157,157,0,0,None
0,area_other,minus_generation,157,157,0,-0,None
0,area_other,balance_port.flow,157,157,0,0,None
0,area_pumped_storage_power,generation_power,157,157,0,0,None
0,area_pumped_storage_power,minus_generation,157,157,0,-0,None
0,area_pumped_storage_power,balance_port.flow,157,157,0,0,None
0,area_rest_world,generation_power,157,157,0,0,None
0,area_rest_world,minus_generation,157,157,0,-0,None
0,area_rest_world,balance_port.flow,157,157,0,0,None
0,area_thermal_default,prop_cost,157,157,0,0,None
0,area_thermal_default,balance_port.flow,157,157,0,0,None
0,area_thermal_default,co2_emissions,157,157,0,0,None
0,area_thermal_default,nh3_emissions,157,157,0,0,None
0,area_thermal_default,so2_emissions,157,157,0,0,None
0,area_thermal_default,nox_emissions,157,157,0,0,None
0,area_thermal_default,pm2_5_emissions,157,157,0,0,None
0,area_thermal_default,pm5_emissions,157,157,0,0,None
0,area_thermal_default,pm10_emissions,157,157,0,0,None
0,area_thermal_default,nmvoc_emissions,157,157,0,0,None
0,area_thermal_default,op1_emissions,157,157,0,0,None
0,area_thermal_default,op2_emissions,157,157,0,0,None
0,area_thermal_default,op3_emissions,157,157,0,0,None
0,area_thermal_default,op4_emissions,157,157,0,0,None
0,area_thermal_default,op5_emissions,157,157,0,0,None
0,area_thermal_default,cluster_availability,157,157,0,0,None
0,area_thermal_default,up_margin,157,157,0,0,None
0,area_thermal_default,min_gen_power,157,157,0,0,None
0,area_thermal_default,down_margin,157,157,0,0,None
0,area_thermal_default,profit,157,157,0,0,None
0,area_node,imbalance_cost,158,158,0,0,None
0,area_node,is_significant_loss_of_load,158,158,0,0,None
0,area_node,is_loss_of_load,158,158,0,0,None
0,area_load,actual_load,158,158,0,4550,None
0,area_node,price,158,158,0,0.30000000889541173,None
0,area_node,balance_port.price,158,158,0,0.30000000889541173,None
0,area_node,is_near_loss_of_load,158,158,0,0,None
0,area_load,balance_port.flow,158,158,0,-4550,None
0,area_wind,generation_power,158,158,0,314,None
0,area_wind,minus_generation,158,158,0,-314,None
0,area_wind,balance_port.flow,158,158,0,314,None
0,area_solar,generation_power,158,158,0,0,None
0,area_solar,minus_generation,158,158,0,-0,None
0,area_solar,balance_port.flow,158,158,0,0,None
0,area_run_of_river,generation_power,158,158,0,0,None
0,area_run_of_river,minus_generation,158,158,0,-0,None
0,area_run_of_river,balance_port.flow,158,158,0,0,None
0,area_combined_heat_power,generation_power,158,158,0,0,None
0,area_combined_heat_power,minus_generation,158,158,0,-0,None
0,area_combined_heat_power,balance_port.flow,158,158,0,0,None
0,area_biomass,generation_power,158,158,0,0,None
0,area_biomass,minus_generation,158,158,0,-0,None
0,area_biomass,balance_port.flow,158,158,0,0,None
0,area_biogas,generation_power,158,158,0,0,None
0,area_biogas,minus_generation,158,158,0,-0,None
0,area_biogas,balance_port.flow,158,158,0,0,None
0,area_waste,generation_power,158,158,0,0,None
0,area_waste,minus_generation,158,158,0,-0,None
0,area_waste,balance_port.flow,158,158,0,0,None
0,area_geothermal,generation_power,158,158,0,0,None
0,area_geothermal,minus_generation,158,158,0,-0,None
0,area_geothermal,balance_port.flow,158,158,0,0,None
0,area_other,generation_power,158,158,0,0,None
0,area_other,minus_generation,158,158,0,-0,None
0,area_other,balance_port.flow,158,158,0,0,None
0,area_pumped_storage_power,generation_power,158,158,0,0,None
0,area_pumped_storage_power,minus_generation,158,158,0,-0,None
0,area_pumped_storage_power,balance_port.flow,158,158,0,0,None
0,area_rest_world,generation_power,158,158,0,0,None
0,area_rest_world,minus_generation,158,158,0,-0,None
0,area_rest_world,balance_port.flow,158,158,0,0,None
0,area_thermal_default,prop_cost,158,158,0,0,None
0,area_thermal_default,balance_port.flow,158,158,0,0,None
0,area_thermal_default,co2_emissions,158,158,0,0,None
0,area_thermal_default,nh3_emissions,158,158,0,0,None
0,area_thermal_default,so2_emissions,158,158,0,0,None
0,area_thermal_default,nox_emissions,158,158,0,0,None
0,area_thermal_default,pm2_5_emissions,158,158,0,0,None
0,area_thermal_default,pm5_emissions,158,158,0,0,None
0,area_thermal_default,pm10_emissions,158,158,0,0,None
0,area_thermal_default,nmvoc_emissions,158,158,0,0,None
0,area_thermal_default,op1_emissions,158,158,0,0,None
0,area_thermal_default,op2_emissions,158,158,0,0,None
0,area_thermal_default,op3_emissions,158,158,0,0,None
0,area_thermal_default,op4_emissions,158,158,0,0,None
0,area_thermal_default,op5_emissions,158,158,0,0,None
0,area_thermal_default,cluster_availability,158,158,0,0,None
0,area_thermal_default,up_margin,158,158,0,0,None
0,area_thermal_default,min_gen_power,158,158,0,0,None
0,area_thermal_default,down_margin,158,158,0,0,None
0,area_thermal_default,profit,158,158,0,0,None
0,area_node,imbalance_cost,159,159,0,0,None
0,area_node,is_significant_loss_of_load,159,159,0,0,None
0,area_node,is_loss_of_load,159,159,0,0,None
0,area_load,actual_load,159,159,0,4526,None
0,area_node,price,159,159,0,0.29999999845275493,None
0,area_node,balance_port.price,159,159,0,0.29999999845275493,None
0,area_node,is_near_loss_of_load,159,159,0,0,None
0,area_load,balance_port.flow,159,159,0,-4526,None
0,area_wind,generation_power,159,159,0,255,None
0,area_wind,minus_generation,159,159,0,-255,None
0,area_wind,balance_port.flow,159,159,0,255,None
0,area_solar,generation_power,159,159,0,0,None
0,area_solar,minus_generation,159,159,0,-0,None
0,area_solar,balance_port.flow,159,159,0,0,None
0,area_run_of_river,generation_power,159,159,0,0,None
0,area_run_of_river,minus_generation,159,159,0,-0,None
0,area_run_of_river,balance_port.flow,159,159,0,0,None
0,area_combined_heat_power,generation_power,159,159,0,0,None
0,area_combined_heat_power,minus_generation,159,159,0,-0,None
0,area_combined_heat_power,balance_port.flow,159,159,0,0,None
0,area_biomass,generation_power,159,159,0,0,None
0,area_biomass,minus_generation,159,159,0,-0,None
0,area_biomass,balance_port.flow,159,159,0,0,None
0,area_biogas,generation_power,159,159,0,0,None
0,area_biogas,minus_generation,159,159,0,-0,None
0,area_biogas,balance_port.flow,159,159,0,0,None
0,area_waste,generation_power,159,159,0,0,None
0,area_waste,minus_generation,159,159,0,-0,None
0,area_waste,balance_port.flow,159,159,0,0,None
0,area_geothermal,generation_power,159,159,0,0,None
0,area_geothermal,minus_generation,159,159,0,-0,None
0,area_geothermal,balance_port.flow,159,159,0,0,None
0,area_other,generation_power,159,159,0,0,None
0,area_other,minus_generation,159,159,0,-0,None
0,area_other,balance_port.flow,159,159,0,0,None
0,area_pumped_storage_power,generation_power,159,159,0,0,None
0,area_pumped_storage_power,minus_generation,159,159,0,-0,None
0,area_pumped_storage_power,balance_port.flow,159,159,0,0,None
0,area_rest_world,generation_power,159,159,0,0,None
0,area_rest_world,minus_generation,159,159,0,-0,None
0,area_rest_world,balance_port.flow,159,159,0,0,None
0,area_thermal_default,prop_cost,159,159,0,0,None
0,area_thermal_default,balance_port.flow,159,159,0,0,None
0,area_thermal_default,co2_emissions,159,159,0,0,None
0,area_thermal_default,nh3_emissions,159,159,0,0,None
0,area_thermal_default,so2_emissions,159,159,0,0,None
0,area_thermal_default,nox_emissions,159,159,0,0,None
0,area_thermal_default,pm2_5_emissions,159,159,0,0,None
0,area_thermal_default,pm5_emissions,159,159,0,0,None
0,area_thermal_default,pm10_emissions,159,159,0,0,None
0,area_thermal_default,nmvoc_emissions,159,159,0,0,None
0,area_thermal_default,op1_emissions,159,159,0,0,None
0,area_thermal_default,op2_emissions,159,159,0,0,None
0,area_thermal_default,op3_emissions,159,159,0,0,None
0,area_thermal_default,op4_emissions,159,159,0,0,None
0,area_thermal_default,op5_emissions,159,159,0,0,None
0,area_thermal_default,cluster_availability,159,159,0,0,None
0,area_thermal_default,up_margin,159,159,0,0,None
0,area_thermal_default,min_gen_power,159,159,0,0,None
0,area_thermal_default,down_margin,159,159,0,0,None
0,area_thermal_default,profit,159,159,0,0,None
0,area_node,imbalance_cost,160,160,0,0,None
0,area_node,is_significant_loss_of_load,160,160,0,0,None
0,area_node,is_loss_of_load,160,160,0,0,None
0,area_load,actual_load,160,160,0,4408,None
0,area_node,price,160,160,0,0.29999999426417495,None
0,area_node,balance_port.price,160,160,0,0.29999999426417495,None
0,area_node,is_near_loss_of_load,160,160,0,0,None
0,area_load,balance_port.flow,160,160,0,-4408,None
0,area_wind,generation_power,160,160,0,257,None
0,area_wind,minus_generation,160,160,0,-257,None
0,area_wind,balance_port.flow,160,160,0,257,None
0,area_solar,generation_power,160,160,0,0,None
0,area_solar,minus_generation,160,160,0,-0,None
0,area_solar,balance_port.flow,160,160,0,0,None
0,area_run_of_river,generation_power,160,160,0,0,None
0,area_run_of_river,minus_generation,160,160,0,-0,None
0,area_run_of_river,balance_port.flow,160,160,0,0,None
0,area_combined_heat_power,generation_power,160,160,0,0,None
0,area_combined_heat_power,minus_generation,160,160,0,-0,None
0,area_combined_heat_power,balance_port.flow,160,160,0,0,None
0,area_biomass,generation_power,160,160,0,0,None
0,area_biomass,minus_generation,160,160,0,-0,None
0,area_biomass,balance_port.flow,160,160,0,0,None
0,area_biogas,generation_power,160,160,0,0,None
0,area_biogas,minus_generation,160,160,0,-0,None
0,area_biogas,balance_port.flow,160,160,0,0,None
0,area_waste,generation_power,160,160,0,0,None
0,area_waste,minus_generation,160,160,0,-0,None
0,area_waste,balance_port.flow,160,160,0,0,None
0,area_geothermal,generation_power,160,160,0,0,None
0,area_geothermal,minus_generation,160,160,0,-0,None
0,area_geothermal,balance_port.flow,160,160,0,0,None
0,area_other,generation_power,160,160,0,0,None
0,area_other,minus_generation,160,160,0,-0,None
0,area_other,balance_port.flow,160,160,0,0,None
0,area_pumped_storage_power,generation_power,160,160,0,0,None
0,area_pumped_storage_power,minus_generation,160,160,0,-0,None
0,area_pumped_storage_power,balance_port.flow,160,160,0,0,None
0,area_rest_world,generation_power,160,160,0,0,None
0,area_rest_world,minus_generation,160,160,0,-0,None
0,area_rest_world,balance_port.flow,160,160,0,0,None
0,area_thermal_default,prop_cost,160,160,0,0,None
0,area_thermal_default,balance_port.flow,160,160,0,0,None
0,area_thermal_default,co2_emissions,160,160,0,0,None
0,area_thermal_default,nh3_emissions,160,160,0,0,None
0,area_thermal_default,so2_emissions,160,160,0,0,None
0,area_thermal_default,nox_emissions,160,160,0,0,None
0,area_thermal_default,pm2_5_emissions,160,160,0,0,None
0,area_thermal_default,pm5_emissions,160,160,0,0,None
0,area_thermal_default,pm10_emissions,160,160,0,0,None
0,area_thermal_default,nmvoc_emissions,160,160,0,0,None
0,area_thermal_default,op1_emissions,160,160,0,0,None
0,area_thermal_default,op2_emissions,160,160,0,0,None
0,area_thermal_default,op3_emissions,160,160,0,0,None
0,area_thermal_default,op4_emissions,160,160,0,0,None
0,area_thermal_default,op5_emissions,160,160,0,0,None
0,area_thermal_default,cluster_availability,160,160,0,0,None
0,area_thermal_default,up_margin,160,160,0,0,None
0,area_thermal_default,min_gen_power,160,160,0,0,None
0,area_thermal_default,down_margin,160,160,0,0,None
0,area_thermal_default,profit,160,160,0,0,None
0,area_node,imbalance_cost,161,161,0,0,None
0,area_node,is_significant_loss_of_load,161,161,0,0,None
0,area_node,is_loss_of_load,161,161,0,0,None
0,area_load,actual_load,161,161,0,4804,None
0,area_node,price,161,161,0,0.30000000892652956,None
0,area_node,balance_port.price,161,161,0,0.30000000892652956,None
0,area_node,is_near_loss_of_load,161,161,0,0,None
0,area_load,balance_port.flow,161,161,0,-4804,None
0,area_wind,generation_power,161,161,0,238,None
0,area_wind,minus_generation,161,161,0,-238,None
0,area_wind,balance_port.flow,161,161,0,238,None
0,area_solar,generation_power,161,161,0,0,None
0,area_solar,minus_generation,161,161,0,-0,None
0,area_solar,balance_port.flow,161,161,0,0,None
0,area_run_of_river,generation_power,161,161,0,0,None
0,area_run_of_river,minus_generation,161,161,0,-0,None
0,area_run_of_river,balance_port.flow,161,161,0,0,None
0,area_combined_heat_power,generation_power,161,161,0,0,None
0,area_combined_heat_power,minus_generation,161,161,0,-0,None
0,area_combined_heat_power,balance_port.flow,161,161,0,0,None
0,area_biomass,generation_power,161,161,0,0,None
0,area_biomass,minus_generation,161,161,0,-0,None
0,area_biomass,balance_port.flow,161,161,0,0,None
0,area_biogas,generation_power,161,161,0,0,None
0,area_biogas,minus_generation,161,161,0,-0,None
0,area_biogas,balance_port.flow,161,161,0,0,None
0,area_waste,generation_power,161,161,0,0,None
0,area_waste,minus_generation,161,161,0,-0,None
0,area_waste,balance_port.flow,161,161,0,0,None
0,area_geothermal,generation_power,161,161,0,0,None
0,area_geothermal,minus_generation,161,161,0,-0,None
0,area_geothermal,balance_port.flow,161,161,0,0,None
0,area_other,generation_power,161,161,0,0,None
0,area_other,minus_generation,161,161,0,-0,None
0,area_other,balance_port.flow,161,161,0,0,None
0,area_pumped_storage_power,generation_power,161,161,0,0,None
0,area_pumped_storage_power,minus_generation,161,161,0,-0,None
0,area_pumped_storage_power,balance_port.flow,161,161,0,0,None
0,area_rest_world,generation_power,161,161,0,0,None
0,area_rest_world,minus_generation,161,161,0,-0,None
0,area_rest_world,balance_port.flow,161,161,0,0,None
0,area_thermal_default,prop_cost,161,161,0,0,None
0,area_thermal_default,balance_port.flow,161,161,0,0,None
0,area_thermal_default,co2_emissions,161,161,0,0,None
0,area_thermal_default,nh3_emissions,161,161,0,0,None
0,area_thermal_default,so2_emissions,161,161,0,0,None
0,area_thermal_default,nox_emissions,161,161,0,0,None
0,area_thermal_default,pm2_5_emissions,161,161,0,0,None
0,area_thermal_default,pm5_emissions,161,161,0,0,None
0,area_thermal_default,pm10_emissions,161,161,0,0,None
0,area_thermal_default,nmvoc_emissions,161,161,0,0,None
0,area_thermal_default,op1_emissions,161,161,0,0,None
0,area_thermal_default,op2_emissions,161,161,0,0,None
0,area_thermal_default,op3_emissions,161,161,0,0,None
0,area_thermal_default,op4_emissions,161,161,0,0,None
0,area_thermal_default,op5_emissions,161,161,0,0,None
0,area_thermal_default,cluster_availability,161,161,0,0,None
0,area_thermal_default,up_margin,161,161,0,0,None
0,area_thermal_default,min_gen_power,161,161,0,0,None
0,area_thermal_default,down_margin,161,161,0,0,None
0,area_thermal_default,profit,161,161,0,0,None
0,area_node,imbalance_cost,162,162,0,0,None
0,area_node,is_significant_loss_of_load,162,162,0,0,None
0,area_node,is_loss_of_load,162,162,0,0,None
0,area_load,actual_load,162,162,0,5180,None
0,area_node,price,162,162,0,0.30000000186955683,None
0,area_node,balance_port.price,162,162,0,0.30000000186955683,None
0,area_node,is_near_loss_of_load,162,162,0,0,None
0,area_load,balance_port.flow,162,162,0,-5180,None
0,area_wind,generation_power,162,162,0,220,None
0,area_wind,minus_generation,162,162,0,-220,None
0,area_wind,balance_port.flow,162,162,0,220,None
0,area_solar,generation_power,162,162,0,0,None
0,area_solar,minus_generation,162,162,0,-0,None
0,area_solar,balance_port.flow,162,162,0,0,None
0,area_run_of_river,generation_power,162,162,0,0,None
0,area_run_of_river,minus_generation,162,162,0,-0,None
0,area_run_of_river,balance_port.flow,162,162,0,0,None
0,area_combined_heat_power,generation_power,162,162,0,0,None
0,area_combined_heat_power,minus_generation,162,162,0,-0,None
0,area_combined_heat_power,balance_port.flow,162,162,0,0,None
0,area_biomass,generation_power,162,162,0,0,None
0,area_biomass,minus_generation,162,162,0,-0,None
0,area_biomass,balance_port.flow,162,162,0,0,None
0,area_biogas,generation_power,162,162,0,0,None
0,area_biogas,minus_generation,162,162,0,-0,None
0,area_biogas,balance_port.flow,162,162,0,0,None
0,area_waste,generation_power,162,162,0,0,None
0,area_waste,minus_generation,162,162,0,-0,None
0,area_waste,balance_port.flow,162,162,0,0,None
0,area_geothermal,generation_power,162,162,0,0,None
0,area_geothermal,minus_generation,162,162,0,-0,None
0,area_geothermal,balance_port.flow,162,162,0,0,None
0,area_other,generation_power,162,162,0,0,None
0,area_other,minus_generation,162,162,0,-0,None
0,area_other,balance_port.flow,162,162,0,0,None
0,area_pumped_storage_power,generation_power,162,162,0,0,None
0,area_pumped_storage_power,minus_generation,162,162,0,-0,None
0,area_pumped_storage_power,balance_port.flow,162,162,0,0,None
0,area_rest_world,generation_power,162,162,0,0,None
0,area_rest_world,minus_generation,162,162,0,-0,None
0,area_rest_world,balance_port.flow,162,162,0,0,None
0,area_thermal_default,prop_cost,162,162,0,0,None
0,area_thermal_default,balance_port.flow,162,162,0,0,None
0,area_thermal_default,co2_emissions,162,162,0,0,None
0,area_thermal_default,nh3_emissions,162,162,0,0,None
0,area_thermal_default,so2_emissions,162,162,0,0,None
0,area_thermal_default,nox_emissions,162,162,0,0,None
0,area_thermal_default,pm2_5_emissions,162,162,0,0,None
0,area_thermal_default,pm5_emissions,162,162,0,0,None
0,area_thermal_default,pm10_emissions,162,162,0,0,None
0,area_thermal_default,nmvoc_emissions,162,162,0,0,None
0,area_thermal_default,op1_emissions,162,162,0,0,None
0,area_thermal_default,op2_emissions,162,162,0,0,None
0,area_thermal_default,op3_emissions,162,162,0,0,None
0,area_thermal_default,op4_emissions,162,162,0,0,None
0,area_thermal_default,op5_emissions,162,162,0,0,None
0,area_thermal_default,cluster_availability,162,162,0,0,None
0,area_thermal_default,up_margin,162,162,0,0,None
0,area_thermal_default,min_gen_power,162,162,0,0,None
0,area_thermal_default,down_margin,162,162,0,0,None
0,area_thermal_default,profit,162,162,0,0,None
0,area_node,imbalance_cost,163,163,0,0,None
0,area_node,is_significant_loss_of_load,163,163,0,0,None
0,area_node,is_loss_of_load,163,163,0,0,None
0,area_load,actual_load,163,163,0,5142,None
0,area_node,price,163,163,0,0.30000000864761456,None
0,area_node,balance_port.price,163,163,0,0.30000000864761456,None
0,area_node,is_near_loss_of_load,163,163,0,0,None
0,area_load,balance_port.flow,163,163,0,-5142,None
0,area_wind,generation_power,163,163,0,177,None
0,area_wind,minus_generation,163,163,0,-177,None
0,area_wind,balance_port.flow,163,163,0,177,None
0,area_solar,generation_power,163,163,0,0,None
0,area_solar,minus_generation,163,163,0,-0,None
0,area_solar,balance_port.flow,163,163,0,0,None
0,area_run_of_river,generation_power,163,163,0,0,None
0,area_run_of_river,minus_generation,163,163,0,-0,None
0,area_run_of_river,balance_port.flow,163,163,0,0,None
0,area_combined_heat_power,generation_power,163,163,0,0,None
0,area_combined_heat_power,minus_generation,163,163,0,-0,None
0,area_combined_heat_power,balance_port.flow,163,163,0,0,None
0,area_biomass,generation_power,163,163,0,0,None
0,area_biomass,minus_generation,163,163,0,-0,None
0,area_biomass,balance_port.flow,163,163,0,0,None
0,area_biogas,generation_power,163,163,0,0,None
0,area_biogas,minus_generation,163,163,0,-0,None
0,area_biogas,balance_port.flow,163,163,0,0,None
0,area_waste,generation_power,163,163,0,0,None
0,area_waste,minus_generation,163,163,0,-0,None
0,area_waste,balance_port.flow,163,163,0,0,None
0,area_geothermal,generation_power,163,163,0,0,None
0,area_geothermal,minus_generation,163,163,0,-0,None
0,area_geothermal,balance_port.flow,163,163,0,0,None
0,area_other,generation_power,163,163,0,0,None
0,area_other,minus_generation,163,163,0,-0,None
0,area_other,balance_port.flow,163,163,0,0,None
0,area_pumped_storage_power,generation_power,163,163,0,0,None
0,area_pumped_storage_power,minus_generation,163,163,0,-0,None
0,area_pumped_storage_power,balance_port.flow,163,163,0,0,None
0,area_rest_world,generation_power,163,163,0,0,None
0,area_rest_world,minus_generation,163,163,0,-0,None
0,area_rest_world,balance_port.flow,163,163,0,0,None
0,area_thermal_default,prop_cost,163,163,0,0,None
0,area_thermal_default,balance_port.flow,163,163,0,0,None
0,area_thermal_default,co2_emissions,163,163,0,0,None
0,area_thermal_default,nh3_emissions,163,163,0,0,None
0,area_thermal_default,so2_emissions,163,163,0,0,None
0,area_thermal_default,nox_emissions,163,163,0,0,None
0,area_thermal_default,pm2_5_emissions,163,163,0,0,None
0,area_thermal_default,pm5_emissions,163,163,0,0,None
0,area_thermal_default,pm10_emissions,163,163,0,0,None
0,area_thermal_default,nmvoc_emissions,163,163,0,0,None
0,area_thermal_default,op1_emissions,163,163,0,0,None
0,area_thermal_default,op2_emissions,163,163,0,0,None
0,area_thermal_default,op3_emissions,163,163,0,0,None
0,area_thermal_default,op4_emissions,163,163,0,0,None
0,area_thermal_default,op5_emissions,163,163,0,0,None
0,area_thermal_default,cluster_availability,163,163,0,0,None
0,area_thermal_default,up_margin,163,163,0,0,None
0,area_thermal_default,min_gen_power,163,163,0,0,None
0,area_thermal_default,down_margin,163,163,0,0,None
0,area_thermal_default,profit,163,163,0,0,None
0,area_node,imbalance_cost,164,164,0,0,None
0,area_node,is_significant_loss_of_load,164,164,0,0,None
0,area_node,is_loss_of_load,164,164,0,0,None
0,area_load,actual_load,164,164,0,5032,None
0,area_node,price,164,164,0,0.29999999506830655,None
0,area_node,balance_port.price,164,164,0,0.29999999506830655,None
0,area_node,is_near_loss_of_load,164,164,0,0,None
0,area_load,balance_port.flow,164,164,0,-5032,None
0,area_wind,generation_power,164,164,0,249,None
0,area_wind,minus_generation,164,164,0,-249,None
0,area_wind,balance_port.flow,164,164,0,249,None
0,area_solar,generation_power,164,164,0,0,None
0,area_solar,minus_generation,164,164,0,-0,None
0,area_solar,balance_port.flow,164,164,0,0,None
0,area_run_of_river,generation_power,164,164,0,0,None
0,area_run_of_river,minus_generation,164,164,0,-0,None
0,area_run_of_river,balance_port.flow,164,164,0,0,None
0,area_combined_heat_power,generation_power,164,164,0,0,None
0,area_combined_heat_power,minus_generation,164,164,0,-0,None
0,area_combined_heat_power,balance_port.flow,164,164,0,0,None
0,area_biomass,generation_power,164,164,0,0,None
0,area_biomass,minus_generation,164,164,0,-0,None
0,area_biomass,balance_port.flow,164,164,0,0,None
0,area_biogas,generation_power,164,164,0,0,None
0,area_biogas,minus_generation,164,164,0,-0,None
0,area_biogas,balance_port.flow,164,164,0,0,None
0,area_waste,generation_power,164,164,0,0,None
0,area_waste,minus_generation,164,164,0,-0,None
0,area_waste,balance_port.flow,164,164,0,0,None
0,area_geothermal,generation_power,164,164,0,0,None
0,area_geothermal,minus_generation,164,164,0,-0,None
0,area_geothermal,balance_port.flow,164,164,0,0,None
0,area_other,generation_power,164,164,0,0,None
0,area_other,minus_generation,164,164,0,-0,None
0,area_other,balance_port.flow,164,164,0,0,None
0,area_pumped_storage_power,generation_power,164,164,0,0,None
0,area_pumped_storage_power,minus_generation,164,164,0,-0,None
0,area_pumped_storage_power,balance_port.flow,164,164,0,0,None
0,area_rest_world,generation_power,164,164,0,0,None
0,area_rest_world,minus_generation,164,164,0,-0,None
0,area_rest_world,balance_port.flow,164,164,0,0,None
0,area_thermal_default,prop_cost,164,164,0,0,None
0,area_thermal_default,balance_port.flow,164,164,0,0,None
0,area_thermal_default,co2_emissions,164,164,0,0,None
0,area_thermal_default,nh3_emissions,164,164,0,0,None
0,area_thermal_default,so2_emissions,164,164,0,0,None
0,area_thermal_default,nox_emissions,164,164,0,0,None
0,area_thermal_default,pm2_5_emissions,164,164,0,0,None
0,area_thermal_default,pm5_emissions,164,164,0,0,None
0,area_thermal_default,pm10_emissions,164,164,0,0,None
0,area_thermal_default,nmvoc_emissions,164,164,0,0,None
0,area_thermal_default,op1_emissions,164,164,0,0,None
0,area_thermal_default,op2_emissions,164,164,0,0,None
0,area_thermal_default,op3_emissions,164,164,0,0,None
0,area_thermal_default,op4_emissions,164,164,0,0,None
0,area_thermal_default,op5_emissions,164,164,0,0,None
0,area_thermal_default,cluster_availability,164,164,0,0,None
0,area_thermal_default,up_margin,164,164,0,0,None
0,area_thermal_default,min_gen_power,164,164,0,0,None
0,area_thermal_default,down_margin,164,164,0,0,None
0,area_thermal_default,profit,164,164,0,0,None
0,area_node,imbalance_cost,165,165,0,0,None
0,area_node,is_significant_loss_of_load,165,165,0,0,None
0,area_node,is_loss_of_load,165,165,0,0,None
0,area_load,actual_load,165,165,0,4817,None
0,area_node,price,165,165,0,0.2999999905702543,None
0,area_node,balance_port.price,165,165,0,0.2999999905702543,None
0,area_node,is_near_loss_of_load,165,165,0,0,None
0,area_load,balance_port.flow,165,165,0,-4817,None
0,area_wind,generation_power,165,165,0,256,None
0,area_wind,minus_generation,165,165,0,-256,None
0,area_wind,balance_port.flow,165,165,0,256,None
0,area_solar,generation_power,165,165,0,0,None
0,area_solar,minus_generation,165,165,0,-0,None
0,area_solar,balance_port.flow,165,165,0,0,None
0,area_run_of_river,generation_power,165,165,0,0,None
0,area_run_of_river,minus_generation,165,165,0,-0,None
0,area_run_of_river,balance_port.flow,165,165,0,0,None
0,area_combined_heat_power,generation_power,165,165,0,0,None
0,area_combined_heat_power,minus_generation,165,165,0,-0,None
0,area_combined_heat_power,balance_port.flow,165,165,0,0,None
0,area_biomass,generation_power,165,165,0,0,None
0,area_biomass,minus_generation,165,165,0,-0,None
0,area_biomass,balance_port.flow,165,165,0,0,None
0,area_biogas,generation_power,165,165,0,0,None
0,area_biogas,minus_generation,165,165,0,-0,None
0,area_biogas,balance_port.flow,165,165,0,0,None
0,area_waste,generation_power,165,165,0,0,None
0,area_waste,minus_generation,165,165,0,-0,None
0,area_waste,balance_port.flow,165,165,0,0,None
0,area_geothermal,generation_power,165,165,0,0,None
0,area_geothermal,minus_generation,165,165,0,-0,None
0,area_geothermal,balance_port.flow,165,165,0,0,None
0,area_other,generation_power,165,165,0,0,None
0,area_other,minus_generation,165,165,0,-0,None
0,area_other,balance_port.flow,165,165,0,0,None
0,area_pumped_storage_power,generation_power,165,165,0,0,None
0,area_pumped_storage_power,minus_generation,165,165,0,-0,None
0,area_pumped_storage_power,balance_port.flow,165,165,0,0,None
0,area_rest_world,generation_power,165,165,0,0,None
0,area_rest_world,minus_generation,165,165,0,-0,None
0,area_rest_world,balance_port.flow,165,165,0,0,None
0,area_thermal_default,prop_cost,165,165,0,0,None
0,area_thermal_default,balance_port.flow,165,165,0,0,None
0,area_thermal_default,co2_emissions,165,165,0,0,None
0,area_thermal_default,nh3_emissions,165,165,0,0,None
0,area_thermal_default,so2_emissions,165,165,0,0,None
0,area_thermal_default,nox_emissions,165,165,0,0,None
0,area_thermal_default,pm2_5_emissions,165,165,0,0,None
0,area_thermal_default,pm5_emissions,165,165,0,0,None
0,area_thermal_default,pm10_emissions,165,165,0,0,None
0,area_thermal_default,nmvoc_emissions,165,165,0,0,None
0,area_thermal_default,op1_emissions,165,165,0,0,None
0,area_thermal_default,op2_emissions,165,165,0,0,None
0,area_thermal_default,op3_emissions,165,165,0,0,None
0,area_thermal_default,op4_emissions,165,165,0,0,None
0,area_thermal_default,op5_emissions,165,165,0,0,None
0,area_thermal_default,cluster_availability,165,165,0,0,None
0,area_thermal_default,up_margin,165,165,0,0,None
0,area_thermal_default,min_gen_power,165,165,0,0,None
0,area_thermal_default,down_margin,165,165,0,0,None
0,area_thermal_default,profit,165,165,0,0,None
0,area_node,imbalance_cost,166,166,0,0,None
0,area_node,is_significant_loss_of_load,166,166,0,0,None
0,area_node,is_loss_of_load,166,166,0,0,None
0,area_load,actual_load,166,166,0,4979,None
0,area_node,price,166,166,0,0.2999999932208801,None
0,area_node,balance_port.price,166,166,0,0.2999999932208801,None
0,area_node,is_near_loss_of_load,166,166,0,0,None
0,area_load,balance_port.flow,166,166,0,-4979,None
0,area_wind,generation_power,166,166,0,433,None
0,area_wind,minus_generation,166,166,0,-433,None
0,area_wind,balance_port.flow,166,166,0,433,None
0,area_solar,generation_power,166,166,0,0,None
0,area_solar,minus_generation,166,166,0,-0,None
0,area_solar,balance_port.flow,166,166,0,0,None
0,area_run_of_river,generation_power,166,166,0,0,None
0,area_run_of_river,minus_generation,166,166,0,-0,None
0,area_run_of_river,balance_port.flow,166,166,0,0,None
0,area_combined_heat_power,generation_power,166,166,0,0,None
0,area_combined_heat_power,minus_generation,166,166,0,-0,None
0,area_combined_heat_power,balance_port.flow,166,166,0,0,None
0,area_biomass,generation_power,166,166,0,0,None
0,area_biomass,minus_generation,166,166,0,-0,None
0,area_biomass,balance_port.flow,166,166,0,0,None
0,area_biogas,generation_power,166,166,0,0,None
0,area_biogas,minus_generation,166,166,0,-0,None
0,area_biogas,balance_port.flow,166,166,0,0,None
0,area_waste,generation_power,166,166,0,0,None
0,area_waste,minus_generation,166,166,0,-0,None
0,area_waste,balance_port.flow,166,166,0,0,None
0,area_geothermal,generation_power,166,166,0,0,None
0,area_geothermal,minus_generation,166,166,0,-0,None
0,area_geothermal,balance_port.flow,166,166,0,0,None
0,area_other,generation_power,166,166,0,0,None
0,area_other,minus_generation,166,166,0,-0,None
0,area_other,balance_port.flow,166,166,0,0,None
0,area_pumped_storage_power,generation_power,166,166,0,0,None
0,area_pumped_storage_power,minus_generation,166,166,0,-0,None
0,area_pumped_storage_power,balance_port.flow,166,166,0,0,None
0,area_rest_world,generation_power,166,166,0,0,None
0,area_rest_world,minus_generation,166,166,0,-0,None
0,area_rest_world,balance_port.flow,166,166,0,0,None
0,area_thermal_default,prop_cost,166,166,0,0,None
0,area_thermal_default,balance_port.flow,166,166,0,0,None
0,area_thermal_default,co2_emissions,166,166,0,0,None
0,area_thermal_default,nh3_emissions,166,166,0,0,None
0,area_thermal_default,so2_emissions,166,166,0,0,None
0,area_thermal_default,nox_emissions,166,166,0,0,None
0,area_thermal_default,pm2_5_emissions,166,166,0,0,None
0,area_thermal_default,pm5_emissions,166,166,0,0,None
0,area_thermal_default,pm10_emissions,166,166,0,0,None
0,area_thermal_default,nmvoc_emissions,166,166,0,0,None
0,area_thermal_default,op1_emissions,166,166,0,0,None
0,area_thermal_default,op2_emissions,166,166,0,0,None
0,area_thermal_default,op3_emissions,166,166,0,0,None
0,area_thermal_default,op4_emissions,166,166,0,0,None
0,area_thermal_default,op5_emissions,166,166,0,0,None
0,area_thermal_default,cluster_availability,166,166,0,0,None
0,area_thermal_default,up_margin,166,166,0,0,None
0,area_thermal_default,min_gen_power,166,166,0,0,None
0,area_thermal_default,down_margin,166,166,0,0,None
0,area_thermal_default,profit,166,166,0,0,None
0,area_node,imbalance_cost,167,167,0,0,None
0,area_node,is_significant_loss_of_load,167,167,0,0,None
0,area_node,is_loss_of_load,167,167,0,0,None
0,area_load,actual_load,167,167,0,4831,None
0,area_node,price,167,167,0,0.30000000839729385,None
0,area_node,balance_port.price,167,167,0,0.30000000839729385,None
0,area_node,is_near_loss_of_load,167,167,0,0,None
0,area_load,balance_port.flow,167,167,0,-4831,None
0,area_wind,generation_power,167,167,0,517,None
0,area_wind,minus_generation,167,167,0,-517,None
0,area_wind,balance_port.flow,167,167,0,517,None
0,area_solar,generation_power,167,167,0,0,None
0,area_solar,minus_generation,167,167,0,-0,None
0,area_solar,balance_port.flow,167,167,0,0,None
0,area_run_of_river,generation_power,167,167,0,0,None
0,area_run_of_river,minus_generation,167,167,0,-0,None
0,area_run_of_river,balance_port.flow,167,167,0,0,None
0,area_combined_heat_power,generation_power,167,167,0,0,None
0,area_combined_heat_power,minus_generation,167,167,0,-0,None
0,area_combined_heat_power,balance_port.flow,167,167,0,0,None
0,area_biomass,generation_power,167,167,0,0,None
0,area_biomass,minus_generation,167,167,0,-0,None
0,area_biomass,balance_port.flow,167,167,0,0,None
0,area_biogas,generation_power,167,167,0,0,None
0,area_biogas,minus_generation,167,167,0,-0,None
0,area_biogas,balance_port.flow,167,167,0,0,None
0,area_waste,generation_power,167,167,0,0,None
0,area_waste,minus_generation,167,167,0,-0,None
0,area_waste,balance_port.flow,167,167,0,0,None
0,area_geothermal,generation_power,167,167,0,0,None
0,area_geothermal,minus_generation,167,167,0,-0,None
0,area_geothermal,balance_port.flow,167,167,0,0,None
0,area_other,generation_power,167,167,0,0,None
0,area_other,minus_generation,167,167,0,-0,None
0,area_other,balance_port.flow,167,167,0,0,None
0,area_pumped_storage_power,generation_power,167,167,0,0,None
0,area_pumped_storage_power,minus_generation,167,167,0,-0,None
0,area_pumped_storage_power,balance_port.flow,167,167,0,0,None
0,area_rest_world,generation_power,167,167,0,0,None
0,area_rest_world,minus_generation,167,167,0,-0,None
0,area_rest_world,balance_port.flow,167,167,0,0,None
0,area_thermal_default,prop_cost,167,167,0,0,None
0,area_thermal_default,balance_port.flow,167,167,0,0,None
0,area_thermal_default,co2_emissions,167,167,0,0,None
0,area_thermal_default,nh3_emissions,167,167,0,0,None
0,area_thermal_default,so2_emissions,167,167,0,0,None
0,area_thermal_default,nox_emissions,167,167,0,0,None
0,area_thermal_default,pm2_5_emissions,167,167,0,0,None
0,area_thermal_default,pm5_emissions,167,167,0,0,None
0,area_thermal_default,pm10_emissions,167,167,0,0,None
0,area_thermal_default,nmvoc_emissions,167,167,0,0,None
0,area_thermal_default,op1_emissions,167,167,0,0,None
0,area_thermal_default,op2_emissions,167,167,0,0,None
0,area_thermal_default,op3_emissions,167,167,0,0,None
0,area_thermal_default,op4_emissions,167,167,0,0,None
0,area_thermal_default,op5_emissions,167,167,0,0,None
0,area_thermal_default,cluster_availability,167,167,0,0,None
0,area_thermal_default,up_margin,167,167,0,0,None
0,area_thermal_default,min_gen_power,167,167,0,0,None
0,area_thermal_default,down_margin,167,167,0,0,None
0,area_thermal_default,profit,167,167,0,0,None
